,CountryCode,Year,NCD_BMI_30A,NCD_DIABETES_PREVALENCE_CRUDE,NCD_GLUC_03,NCD_PAA,SI_POV_DAY1,WHS5_512,WHOSIS_000001,WSH_SANITATION_BASIC,PHE_HHAIR_PROP_POP_POLLUTING_FUELS,GDP_CURRENT_USD
0,WSM,1991,38.792646,9.2207804,9.1,,,,,,88.9,125597205.422315
1,BRN,2006,18.341002,10.593857,7.7,27.775627,,,76.58480393,80.01466,0.0,12644616446.1918
2,NLD,1996,9.8836593,5.759348,4.9,,,,,,0.0,451372549019.608
3,VUT,1996,15.233731,5.7900809,7.5,,,,,,88.1,261370044.486614
4,FRA,2000,11.81226,6.2248792,6.9,38.875439,,,78.91105529,98.66303,0.0,1360959069477.49
5,KWT,1993,30.019465,13.097128,9.8,,,,,,0.0,23941391390.7285
6,BLZ,2000,25.5968,7.9649813,7.2,32.537201,,,70.09513226,82.43799,20.4,1138900000.0
7,NAM,2013,14.267106,7.5527996,5.3,29.873142,,54.0,61.87769769,33.21906,57.2,12043307277.1235
8,ERI,2016,3.3566196,6.4327888,,11.773894,,,62.87736669,11.93997,89.4,
9,HRV,2015,25.097725,11.083687,,22.305254,0.7,,77.60709528,96.07763,0.0,51005200669.6941
10,JOR,1995,26.393545,10.109694,8.0,,,,,,0.5,6727597031.96347
11,SAU,2009,33.127406,17.095852,11.9,55.861736,,,73.90009021,95.24249,0.0,429097866666.667
12,GEO,2002,19.936077,10.921294,9.5,15.92415,10.5,,69.8928645,89.33506,51.4,3395766677.67315
13,GUY,2003,15.940037,11.523671,6.3,27.333784,,,64.68058964,79.62289,0.0,743063950.317749
14,NIC,1994,15.609941,5.2430913,4.9,,,,,,74.4,3863185119.04762
15,HTI,2000,5.4660268,10.471639,4.4,21.784601,,,56.72887807,16.74954,97.4,6813566098.8675
16,TKL,1990,53.490645,21.113354,,,,,,,69.45,
17,IRL,2019,27.298057,8.6496629,,24.045362,,,81.93976292,89.30739,0.0,407124824064.995
18,HND,2007,19.231068,6.8158269,5.8,30.409521,17.2,,70.94703187,71.21226,60.4,12361257680.5627
19,KNA,2001,29.574892,11.168169,9.5,32.451557,,,,87.10492,0.0,458643829.014199
20,ROU,2018,28.959119,13.446663,,32.770191,,,75.12257592,85.69062,0.0,243468683030.34
21,USA,1999,26.560444,8.686728,7.0,,,,,,0.0,9631172000000.0
22,CYP,1992,15.268935,5.8001,5.4,,,,,,0.0,6912150456.32334
23,DZA,2018,21.786548,16.013613,,27.857637,,,76.4358357,86.30309,0.3,194554483655.528
24,USA,2010,35.841832,11.411164,8.5,31.922241,1.0,,78.6069239,99.87054,0.0,15048971000000.0
25,SUR,2014,23.962612,17.211819,11.9,44.00243,,,73.05386141,85.80111,9.0,5240606060.60606
26,STP,2003,8.0426253,6.6816993,4.9,17.777092,,,65.23040933,24.10569,99.6,102085769.123419
27,BRN,2016,26.565963,14.317423,,30.61829,,,76.41822612,92.18101,0.0,11400266055.3232
28,AFR,2001,6.151418,6.0124625,3.8,21.518793,,,53.46919051,25.43434,86.58,
29,COK,1990,47.341052,17.840976,14.0,,,,,,29.7,
30,FJI,2003,23.483229,13.29798,11.5,22.436443,,,66.62544107,88.33728,71.2,2300492465.32276
31,MHL,1998,36.991873,24.072069,14.2,,,,,,95.6,112070100.0
32,BWA,2001,10.424459,5.6788698,4.5,28.500002,,,46.70431922,53.33124,53.5,5489608299.66445
33,OMN,1996,16.036451,11.268012,6.1,,,,,,0.0,17402080624.1873
34,TKM,1998,10.957767,12.114364,5.2,,,,,,1.0,2605689134.49042
35,WB_HI,2000,16.872069,7.9236321,7.3,30.396435,,,77.53178071,,,
36,UZB,2017,25.589213,12.544231,,24.834469,,,70.40271496,95.69356,16.8,69703222282.7278
37,IRL,1996,16.653709,4.7844287,5.6,,,,,,0.0,75790785030.2419
38,CPV,2014,12.028439,7.7041432,6.8,27.443453,,,74.86891105,68.23888,25.7,2041930125.42979
39,SVK,1999,14.896353,5.8689065,6.4,,,,,,0.0,30496272225.1337
40,COM,1994,3.9525263,3.7284814,3.3,,,,,,99.8,319189184.255639
41,SLE,2002,4.1298665,5.7940781,3.6,17.301876,,,51.28114602,8.15826,99.9,1933863910.73227
42,ARG,2013,27.068126,10.036915,10.1,36.087597,0.8,,76.20888199,93.62313,0.4,552025140252.246
43,SAU,2022,40.599075,15.473062,,51.536118,,,,95.34807,0.0,1239075200000.0
44,PRY,2003,19.069082,7.3246151,5.2,24.841278,8.3,,75.00581985,74.17675,51.3,7691367471.17992
45,MNE,1996,10.431947,6.1082907,6.4,,,,,,33.9,
46,CYP,1999,17.686556,6.93748,6.4,,,,,,0.0,10497907227.616
47,GBR,2002,20.457628,6.2745452,6.9,35.964928,,,78.07797235,99.12825,0.0,1785729916067.15
48,JAM,2002,18.605883,9.554252,7.7,28.883869,2.8,,73.03304352,82.92913,22.5,9719009494.84779
49,PAK,2010,11.211558,14.748332,8.9,34.248989,8.3,,64.14819561,49.52441,64.4,196709621849.586
50,SGP,2006,5.9795879,10.38247,8.6,23.982147,,,80.98074622,100.0,0.0,148627286361.351
51,AGO,2012,8.5220776,12.943757,5.3,18.960588,,,59.46233734,43.59147,54.4,128052915766.343
52,VNM,2009,0.63725151,4.501389,4.4,20.823778,,,72.41132963,67.4391,53.95,106014659565.214
53,LBR,2013,10.732324,9.9423744,5.5,20.491453,,,61.38474407,17.47481,99.6,3177198100.0
54,LSO,1996,9.2715636,4.7811273,4.3,,,,,,89.4,946112492.844847
55,LSO,2017,18.181264,5.3342849,,8.4289455,,,51.05416565,44.5813,57.4,2306741672.29006
56,TON,2019,69.06603,21.821351,,30.604177,,,72.94212581,94.52446,16.8,494197853.971842
57,CHE,2007,11.669863,5.1680751,5.3,25.246826,0.0,,81.59797301,99.88108,0.0,490740715594.802
58,IRN,2018,22.659856,13.250707,,43.179626,,,77.69013655,89.69886,3.2,398880231367.268
59,EST,1998,15.81423,5.6354132,8.0,,,,,,0.0,5674080542.88575
60,DZA,2005,15.608558,10.52001,7.6,24.744602,,,74.07853584,85.81226,1.6,107046618669.707
61,AND,2003,14.707641,8.1454985,8.5,34.726311,,,,100.0,0.0,2366941808.94404
62,IDN,2014,6.7850232,7.2584257,7.0,16.983698,7.9,,70.30298584,70.73942,38.1,890814755533.537
63,BEL,1990,12.102687,4.2390592,6.7,,,,,,0.0,205331747947.851
64,GRL,2016,24.654645,6.8822533,,,,,,,,2707139544.46695
65,AND,1999,13.37873,7.1577027,8.4,,,,,,0.0,1240295103.07939
66,CHE,2013,11.801005,5.4011028,5.5,22.322311,0.0,,82.47547076,99.88973,0.0,706234937370.968
67,TKL,1992,54.804367,23.045596,,,,,,,68.8,
68,BTN,2001,3.6259249,9.6597269,7.0,12.265848,,,67.18030943,47.26015,69.7,496110225.710307
69,NRU,2002,66.079575,24.035761,26.4,43.855255,,,,65.56296,0.0,21017423.6082043
70,PRT,1991,11.87014,5.7117119,6.2,,,,,,0.0,89233599278.4792
71,GLOBAL,1995,7.538167,6.7936629,5.4,,,,,,54.095513728,
72,LBR,2010,9.40644,10.25064,5.0,23.14852,,,60.3582726,15.9512,99.6,1998000000.0
73,ATG,2000,18.783778,10.824376,7.1,29.888636,,,74.39228457,,0.0,901003703.703704
74,TUR,2007,27.657998,10.100319,10.4,40.903389,1.4,,76.70654932,91.22864,6.5,681321124295.914
75,GHA,2012,10.238216,5.2264158,4.6,19.230898,12.0,,63.16293767,17.10693,82.5,41271701060.954
76,SRB,2001,14.695451,7.9883926,7.0,48.691456,,,72.28188573,95.51504,41.4,13599378661.9952
77,PER,2006,14.723578,4.4732645,5.8,27.261311,13.3,,78.10561579,68.62632,41.3,88643193061.748
78,HTI,2013,8.5198566,16.495471,6.7,25.234846,,92.0,61.91874198,30.33332,96.2,14902488604.2421
79,TUV,2020,63.097394,13.534212,,25.281424,,,,83.52181,25.0,51746594.3148543
80,LTU,2000,20.087044,8.0859028,8.3,24.207895,,,71.99825868,84.63923,0.0,11550695727.2335
81,GEO,2018,31.733298,11.698015,,22.171453,,,73.81278834,86.63891,13.7,17902544880.6471
82,POL,2021,26.92011,14.265634,,36.182137,,,75.4021086,98.95736,0.0,689170171187.004
83,ZAF,2000,22.809054,11.03447,6.8,49.421108,35.0,,57.11947907,59.54107,43.3,151752757215.309
84,DNK,1999,10.288728,3.8492829,6.0,,,,,,0.0,177887720535.535
85,PYF,2002,38.995057,13.62831,,,,,,,,3965405552.5203
86,KAZ,2009,15.473282,7.9837807,10.0,21.188211,0.2,,68.51597079,97.32708,9.3,115308686941.38
87,CAN,2018,25.574449,8.7980948,,35.06781,,,81.73382897,98.84154,0.0,1725329192783.02
88,STP,2020,15.301241,13.18381,,17.958372,,,71.25244214,46.44358,96.5,471229484.607144
89,GLOBAL,2011,11.829347,10.12752,7.9,26.724773,13.7,,70.93277488,68.19797,41.659134931,
90,MLI,2019,10.006309,5.8311343,,30.569611,,,61.83290988,44.7977,98.9,20477421884.5414
91,GNB,1996,3.0149234,5.1683214,3.2,,,,,,98.3,702965147.568054
92,MLI,2015,8.5115127,5.1721614,,31.864065,,,60.12125985,37.85781,99.0,15583181170.4105
93,COK,2002,55.717331,27.172467,21.1,54.304577,,,,82.21276,18.8,
94,SLV,2018,28.647074,11.383557,,37.483559,,,74.65055232,86.51366,10.1,26020850000.0
95,PAN,2005,20.867297,6.4709872,6.9,40.249882,10.0,,76.45196957,67.42794,0.0,16623906700.0
96,BGR,1990,11.595149,6.7988604,7.0,,,,,,,20632090909.0909
97,BRA,1992,9.2648998,5.295217,4.9,,,,,,20.5,328191909882.232
98,YEM,2012,9.1545396,10.117746,7.2,24.850252,,,68.26819831,50.519,41.3,35401331609.4516
99,ROU,2001,12.194241,4.3080263,6.5,19.36277,,,71.21463166,74.44028,0.0,40395116581.4832
100,URY,2019,30.674666,15.835223,,32.982941,,,77.01365627,97.7678,0.0,62222313618.8454
101,BRA,1993,9.5920049,5.4226704,5.0,,,,,,18.8,368292034380.96
102,PNG,2013,17.107564,17.706376,11.3,13.832394,,67.0,65.47647701,18.76937,91.5,21261338064.8783
103,SOM,2014,10.406199,6.6923149,4.8,18.526941,,,53.08816189,33.01001,98.2,5728399719.99958
104,CUB,1999,10.244083,8.6810052,7.2,,,,,,41.1,28364615200.0
105,EST,1993,14.204301,5.0958399,7.6,,,,,,0.0,4013091682.2914
106,PLW,1999,36.347061,18.071935,16.5,,,,,,0.0,144206500.0
107,SSD,1991,1.7448656,4.3708704,,,,,,,98.9,
108,EUR,2013,20.575109,9.0481691,8.8,24.854725,,3.40924,76.70126192,95.59055,2.75,
109,ASM,2018,74.0816,31.153789,,,,,,,,639000000.0
110,SLB,2016,20.364606,5.9555706,,21.363539,,,65.29462393,32.75394,91.4,1379490304.2254
111,UZB,2008,17.54715,7.8609087,6.6,14.49408,,,65.44084852,94.57739,14.6,29549438883.8338
112,MNE,2006,13.093477,7.9445973,7.8,20.09519,0.1,,74.28740727,90.64151,34.6,2721903148.91482
113,STP,2015,12.923551,10.485071,,17.733757,,,70.55687146,39.81179,97.9,259999643.047388
114,VEN,2010,22.418727,10.026491,8.2,40.82774,,,74.662242,91.85208,3.2,393192354510.653
115,UZB,1992,8.5751221,5.67661,4.2,,,,,,22.5,12953801760.2414
116,JOR,2003,32.016581,13.008717,9.7,26.737394,,,73.51735567,98.57306,0.2,10195627644.5698
117,TTO,1994,16.830981,11.222991,4.9,,,,,,0.0,4947181645.55221
118,ALB,1990,10.904262,4.4556823,4.3,,,,,,83.0,2028553750.0
119,TJK,2008,14.619495,8.1296116,5.7,28.619688,,,69.0368299,92.71197,36.35,5161299725.27673
120,TKL,2006,62.237263,34.764668,,,,,,,67.2,
121,TZA,2016,9.2205554,5.205204,,5.8118677,,,65.60342077,25.61502,96.0,49774409374.4538
122,LBN,1990,14.540651,8.3451904,7.0,,,,,,,2838485353.96187
123,SEN,2005,6.0559209,6.0267489,4.4,19.957777,37.4,,62.36297007,42.05448,62.6,11009033437.939
124,THA,2001,5.9826177,7.0492752,6.3,16.350235,,,71.72869386,92.68899,38.7,120296476180.402
125,PSE,2001,27.994752,11.246589,,41.389759,,,69.33250971,90.39238,,4003700000.0
126,BTN,1990,1.6587622,7.5199969,4.8,,,,,,95.8,287765007.112863
127,LAO,2004,3.0276496,4.649375,4.7,16.182041,,,60.73825821,40.29335,98.2,2366398119.86321
128,BIH,2008,16.105235,10.842019,8.7,16.661081,,,76.76846848,95.18446,53.7,19112796623.1175
129,AUT,1998,11.426907,6.1001007,5.3,,,,,,0.0,217068085815.918
130,JAM,2010,24.90346,14.679354,10.3,32.744747,,,73.95794492,84.70495,13.7,13220549908.2494
131,EGY,2013,38.172328,18.499964,15.7,32.440369,,,70.47150621,95.30429,0.3,288434108527.132
132,TON,2004,56.418657,17.916693,16.8,31.607414,,,71.44335848,88.59215,55.8,230678011.42199
133,OMN,2018,28.330603,15.958421,,38.663967,,,74.96470035,99.31981,0.0,91505851755.5267
134,AFR,2014,9.589556,7.1352229,5.1,18.538624,,,61.97191179,31.95153,83.22,
135,EST,2013,21.03795,8.6033106,9.2,14.582449,1.0,,77.02989191,99.10659,0.0,25451032780.7573
136,SOM,2004,6.5510929,6.2862553,4.1,20.365829,,,49.44567549,22.8843,99.5,3859592813.10255
137,MDV,2021,16.569354,10.553454,,24.55724,,,75.39664085,99.70016,0.3,5252457369.55218
138,TKM,1994,9.6207395,10.415175,4.7,,,,,,2.0,2561118608.35516
139,LBR,2019,14.44114,8.7066859,,16.219955,,,63.44171284,20.76197,99.5,3319596500.0
140,EUR,2017,21.450451,9.9734336,,24.773294,,,77.62310671,96.32478,2.6,
141,SOM,2013,9.9717513,6.6337243,4.8,18.65925,,,52.50391976,32.00099,98.4,5062881600.00104
142,GLOBAL,2016,13.433155,11.857998,,28.658533,,,72.43889094,74.13305,34.668917643,
143,DNK,2011,12.507869,3.832072,6.0,18.581247,0.0,,79.68812406,99.59723,0.0,344315595263.175
144,AGO,2022,11.473734,15.971397,,17.329948,,,,52.17728,50.0,104399746853.401
145,MUS,1993,9.7032465,12.607275,8.4,,,,,,18.0,3307302125.87528
146,PAN,1999,16.533703,5.352661,5.9,,,,,,0.0,11660704800.0
147,KGZ,2006,16.137697,7.3371165,6.4,17.207525,9.9,,67.10547635,93.83309,35.5,2834168889.42019
148,SRB,1999,14.156073,7.6642387,6.8,,,,,,43.7,20878694850.5767
149,NOR,1993,8.9916766,5.4642711,5.8,,,,,,0.0,120579213712.804
150,WPR,1990,1.63627,4.6858814,4.4,,,,,,60.96,
151,IND,1998,1.5314687,10.845691,5.6,,,,,,80.0,421351317224.941
152,GUY,1993,10.539547,7.6550439,4.3,,,,,,0.0,454101382.488479
153,PNG,2008,15.74568,16.991037,9.5,15.410487,,,64.35307086,18.5366,93.1,11670892800.5309
154,SLB,2008,17.904994,6.5719873,9.1,28.27396,,,64.05632367,24.94208,91.9,776337691.795098
155,ITA,2014,16.273552,9.6750788,8.5,41.630741,1.2,,82.61004631,99.88552,0.0,2173255507985.84
156,BGR,2012,17.646722,11.038778,9.9,26.239391,2.0,,74.28202002,85.95203,,54297052002.2338
157,AND,2008,16.070682,8.3314635,8.7,32.688747,,,,100.0,0.0,4102319399.02343
158,EMR,1995,12.157892,9.0584762,6.5,,,,,,53.71,
159,DZA,1997,12.205689,9.1530792,5.8,,,,,,5.5,48177612042.1507
160,ESP,1997,16.976696,8.9146949,8.1,,,,,,0.0,589739772727.273
161,PRY,2008,22.090712,8.4162422,5.9,27.319098,4.3,,74.99888647,79.93355,45.8,24615267663.5456
162,GRC,2009,23.516253,10.414527,8.6,31.727678,0.5,,80.02249419,98.47552,0.0,326829054686.306
163,MDG,1998,0.97759692,5.0626706,2.7,,,,,,98.7,4401967632.73718
164,TCD,2011,4.3451358,6.4464353,4.3,20.35317,38.4,,56.17787256,10.75454,97.1,16685349673.9957
165,CYP,1990,14.833528,5.4379582,5.1,,,,,,0.0,5591130217.66965
166,CIV,2005,6.2250733,5.2693475,4.2,23.788675,,,53.84685304,23.81846,83.7,24036918703.1747
167,DJI,2007,5.6451868,5.9802145,5.8,18.651695,,,60.99155224,51.05047,94.6,847918929.107984
168,DJI,2011,6.8207234,6.1887573,6.0,17.87042,,,62.33627596,56.22718,93.2,1239144501.77525
169,HRV,2000,15.264188,7.1563475,7.4,12.596904,,,74.75166907,98.46739,0.0,22134411297.473
170,NAM,2011,13.778745,7.395599,5.1,31.11738,,,60.88311335,32.51371,58.8,12523359440.5499
171,CUB,1995,8.6839303,7.2509438,6.7,,,,,,57.8,30429803651.2192
172,TON,2016,66.38236,21.181399,,30.581608,,,72.56032607,93.72476,24.05,420828254.541601
173,PRK,1998,3.1682551,6.502004,5.0,,,,,,99.0,
174,ESP,1999,17.791346,9.4771892,8.3,,,,,,0.0,634394904386.874
175,UGA,2018,6.0418431,3.2808568,,6.0672412,,,65.71888649,20.20395,98.8,32927025619.6795
176,GMB,1995,2.3941353,5.1281687,3.2,,,,,,96.4,785999864.840299
177,WB_LI,2005,4.7397848,6.6825181,3.9,18.192602,,,57.38958544,,,
178,YEM,1991,3.5482977,7.5733475,3.3,,,,,,56.0,14665445462.1149
179,VCT,2010,25.288865,11.827457,9.2,26.904848,,,73.48342047,82.85683,4.5,720447888.888889
180,LSO,2020,19.792959,5.7710823,,8.1131268,,,51.85352687,50.31808,51.9,2053699870.07191
181,BFA,1998,1.195503,3.6915239,2.7,,,,,,97.7,2804902367.14687
182,LCA,2003,19.46837,10.576178,7.9,23.987373,,,73.77614845,85.02425,10.3,987407407.407407
183,NIU,1998,53.821599,22.872013,16.2,,,,,,31.3,
184,DJI,1996,3.0700712,5.0949346,5.2,,,,,,96.6,494004647.73437
185,MEX,2001,22.236127,13.208263,7.7,22.586689,,,74.55106521,78.51149,16.6,796064590549.136
186,IRL,2014,25.661168,6.9459543,7.3,27.929184,0.5,,81.05218065,89.60895,0.0,266787238499.03
187,WPR,1992,1.802354,4.9002696,4.6,,,,,,59.86,
188,DOM,2009,20.312814,9.7937956,8.1,31.199106,3.1,,73.54510674,81.97411,12.9,48223781476.8909
189,NER,2016,4.5665365,5.1449589,,17.553646,,,59.83593299,13.32697,97.7,10398861981.7583
190,PRK,1994,2.5592208,6.0170647,4.8,,,,,,99.3,
191,BEN,2006,6.5583549,4.3600075,4.3,17.006676,,,59.54016851,11.30074,97.2,7034111314.88812
192,TJK,2018,21.098851,10.189362,,33.602558,,,73.49599296,96.42603,17.65,7764999999.45362
193,GLOBAL,2007,10.673512,9.0869971,7.2,25.33502,,,69.42465871,63.44571,45.828894141,
194,PAN,1990,11.078722,4.102084,4.5,,,,,,0.0,6433967000.0
195,GBR,2001,19.771144,6.154608,6.9,36.741528,,,77.95184342,99.12955,0.0,1649827263567.01
196,PYF,2001,38.627735,13.332735,,,,,,,,3573808556.31268
197,EST,1991,13.818206,4.8803281,7.5,,,,,,0.0,
198,BIH,2019,19.859956,17.600666,,19.883581,,,77.09808482,,59.7,20482608755.379
199,NLD,1992,8.6660616,5.3393755,4.6,,,,,,0.0,363497050125.313
200,ARE,2011,32.086125,20.611222,6.5,57.686615,,,80.25767057,99.121,0.0,360832739550.715
201,BRN,1999,12.924713,8.6490989,6.2,,,,,,0.0,6309070374.83966
202,AUT,2020,15.044133,7.5609557,,20.777657,,,81.08512036,99.97261,0.0,434397601557.696
203,VCT,2000,18.699703,8.1740759,7.0,24.695742,,,71.66187212,66.72945,4.0,427946037.037037
204,ZWE,2017,11.910026,9.1270819,,17.694355,,,58.23863624,36.94167,70.1,51074726484.0037
205,SSD,2004,3.5899658,5.5461161,,18.48999,,,55.24391875,,99.8,
206,QAT,2011,35.274398,15.116435,12.0,49.550209,,,74.27799506,99.93655,0.0,167775268626.374
207,MEX,2012,29.330903,17.487147,9.9,25.303265,3.4,,75.6445679,86.31345,15.2,1255110424665.92
208,JAM,2014,27.810991,17.71453,11.9,34.645794,,,73.23854714,85.62576,10.8,13899217679.9219
209,SOM,2001,5.5636276,6.0924832,3.8,21.078665,,,49.32648692,20.77614,99.6,2252847464.68608
210,POL,1996,15.21325,5.7716168,6.9,,,,,,0.0,160813026223.063
211,MDG,2006,1.6430011,5.7082176,3.3,15.038957,,,61.19063264,6.60626,98.9,6395712490.94304
212,MNG,2011,16.975267,7.6902136,8.3,15.258162,0.6,,67.30366439,57.96222,63.3,10409797377.8571
213,PAK,2014,14.468773,17.960696,9.8,37.893162,,,65.39254995,56.67206,59.7,271390474857.632
214,SWZ,2015,25.033963,8.2554683,,20.356188,,,52.11336327,60.91065,54.3,3909281650.36128
215,PSE,2013,34.586638,13.747554,,35.00153,,,74.20101603,95.30014,,13515500000.0
216,ESP,2009,19.577245,9.095379,9.0,33.478931,0.7,,81.32919045,99.87023,0.0,1496587590847.66
217,MWI,2000,2.1145873,4.9732767,3.2,15.693027,,,44.64126346,9.35119,97.9,2537307580.32808
218,UZB,2005,15.169224,7.2082445,5.9,11.882271,,,63.20028511,94.15081,14.9,14307509838.8053
219,GHA,2015,10.903609,6.0257196,,19.62842,,,64.33720534,20.40011,78.6,49436806230.4839
220,MUS,2013,16.677466,23.965223,13.9,28.479015,,,73.803364,95.47877,1.7,12292974141.4044
221,SEN,1993,2.7466821,4.9860165,3.7,,,,,,77.3,7367986241.21869
222,LBR,1999,4.5205478,8.8191055,3.7,,,,,,99.5,441800000.0
223,DJI,2000,3.8429901,5.441881,5.5,20.306372,,,59.51993524,47.05179,96.2,551230861.856505
224,DNK,1997,9.7099274,3.7999153,5.9,,,,,,0.0,173241365735.483
225,LTU,2013,23.221868,11.542466,9.5,21.713367,0.7,,73.86695735,90.6659,0.0,46303660422.0434
226,AND,2006,15.598576,8.0700256,8.6,33.509991,,,,100.0,0.0,3459337986.88383
227,CRI,1991,11.865108,5.0194897,4.4,,,,,,15.2,7215725487.30549
228,LKA,1994,1.5171658,7.7690259,3.9,,,,,,87.9,11717604208.8223
229,NOR,2021,18.84387,7.4759543,,34.966545,,,82.88199872,98.05003,0.0,503367986030.268
230,LAO,2010,4.2446189,5.1557988,5.2,15.73933,,,64.42237003,56.42819,96.5,7131771014.70456
231,HUN,1992,14.079376,7.7026546,7.6,,,,,,0.0,38857339124.9084
232,ZMB,2002,4.1115809,4.1390695,3.4,17.512478,49.4,,45.80351415,21.59961,85.4,4193850445.42632
233,QAT,2006,31.159273,15.036605,12.1,47.503662,,,71.48490844,99.93655,0.0,60882142857.1429
234,WSM,2013,56.358898,15.179881,22.1,21.6439,1.1,62.0,70.24040584,94.69976,70.3,797736334.281305
235,GTM,1991,8.0178842,6.8333104,4.5,,,,,,52.5,9406135143.41165
236,WB_LI,2009,5.7897117,6.9692731,4.3,17.785942,,,60.19604573,,,
237,HRV,1999,14.744638,6.9960967,7.3,,,,,,0.0,23777026779.3004
238,SEN,2016,8.4790207,6.2641487,,17.370258,,,67.7658388,53.88068,71.7,19040312333.1864
239,GTM,2003,14.382404,10.271711,6.1,12.897953,,,69.39160529,62.67261,61.4,21576351798.9145
240,PLW,2008,38.456833,21.738778,20.7,31.469101,,,,95.00229,0.0,201167300.0
241,BEL,2008,17.045546,5.9512798,6.4,39.046551,0.0,,79.56481171,99.48594,0.0,517328087920.078
242,AUS,2008,24.087587,6.5597624,7.1,26.40774,0.5,,81.32192176,99.99474,0.0,1056112427190.38
243,AGO,2018,10.116035,14.576846,,17.764174,,,62.27158067,51.12074,51.2,79450688259.3664
244,ECU,2018,24.247363,10.329231,,22.193375,,,77.46907136,89.13064,5.4,107478961000.0
245,BOL,2004,15.256424,8.4607549,5.3,22.062866,13.7,,68.28111683,39.3677,32.8,8773451751.5121
246,CYP,2005,19.994839,7.6332547,6.9,42.535099,0.0,,79.53715992,99.67837,0.0,18433412510.8817
247,LBR,1996,3.5450075,8.0768123,3.6,,,,,,99.4,159400000.0
248,DZA,2007,16.469198,11.053529,8.2,25.127131,,,74.59216684,86.29944,1.2,142482739809.849
249,KOR,1993,1.7295327,6.5315776,5.7,,,,,,0.0,392665710525.411
250,CHL,2014,31.346932,12.546365,11.4,31.923283,,,79.93658439,98.94399,0.0,259560978224.359
251,VEN,1997,17.297658,6.95007,6.8,,,,,,2.25,85837678559.8324
252,TUN,2008,20.185708,10.357717,9.9,26.262379,,,75.92697277,84.69518,1.1,44859439902.2191
253,IRQ,2017,37.598753,18.475327,,49.800518,,,71.60611249,95.45492,1.1,187217660050.676
254,CPV,1996,5.1146146,6.6991292,4.3,,,,,,38.9,501979269.843942
255,COG,2000,5.1159706,7.7220209,4.1,21.84926,,,52.21826617,11.92011,92.1,3227927697.57921
256,BRN,2003,15.878026,9.6387081,7.0,26.947632,,,76.10651217,76.36475,0.0,7167725264.75135
257,ETH,2020,2.4685992,5.1878493,,9.6333599,,,68.79596101,8.95354,93.8,107657732424.155
258,ASM,2003,69.404846,29.300937,,,,,,,,524000000.0
259,ERI,1997,1.0152704,5.0354544,2.3,,,,,,97.4,686490090.140141
260,FSM,1994,35.235989,16.584486,9.8,,,,,,88.5,202500000.0
261,SVN,1998,13.562468,6.8802677,7.0,,,,,,0.0,22058635314.4836
262,CUB,1992,7.7129096,6.4089745,6.4,,,,,,70.3,22085858243.2432
263,COG,2014,7.5585425,9.6190862,5.7,17.571486,,,61.64003199,18.33936,76.1,17919321078.0284
264,COD,1993,1.4996919,5.3647082,2.4,,,,,,99.6,10706259936.7425
265,EUR,2000,16.668379,6.959673,7.2,25.695965,,,72.39957333,93.31942,4.79,
266,HTI,1995,4.207541,8.7677673,3.7,,,,,,97.9,2813313278.81082
267,GRD,2020,28.906992,20.598368,,34.94548,,,75.35142309,,12.8,1043411111.11111
268,TZA,2017,9.722174,5.1804498,,5.5104418,,,65.98183854,26.78297,95.4,53274884532.7886
269,TZA,2010,6.7079507,5.3744573,3.9,8.1007185,,,61.6819464,18.51297,98.6,32012892919.37
270,HTI,2014,8.731962,16.996521,6.9,25.528536,,,62.25423095,31.41232,96.2,15146883497.6331
271,COG,2016,7.7623986,9.9763289,,17.060532,,,62.56582962,19.54805,72.1,10931328150.8478
272,CIV,2002,5.207986,4.9368735,3.9,24.54883,23.2,,51.80536737,21.88798,83.9,18054383320.8474
273,MHL,2001,38.038796,25.755364,15.4,39.485191,,,,85.86436,90.3,122406100.0
274,BFA,2016,4.6752714,6.8471864,,16.547037,,,61.35518157,21.22902,90.2,12833363045.3367
275,NER,1990,0.90312278,3.4687132,2.0,,,,,,99.4,3512356507.88599
276,IRN,2002,15.825005,6.7864932,6.2,30.725103,,,74.01828515,79.71555,7.2,128626917504.398
277,EST,2020,21.905331,11.251076,,15.608448,,,78.62190265,99.08075,0.0,31820771493.8974
278,GBR,1996,16.076434,5.8655962,6.5,,,,,,0.0,1419645865834.63
279,SUR,1991,10.896638,6.7161635,6.8,,,,,,41.4,448100000.0
280,AFG,1997,3.3534441,9.1160074,5.2,,,,,,96.2,
281,GEO,1992,14.491358,8.3064862,7.6,,,,,,63.0,3690328963.64086
282,SLB,2009,18.196261,6.5836236,9.3,27.317507,,,64.16468031,25.90062,91.8,805557562.580059
283,TKL,2020,68.966341,32.113704,,,,,,,71.0,
284,ZAF,1991,16.66124,8.6345389,5.3,,,,,,56.4,135203698237.977
285,YEM,1996,4.4001296,8.1845559,4.3,,,,,,49.8,6496163615.66086
286,CPV,2001,7.0832215,7.3209457,5.0,22.219143,16.2,,71.98653007,39.19106,37.3,563090490.377368
287,PRT,2006,16.828167,8.1966937,7.9,44.921047,0.0,,78.74114417,98.29211,0.0,208756449275.848
288,ARE,1992,20.153721,13.075681,6.1,,,,,,0.0,54239171887.769
289,ASM,1996,66.845119,22.259685,,,,,,,,
290,VCT,2011,25.924975,12.265525,9.5,27.148417,,,73.21012386,84.5255,4.7,713796370.37037
291,TON,2018,68.180418,21.582964,,30.589979,,,72.84423109,94.2608,19.0,489714529.780507
292,SWZ,2022,30.086693,9.9643186,,19.22184,,,,64.42023,50.1,4741163884.9523
293,HRV,1996,13.443866,6.5860532,6.9,,,,,,0.0,24150978346.5253
294,RUS,1999,18.288271,6.0952127,7.9,,,,,,0.0,195907128350.934
295,EST,2006,19.382226,6.8484098,8.5,13.489483,0.7,,73.02632317,99.48554,0.0,17025671810.3124
296,LUX,1995,14.179941,5.86708,6.3,,,,,,0.0,20853093869.7318
297,TGO,2007,5.5538606,4.5376189,4.1,13.905523,,,57.69120242,12.07223,98.1,3759964943.38078
298,HTI,2007,7.2185516,13.479957,5.5,23.598293,,,59.85463205,24.06453,96.6,9228637767.69009
299,BGR,2013,17.934869,11.435662,10.1,26.799969,1.7,11.0,74.79512219,85.96239,,55819262374.9039
300,BOL,2019,26.018664,14.174102,,22.243679,,,72.91976198,63.81631,13.4,40895322850.9407
301,ERI,2009,2.2453109,5.7845645,2.9,12.477844,,,60.06524888,11.02204,92.3,1856695551.21951
302,MDG,1991,0.65217088,4.2605124,2.3,,,,,,98.6,3254713056.02171
303,IND,2010,3.6510125,14.763856,7.3,33.714466,,,67.480793,42.70832,65.0,1675615519484.96
304,IRN,2003,16.30609,6.9542274,6.4,31.498018,,,73.34953209,80.44563,6.3,151911222120.261
305,GNB,1997,3.2588195,5.2181777,3.3,,,,,,98.4,698107222.422492
306,GRL,2006,20.957641,6.0895462,,,,,,,,2013106929.50031
307,TLS,2010,0.9940898,3.574542,3.9,20.611589,,,67.00361983,45.10191,95.5,881909300.0
308,SLV,2010,24.089871,10.104755,8.3,34.140076,5.5,,74.56329622,83.75477,23.3,18447920000.0
309,GRC,1995,16.499002,7.772544,7.4,,,,,,0.0,134974613913.811
310,BDI,1998,1.3808423,5.116697,1.7,,,,,,99.7,893770740.207416
311,JOR,1991,23.960726,8.9640506,7.6,,,,,,0.9,4344467193.25095
312,ZAF,2003,24.693684,11.513024,7.5,49.344589,,,52.93394541,62.18153,37.1,197018965308.697
313,ECU,2007,17.075215,6.702438,5.9,21.554705,8.5,,74.34691701,77.07143,7.2,49848725000.0
314,ERI,2012,2.6611121,5.9647258,3.2,12.072819,,,61.35054403,11.53652,90.8,
315,DEU,2004,19.307733,9.473788,6.7,18.926445,0.0,,79.02932323,99.22056,0.0,2852317768061.78
316,SOM,2012,9.5553361,6.5916039,4.7,18.809118,,,50.10797443,31.00428,98.6,4364670159.99578
317,ESP,1996,16.571262,8.5841164,8.0,,,,,,0.0,642251412058.321
318,KWT,2010,40.339044,16.767451,13.5,62.025845,,,80.49475441,100.0,0.0,115416245238.478
319,AUS,2001,20.166312,5.2409381,6.8,26.635206,0.7,,80.12984228,99.99125,0.0,379629301675.108
320,ZMB,1993,2.51619,3.7943274,3.1,,,,,,87.8,3273505343.85539
321,IRL,2016,26.30347,7.5740278,,26.328417,,,81.40605545,89.46846,0.0,305733136180.907
322,ETH,2003,0.81064412,4.8791226,3.0,13.314392,,,54.78484585,3.69805,99.0,8623691300.04079
323,LKA,2021,9.983661,25.910684,,36.198917,,,77.22895472,94.21641,66.8,88556698937.7033
324,DOM,2001,14.876243,6.4064756,6.3,27.879623,3.9,,73.59849431,77.47312,15.3,25601823687.5742
325,MKD,2014,23.142941,10.375302,8.4,24.006475,4.4,,75.25754035,94.7668,27.3,11362265252.778
326,PRY,2020,31.217179,12.283798,,34.645473,,,75.24817035,92.74627,30.65,35432178068.1814
327,PYF,2022,48.093468,18.167044,,,,,,,,5814661208.90544
328,AZE,2003,17.005141,8.5628614,7.4,22.355659,0.0,,66.74212235,67.94943,20.0,7276413079.11451
329,LBR,2000,4.8997249,9.0428345,3.8,32.159286,,,53.27371266,12.05343,99.5,874000000.0
330,SEAR,1998,1.835077,9.2043772,5.4,,,,,,82.7,
331,EMR,2021,27.928877,19.815809,,39.852226,,,68.48743553,81.75101,27.24,
332,AUS,1995,16.090162,4.4244729,6.1,,,,,,0.0,368166023166.023
333,CZE,2021,25.508684,11.369278,,23.320438,,,77.07730392,99.13664,0.0,290972714482.313
334,IND,1995,1.1966485,10.175932,5.2,,,,,,83.5,360281909643.489
335,PHL,2021,8.3772317,10.971587,,43.712662,,,66.40834182,83.58501,44.4,394087359848.11
336,NPL,1994,0.70391465,6.6184424,4.7,,,,,,99.2,4066775510.20408
337,ZWE,1992,5.7889905,6.5887891,3.4,,,,,,65.5,6751472743.61751
338,TTO,2019,26.931399,28.35972,,43.333591,,,74.09327397,93.91521,0.0,23588037786.7403
339,MHL,1995,35.892993,22.179951,12.9,,,,,,97.7,120230000.0
340,SOM,2020,13.430162,7.3269069,,18.106695,,,55.12925544,39.30662,96.3,8628393720.00185
341,SGP,2018,11.145356,12.298413,,23.106634,,,83.50811882,100.0,0.0,377123710560.614
342,MOZ,1990,1.6906563,4.1283302,2.6,,,,,,98.1,
343,TLS,1992,0.31545539,3.0036883,2.4,,,,,,99.8,187891500.0
344,SRB,1992,12.984589,6.7275211,6.3,,,,,,51.0,
345,COK,2015,64.451528,31.737295,,34.184753,,,,84.83475,21.3,
346,CHN,2010,3.9697785,7.6409794,8.1,21.097818,11.2,,74.65168239,75.80105,42.1,6192564874453.29
347,SAU,1994,22.279148,16.824354,7.9,,,,,,0.0,135174899866.489
348,MDV,1992,4.0073469,4.6216536,5.0,,,,,,98.4,284875809.039634
349,SVK,2008,18.718868,6.9160402,7.4,25.188187,0.5,,74.82525921,98.69834,0.0,100830060552.902
350,CYP,2010,21.273379,7.8559965,7.4,42.253296,0.0,,81.17822871,99.57228,0.0,25799940077.6075
351,CHE,2012,11.809546,5.3429343,5.5,22.791008,0.0,,82.39224777,99.88687,0.0,686420221557.99
352,KAZ,2016,16.977122,9.1013208,,24.809364,0.0,,72.39593644,97.80582,6.5,137278320084.171
353,VEN,1992,14.324096,5.75726,6.1,,,,,,1.9,60416519620.0849
354,WB_LMI,1993,3.7375189,8.0279559,4.7,,,,,,,
355,SEAR,1990,1.038385,7.9429366,4.2,,,,,,89.58,
356,DJI,2012,7.1355022,6.2554978,6.0,17.701458,18.3,,62.75529104,57.52277,92.7,1353632941.5207
357,POL,2013,22.685766,9.5612511,9.3,30.314714,0.0,,76.86531254,96.31801,0.0,518179836405.36
358,TGO,2016,8.5692115,6.2321465,,14.127763,,,62.01053382,16.6392,92.5,6071170959.12093
359,AFR,2021,11.719398,8.3499312,,17.396683,,,63.55243899,35.87723,77.47,
360,TCD,2022,6.6922761,9.120658,,17.847639,,,,12.92207,91.2,17828508289.6049
361,COL,2015,19.853628,10.887299,,31.661507,4.5,,77.34484367,88.68661,11.3,293492370193.166
362,COL,2011,17.572729,9.5752262,7.5,30.07103,6.3,,76.68552906,85.19246,14.2,334966134804.887
363,BHS,1991,19.958703,7.5228445,6.8,,,,,,0.0,3111160000.0
364,UGA,2014,4.6963621,3.10692,2.8,6.8540468,,,63.49406001,19.37585,99.1,32612397257.4458
365,PLW,2018,40.231463,19.571118,,27.05714,,,,98.03585,0.0,288546300.0
366,BRB,1999,21.325365,15.237613,9.3,,,,,,0.0,2951822204.54432
367,BEN,2005,6.2255513,4.2282846,4.2,16.951723,,,59.21023989,10.81469,97.7,6567654954.38903
368,AND,2016,17.121673,8.9412995,,29.231049,,,,100.0,0.0,2896610479.73077
369,COL,2016,20.396207,11.142604,,32.052959,4.5,,77.57662615,89.55554,10.8,282720100286.228
370,MDG,2011,2.1963954,5.9093125,3.6,14.175564,,,62.75965875,9.07317,99.0,11551819617.874
371,LVA,2016,22.715725,10.274429,,15.971048,,,74.95310955,91.95677,0.0,27117105059.5075
372,KIR,2018,45.03375,17.852293,,33.552769,,,60.74880481,43.70568,90.6,233514717.441266
373,PRI,2016,37.139171,26.406214,,39.279495,,,80.23535619,,0.0,104336700000.0
374,SLE,2017,6.3291676,8.1022792,,13.561278,,,59.15812369,18.33386,99.3,5749846528.48046
375,NER,2021,5.6971259,5.1252048,,16.381319,,,59.97070525,15.88156,95.9,14915002436.069
376,CYP,2001,18.507411,7.1863808,6.6,42.426445,,,78.86668678,99.7395,0.0,10397898907.1038
377,TKM,2006,14.378113,14.327565,6.9,15.339616,,,65.67349206,93.94447,0.2,10276674364.8961
378,TGO,2003,4.2279925,4.1606817,3.8,13.69031,,,56.35238007,10.45706,99.3,2987984050.99318
379,NOR,1991,8.3709776,5.2083753,5.7,,,,,,0.0,121872464483.487
380,IRN,1996,12.967597,6.1009753,5.4,,,,,,15.0,120403931883.348
381,ATG,2013,27.408746,17.474529,11.4,34.602703,,,75.71757904,97.37713,0.0,1325496296.2963
382,CYP,2003,19.286419,7.4358977,6.8,42.507156,,,79.11243929,99.71942,0.0,14547329558.3239
383,AZE,1999,15.204176,7.8814723,6.6,,,,,,33.5,4581248566.50158
384,HUN,2022,31.703931,15.961531,,29.413515,,,,97.97874,0.0,177536698164.902
385,KEN,2021,11.901668,4.1809954,,9.0181808,,,66.76221995,36.11476,74.2,109703658904.994
386,UKR,1998,17.807449,6.4200357,7.6,,,,,,10.1,41882523345.1804
387,ISR,2003,19.899885,9.7600758,6.7,33.614456,,,79.09724844,100.0,0.0,131408914824.005
388,FRA,2015,11.104283,5.5517916,,28.184137,0.0,,81.90513823,98.6516,0.0,2442483452642.5
389,GIN,2007,4.5803457,5.5603776,4.0,18.496605,59.7,,57.16190125,14.92949,99.2,6281918226.34408
390,CIV,1995,3.129112,4.4018384,3.4,,,,,,83.9,11000146266.5135
391,LBR,2021,16.106904,8.1979521,,15.100379,,,63.45730846,21.92789,99.3,3513049500.0
392,HUN,1996,15.806289,7.9818398,7.7,,,,,,0.0,46833767123.6915
393,KIR,2016,44.406217,18.455656,,34.429073,,,61.75804085,43.02758,92.9,206467818.503227
394,BLR,2003,19.213338,5.6974191,8.1,18.040241,1.4,,68.37573872,92.00116,4.4,17825444724.4878
395,PAK,1992,3.4227148,8.6713746,5.7,,,,,,86.6,48884671947.4657
396,EUR,1993,14.375487,5.9934977,6.7,,,,,,6.96,
397,SWE,1994,9.9309795,4.5849953,6.2,,,,,,0.0,228701658890.617
398,RWA,2018,3.7236981,4.0037032,,10.281859,,,67.62644841,69.86488,97.6,9637904518.99702
399,NRU,2011,67.125207,22.175489,28.4,39.419689,,,,65.78441,0.0,65444173.7762725
400,SGP,2005,5.7050556,10.455558,8.6,24.124893,,,80.54232367,100.0,0.0,127807848728.398
401,UGA,2008,3.2976054,3.1746335,2.3,8.5959797,,,57.97310088,18.10774,99.2,14440404132.2047
402,MYS,1994,6.5162569,8.8478252,5.7,,,,,,3.8,74478356957.7808
403,MLI,2006,5.7254307,4.3597002,4.0,35.381554,51.2,,56.77509358,23.60696,99.1,8858863052.70726
404,PSE,2003,29.374248,11.760036,,40.484245,,,69.63177214,90.49698,,3968000000.0
405,BMU,1998,17.083716,12.089371,,,,,,,,3130748000.0
406,STP,1998,5.7506528,6.1881319,5.0,,,,,,99.8,72285403.8423458
407,GRL,2002,18.985794,5.5162836,,,,,,,,1169136716.03557
408,DZA,1999,13.01133,9.4841309,6.2,,,,,,4.1,48640671734.9711
409,GRC,2021,27.598083,12.238017,,34.90638,,,79.59785025,98.99718,0.0,218303801895.326
410,WB_UMI,1998,6.9956221,5.9736982,5.8,,,,,,,
411,JOR,2016,37.430784,14.613341,,28.006721,,,78.7600732,97.47696,0.1,39892551126.7606
412,CPV,2009,10.298257,7.6491065,6.1,25.477222,,,73.98241137,57.47693,31.1,1852334575.17521
413,PRK,2002,3.9387979,6.9890477,5.2,21.026394,,,62.79218596,75.19543,98.2,
414,DMA,2008,22.11735,19.476029,9.7,23.078159,,,,74.08802,13.1,480003703.703704
415,CRI,2012,24.862187,16.140693,8.1,46.205402,1.6,,80.42316166,96.40673,6.9,47231655431.718
416,LCA,1994,12.899242,7.325951,5.9,,,,,,24.8,713703703.703704
417,BFA,2019,5.6108229,8.4980927,,16.697981,,,62.61228276,22.82407,87.5,16032813503.3707
418,BTN,2015,8.3901793,12.095936,,10.145692,,,73.07489389,70.00458,20.0,2187815803.36833
419,SWZ,2004,18.154871,7.0266336,5.5,23.577511,,,41.87434793,51.49477,69.7,2770082791.50412
420,PER,2004,13.786274,3.8791936,5.6,26.733786,13.5,,76.9955842,67.16079,45.8,66768703497.5687
421,PER,1997,10.978288,2.9372463,5.2,,,,,,71.5,58147522522.5225
422,MRT,2017,19.133006,8.4219784,,43.376282,,,69.81185094,45.53805,54.5,6800135898.28827
423,LSO,2004,12.472636,5.1879108,5.3,11.601728,,,43.80676222,17.34002,77.9,1511236655.52047
424,HND,1995,11.479222,4.6387002,4.1,,,,,,77.9,5347445005.21376
425,SEAR,1995,1.483496,8.6489744,4.9,,,,,,85.54,
426,AZE,2019,24.988432,12.487572,,23.451277,,,75.79966602,96.12903,1.8,48174235294.1176
427,SGP,2015,9.4588876,11.195151,,23.168169,,,82.84921063,100.0,0.0,307998545269.398
428,KEN,2018,10.493397,3.9085131,,9.3812094,,,66.06922549,34.89064,82.0,92202979985.2863
429,RUS,2019,23.593754,9.6979029,,16.801409,,,73.21856487,88.70742,0.0,1693115002708.32
430,NZL,1998,19.657645,6.5150045,7.0,,,,,,0.0,56227169851.0448
431,NZL,1999,20.517848,6.6328734,7.2,,,,,,0.0,58762260625.8758
432,BRN,2020,29.985932,17.02264,,31.881798,,,76.76421584,97.04755,0.0,12005799664.2691
433,MRT,2011,15.674184,6.9088146,6.3,50.118774,,,68.79857098,34.23641,58.2,6764627745.9033
434,PRY,2016,27.905527,10.769218,,32.057148,1.7,,74.86420083,88.60471,34.0,36089700222.9461
435,SLV,1994,14.374349,5.4229375,5.8,,,,,,56.6,7679384000.0
436,BHR,1992,18.55893,8.5095294,6.1,,,,,,0.0,5402232446.80851
437,FRA,2021,9.8792233,4.5965482,,23.840681,,,81.92274175,98.6468,0.0,2966433692008.09
438,OMN,2003,20.11344,12.044489,7.2,33.03162,,,72.75427676,90.67089,0.0,24733680104.0312
439,NOR,2003,13.321729,6.3521624,6.6,32.6199,0.2,,79.39711298,98.06875,0.0,229385469337.024
440,GMB,2016,11.267933,8.9014292,,21.227236,,,64.05468717,46.77876,98.0,1484578885.97132
441,UGA,2020,6.8965137,3.4312602,,5.7788944,,,66.29850916,20.61083,98.6,37600368239.8824
442,COG,1997,4.35865,7.3304668,3.9,,,,,,93.6,2322719102.6909
443,GTM,2013,20.659614,14.724176,7.4,23.730869,,64.0,71.749288,66.38481,61.7,52996446180.3474
444,SDN,2006,9.0645149,10.869811,,21.534523,,,65.28684508,23.04947,80.2,45263831634.1497
445,QAT,2005,30.376506,15.460321,12.3,47.435535,,,71.03950228,99.93655,0.0,44530494505.4945
446,GRC,1993,15.756914,7.3494606,7.3,,,,,,0.0,107295704518.43
447,PRI,2008,31.87376,21.243346,,36.348312,,,78.51538133,,0.0,93639300000.0
448,MLI,1999,3.2672383,4.2360384,3.4,,,,,,99.3,3440724709.59258
449,KWT,2013,40.822726,19.333899,14.4,62.553352,,,81.73672815,100.0,0.0,174168116687.215
450,GBR,2006,22.774577,7.0075788,7.2,32.641705,0.2,,79.22561092,99.1232,0.0,2708441582336.71
451,MUS,2019,18.213682,26.797977,,29.300543,,,74.05607067,,1.1,14436346979.6355
452,WB_LMI,2012,8.2267769,12.750793,7.4,29.974457,,,67.39300802,,,
453,MMR,2020,6.9093361,12.11374,,21.818151,,,68.86849549,73.63688,59.9,79006113643.1906
454,WB_UMI,2014,11.770896,9.7079411,9.5,24.439268,,,74.53468804,,,
455,SDN,2012,11.492568,10.008147,,20.160719,,,67.58268855,30.92076,60.8,37632919966.6667
456,BWA,2009,13.768882,5.9808582,5.3,25.976881,18.2,,56.8865344,65.0869,42.6,10118459242.3183
457,KEN,2009,7.0736088,3.61568,3.4,11.056943,,,60.49062126,31.35986,93.6,42347217912.9176
458,TUN,2016,23.968665,14.034989,,30.245804,,,76.91365109,93.18817,0.2,44360072680.4476
459,GRD,2003,18.555424,12.77453,7.2,28.261152,,,70.832783,90.60196,6.9,591018407.407407
460,PER,1999,11.735995,3.0704504,5.3,,,,,,62.9,50187324567.883
461,WSM,1994,41.506457,9.9023059,10.7,,,,,,87.0,221098106.508876
462,GNB,2017,9.4127633,7.9211079,,18.003178,,,58.3521892,22.30157,98.9,1469978606.12143
463,CPV,2006,9.1843463,7.5979404,5.7,24.32387,,,73.4096215,50.7498,34.0,1107571457.90614
464,SDN,2016,13.346794,9.268865,,19.500832,,,68.65126932,36.48563,48.15,42630376000.0
465,DZA,2016,20.775081,15.008791,,27.298101,,,76.27818922,86.60548,0.4,180763839522.151
466,CMR,2017,13.119014,11.109234,,19.661934,,,60.64260038,41.90133,75.65,36098547033.1655
467,ATG,2003,20.899226,12.181492,7.9,30.97504,,,75.21279447,,0.0,948100000.0
468,TGO,2022,11.560986,7.9702422,,14.775393,,,,19.19764,87.7,8169476148.95692
469,DOM,2005,17.625616,7.9224974,7.2,29.525944,5.6,,72.80023496,79.70303,13.3,35777560683.9366
470,SGP,2004,5.4554127,10.490201,8.6,24.289789,,,80.33727579,100.0,0.0,115033593101.049
471,TLS,2022,2.3503538,6.0495432,,26.925648,,,,58.37835,82.2,3208593982.01071
472,AUT,2022,15.367542,7.8423366,,19.75799,,,,99.97237,0.0,471773629830.381
473,WB_LMI,2013,8.5524119,13.125157,7.6,30.774986,,55.50444,67.72575062,,,
474,USA,1991,19.389787,7.6951295,5.9,,,,,,0.0,6158129000000.0
475,ARM,2000,15.296426,8.8008009,8.9,23.280539,,,71.62172824,86.9599,20.7,1911563668.85006
476,NPL,1998,1.0094912,7.1612366,5.4,,,,,,97.2,4856255044.39064
477,SVN,2016,17.082401,12.557422,,18.594343,,,80.81692358,98.578,0.0,44290685824.0682
478,GIN,1996,1.9434271,4.7303513,3.0,,,,,,99.4,5641243099.76661
479,AFR,1992,3.93882,5.1385727,3.0,,,,,,88.06,
480,BOL,1998,11.953528,7.0394956,4.8,,,,,,38.7,8497494652.12546
481,FRA,2017,10.679507,5.2113451,,26.674995,,,82.17093951,98.65001,0.0,2588868323334.71
482,ZWE,2005,8.0026381,8.4948115,4.4,19.221878,,,45.7065362,44.25559,67.9,5755215663.40053
483,EUR,1995,14.929941,6.2777236,6.8,,,,,,6.25,
484,RWA,2004,1.387234,3.1028748,2.1,17.769279,,,54.65577616,50.76834,99.9,2376496067.01198
485,WB_UMI,2007,9.2372753,7.6569036,7.6,22.708534,,,72.11880953,,,
486,GEO,2014,28.718868,11.52349,15.0,20.398798,5.0,,72.72305539,87.13986,23.1,17966015109.3043
487,FSM,2012,42.357948,28.657621,17.3,35.444424,,,65.02895443,74.10253,87.9,327248700.0
488,CAF,2016,7.0275731,15.072694,,16.794144,,,51.50031283,15.58824,99.3,1825018144.65595
489,BRA,1999,11.884985,6.1280631,5.6,,,,,,11.9,599642024319.531
490,NLD,1993,8.9439817,5.4588158,4.7,,,,,,0.0,354070495965.828
491,CHE,2001,10.860996,4.8676591,5.1,28.125971,,,80.10038738,99.88097,0.0,286582672434.226
492,TLS,2020,2.0222785,5.3991597,,25.672255,,,68.91671885,56.26326,85.1,2162619240.86927
493,QAT,2010,34.429926,14.806737,11.9,49.043369,,,73.45657467,99.93655,0.0,125122306346.154
494,ARE,1990,18.882202,12.002666,5.9,,,,,,0.0,50701443748.2975
495,GHA,2020,12.28167,7.907889,,20.639736,,,66.18136667,26.1792,71.7,70008243859.8666
496,TZA,1994,2.5266929,4.3227199,2.6,,,,,,99.7,6550480483.9385
497,VEN,2004,20.779049,8.5789293,7.6,37.86644,19.8,,74.41023981,88.58033,2.8,112451400424.964
498,BHR,1998,22.855586,10.263854,7.0,,,,,,0.0,7031309042.55319
499,IRQ,2013,35.021371,16.287702,12.8,47.79517,,,71.2340952,88.25648,2.3,234637675128.645
500,RUS,2008,21.275042,7.2053939,8.5,12.850286,0.1,,67.78990217,86.27512,0.0,1660848058303.11
501,GNQ,2015,14.816929,10.182875,,20.548326,,,61.12739135,66.18252,75.8,13185496881.0174
502,UZB,1998,10.884865,6.2659808,4.7,,,,,,18.0,14988971210.8383
503,CYP,2015,21.903536,8.0681801,,41.578362,0.0,,81.80149333,99.46199,0.0,19909278416.8575
504,SEN,1990,2.1820148,4.6235979,3.5,,,,,,82.6,7390967360.42121
505,PRT,2018,20.42679,10.917195,,49.982254,,,81.06316039,99.61006,0.0,242092894542.888
506,GMB,1996,2.6346738,5.2363481,3.4,,,,,,96.4,848239446.21576
507,NIU,2007,58.61991,28.484127,21.9,13.137472,,,,99.50041,9.9,
508,SDN,1993,4.6921805,8.2088344,,,,,,,98.9,8881005435.80602
509,CHL,1993,15.413207,5.4494116,7.0,,,,,,0.0,49934943320.8828
510,CUB,1990,7.1396865,5.9824225,6.2,,,,,,76.9,28645436569.1489
511,GRC,2005,21.617557,9.7157873,8.1,30.450075,0.2,,79.40149641,98.10321,0.0,242315668619.405
512,AZE,1996,14.101513,7.4224949,6.2,,,,,,43.2,3176507376.31836
513,ETH,2000,0.65287156,4.7254801,2.8,14.248798,,,50.78760514,2.7939,99.2,8242349617.8638
514,TJK,1993,8.2194306,6.4754628,4.0,,,,,,81.1,1646623195.15603
515,MLI,2003,4.6165008,4.2736098,3.7,36.205738,,,54.85059982,19.36291,99.2,4714071979.68835
516,LTU,2017,24.132235,12.922382,,21.000792,,,75.48786469,92.73568,0.0,47756764508.446
517,ESP,2021,15.946303,6.18839,,22.636309,,,82.66267258,99.91886,0.0,1461244901852.69
518,AMR,2000,20.177501,8.1943266,6.7,28.703049,,,74.0865499,84.04932,12.53,
519,SLB,2010,18.48516,6.5520056,9.6,26.382002,,,64.36844431,26.87067,91.8,898133684.898793
520,MNE,2021,17.617102,13.963158,,22.492062,,,74.70975149,97.79111,38.3,5861427505.12493
521,ISL,2013,18.943284,5.4961268,7.1,28.308746,0.0,,82.07380529,98.78399,0.0,16125060515.3117
522,AGO,1992,3.4032073,8.2408868,2.8,,,,,,63.8,8307810973.58848
523,BLR,2002,18.928821,5.6102682,7.9,18.287159,2.1,,67.90677805,92.02351,5.1,14594900944.7658
524,AZE,2018,24.495217,12.071553,,23.316885,,,75.13145241,96.12652,2.1,47112470051.7701
525,JAM,2021,33.024055,23.14983,,38.106289,,,70.1439437,86.58009,7.2,14657586159.4316
526,BLZ,2007,31.447014,10.368001,8.2,35.448467,,,73.05180238,84.68538,16.9,1707100000.0
527,CHN,1990,1.3192657,4.2357739,4.1,,,,,,68.2,361560229445.507
528,MUS,2000,12.650445,15.860645,10.2,26.402834,,,71.13541086,90.07934,7.3,4726108622.47661
529,DZA,1994,11.140125,8.4498867,5.3,,,,,,8.4,42543176828.9237
530,PRK,1992,2.3013603,5.7942189,4.6,,,,,,99.5,
531,ALB,2003,13.741098,6.372346,6.3,20.446991,,,74.94215534,91.16546,54.6,5801712040.48463
532,KNA,2017,42.222098,19.200756,,39.521622,,,,94.95359,0.0,1056977777.77778
533,LCA,2006,21.730599,11.752811,9.2,23.438545,,,74.71126509,84.44639,6.9,1268319185.18519
534,WSM,2009,53.540897,15.051879,19.6,26.336309,,,68.73125976,93.28774,74.4,628006115.424052
535,PAK,2005,8.103203,11.924987,8.0,30.06959,16.5,,61.99158191,40.35916,70.7,145208562960.767
536,SYC,2018,27.437264,15.222611,,20.556393,,,73.08090426,99.17583,0.0,1784313926.76807
537,PRI,2001,26.496699,16.333352,,33.750362,,,76.24165094,,0.0,69208400000.0
538,ISR,2007,21.245329,10.146693,6.8,32.203545,0.5,,80.12300616,100.0,0.0,184681214673.45
539,SYC,2006,22.59431,15.134908,8.2,21.784483,,,72.35760551,96.87671,0.0,1081441283.31798
540,KWT,2015,40.864053,21.429317,,62.795902,,,81.44722022,100.0,0.0,114585555830.916
541,BLZ,1993,19.810115,6.400986,6.1,,,,,,30.5,752850000.0
542,TKL,2012,65.037268,34.612039,,,,,,,67.4,
543,NPL,2010,2.8780757,9.8283559,8.3,9.5654097,15.0,,69.47191971,42.04934,78.3,16002656434.4746
544,MNE,1995,10.233331,5.9867106,6.2,,,,,,34.2,
545,MLT,2008,29.44828,11.624198,9.6,50.524067,0.2,,79.93204914,99.96477,0.0,9135419489.50818
546,MAR,2000,11.314433,10.650883,7.0,21.719889,6.3,,70.19460372,67.66782,10.2,43017455401.8445
547,TGO,1996,2.3658771,3.8169548,3.2,,,,,,99.9,2069506014.46659
548,MUS,2003,13.848977,17.641257,11.0,27.048761,,,71.8438719,91.31066,5.0,5894873919.74797
549,CYP,2008,20.86798,7.798595,7.2,42.433884,0.0,,80.589293,99.61532,0.0,27844646257.507
550,VUT,2003,16.71737,8.2320139,9.1,14.171654,,,65.08697701,55.60991,86.5,314471413.001776
551,TUV,2000,52.897716,16.233769,16.1,38.22538,,,,80.28567,92.7,15073975.5349377
552,BOL,2018,25.17966,13.647859,,22.161133,,,72.69070111,61.98779,14.6,40287647930.5355
553,GEO,2020,33.187407,11.881987,,23.079163,,,73.10852232,86.43306,10.4,16010869215.68
554,TZA,2018,10.242861,5.1624734,,5.2305555,,,66.39625941,27.94477,94.6,57003712892.0858
555,TCD,2012,4.4947568,6.6136278,4.4,20.021482,,,56.60362018,10.90486,96.9,17892228569.8861
556,BEN,2012,8.1412867,5.7401687,4.9,17.112991,,,61.81459199,14.45171,95.1,11141358115.8991
557,PER,2018,23.451266,12.56431,,32.327896,,,78.99013811,76.11989,17.8,222597009739.235
558,NER,2000,1.9817974,4.5046303,3.0,22.455265,,,50.24298341,5.5194,99.1,2241753192.81158
559,PSE,1994,23.023674,9.3136638,,,,,,,,2843300000.0
560,COK,1995,51.143473,20.998812,16.9,,,,,,25.6,
561,DMA,2014,25.826904,21.435277,11.4,25.951406,,,,80.36642,10.8,572255555.555555
562,ISL,2017,19.871011,5.9448902,,27.075857,,,82.27340584,98.78217,0.0,24728285177.4603
563,TCD,2016,5.1700816,7.4315824,,18.879494,,,58.31677511,11.61879,95.3,13026289835.7789
564,SRB,1990,12.787223,6.5267891,6.0,,,,,,53.4,
565,ALB,1997,11.964539,5.2691251,5.2,,,,,,70.4,2293666029.99318
566,IRL,2021,27.989835,9.5014647,,22.61232,,,81.60162902,89.27317,0.0,531306516907.984
567,NIC,2004,22.369668,7.5781442,6.3,32.285957,,,75.88808385,61.01162,61.9,5792932838.40051
568,TUN,2003,17.847675,9.1918446,8.4,23.985458,,,74.95127697,79.41239,4.2,27453902261.4629
569,AFG,2003,5.3691998,10.763942,6.1,23.287958,,,56.08520691,24.10033,90.65,4520946818.54581
570,DOM,2015,24.300757,12.961827,,33.780014,1.8,,73.29460988,85.16592,10.5,70966782572.4386
571,CHL,2010,27.957776,10.929199,10.2,29.095673,,,78.83198498,97.10224,0.0,217051209238.534
572,TTO,2006,22.720148,18.857668,8.5,38.628983,,,72.20904818,91.5594,0.0,18369361094.3886
573,RWA,2019,3.994552,4.1623678,,9.9234581,,,67.75562916,71.20652,96.7,10349300276.7623
574,PER,1994,9.9497125,2.8294923,4.9,,,,,,83.1,44882079766.8913
575,LBY,2008,29.890087,16.621302,10.9,38.384689,,,74.20131986,91.22359,,86710767415.1371
576,LBR,2017,12.998709,9.1979071,,17.481501,,,62.62958569,19.63094,99.5,3390703400.0
577,WB_LI,1990,2.1202492,5.0077327,2.7,,,,,,,
578,MNG,2014,18.953456,8.7453142,9.6,18.18181,0.2,,68.96351192,61.55521,58.1,12226514668.0622
579,WPR,2004,3.180868,6.5146282,6.6,21.742393,,,72.92242384,67.7874,48.94,
580,RUS,2022,24.19482,10.666873,,18.106434,,,,89.41853,0.0,2291612121334.64
581,GMB,2011,8.9322753,7.511086,5.3,21.752817,,,62.84614338,46.37754,97.6,1409693596.93594
582,MAR,2012,16.667043,14.672785,11.5,22.82188,,,72.78046277,79.80289,2.7,106937392311.129
583,SVK,2021,26.152945,11.75606,,23.363297,,,74.50941328,97.53413,0.0,120560912620.599
584,CAN,2002,21.276864,7.5540423,6.4,26.790991,,,79.42214804,99.86934,0.0,760649334098.005
585,NLD,1991,8.4052287,5.2114785,4.6,,,,,,0.0,327982316124.47
586,FJI,2022,33.838442,22.764152,,15.530147,,,,93.04374,47.2,4969503549.32096
587,LSO,2003,12.03297,5.1665705,5.2,11.948076,,,45.64538324,15.06599,79.5,1157825434.78971
588,SVK,1991,12.99179,5.7110399,6.1,,,,,,0.0,14459924588.948
589,LBY,2012,31.996799,19.995047,12.6,40.443928,,,73.92406847,91.68284,,92540938129.1315
590,MOZ,1998,2.6615128,5.0081559,3.2,,,,,,98.1,5551118148.73836
591,ECU,1997,12.230088,4.8956528,4.6,,,,,,15.1,28162053026.5133
592,PAN,2012,26.70013,7.9946555,8.5,47.327953,4.1,,77.44906477,75.22407,0.0,41595439700.0
593,ZWE,2001,7.0533015,8.2524091,4.1,20.168217,,,45.43212975,44.63278,66.3,6777385245.70394
594,BGR,1994,12.247055,7.1306869,7.3,,,,,,,9709240033.98973
595,MRT,1997,7.5028285,4.9400464,4.6,,,,,,74.6,2071996564.05296
596,PER,2022,27.288428,17.433175,,34.473938,,,,78.45946,9.9,246065570308.155
597,EMR,2019,26.580027,18.723232,,38.932358,,,70.18316524,77.09483,28.16,
598,NOR,2006,14.633405,6.5964699,6.6,33.21505,0.2,,80.28168328,98.06615,0.0,346915160681.708
599,POL,2015,23.678488,10.552993,,31.712303,0.0,,77.27808527,97.6921,0.0,480054118583.367
600,TCD,2006,3.434721,5.7239637,3.8,21.927143,,,53.09314194,10.19211,97.8,9709626596.13031
601,NIC,2006,23.660858,8.2171686,6.6,32.968479,,,76.73424987,62.98701,60.0,6763672380.61154
602,CPV,2005,8.7767079,7.5622015,5.6,23.914095,,,72.6194338,48.4726,34.9,972241676.907662
603,POL,2016,24.198614,11.096736,,32.433273,0.0,,77.66853135,98.3831,0.0,473259623976.262
604,PNG,2004,14.78872,15.898161,8.3,17.113836,,,63.6270316,18.10733,94.2,3927157866.96465
605,NGA,2022,12.356206,8.9694463,,18.051514,,,,46.57068,75.6,477403400101.174
606,LUX,1999,15.642837,6.2823966,6.4,,,,,,0.0,21899317598.8414
607,TZA,1990,2.005801,3.7225928,2.3,,,,,,99.8,6184384225.02712
608,COK,2013,63.126379,31.603393,26.4,37.039719,,17.0,,84.43137,20.5,
609,ISR,1995,16.365404,8.0646865,6.5,,,,,,0.0,105497418058.646
610,THA,1993,3.9982162,5.220649,4.7,,,,,,52.2,128889262951.157
611,GBR,2008,23.641677,7.5382851,7.3,30.871647,0.2,,79.53700634,99.12076,0.0,2929411764705.88
612,BEN,1997,3.5626333,3.7418708,3.4,,,,,,99.7,2268301646.46707
613,CAF,2009,5.145143,13.68151,4.9,17.885365,,,48.86668457,18.30309,99.5,2067381665.25454
614,MDA,2005,21.786524,6.6023611,7.5,14.607721,13.9,,65.99301769,73.78451,19.0,2988342907.03096
615,HUN,2016,27.648953,13.290128,,25.802723,,,76.07385445,97.99318,0.0,128983560865.293
616,SLE,2010,5.677221,6.7213692,4.3,15.318783,,,54.97106845,12.83773,99.6,4262805966.78755
617,SVN,2017,17.380986,13.073772,,18.610483,,,80.7898907,98.52463,0.0,48153200134.6613
618,GRL,1997,16.401729,4.7380198,,,,,,,,1072154433.84538
619,ATG,2002,20.20376,11.718816,7.6,30.614735,,,74.99067045,,0.0,898092592.592592
620,FRA,2018,10.469229,5.0460409,,25.940109,,,82.37708106,98.64921,0.0,2781576320884.39
621,MRT,2002,10.363086,5.3905152,5.1,59.397594,,,64.15779119,20.41868,67.1,1777057481.26043
622,ISL,2016,19.617367,5.8504883,,27.370855,,,82.17563351,98.78266,0.0,20793168030.9524
623,HUN,1991,13.69556,7.65104,7.6,,,,,,0.0,34867307352.646
624,SVK,2000,15.253121,5.9131559,6.4,27.017891,,,73.32287483,99.82495,0.0,29215726004.7765
625,SDN,1994,4.9308296,8.5720636,,,,,,,98.4,12793794737.042
626,DZA,2013,19.240724,13.412957,10.1,26.47908,,,75.79056138,86.98688,0.5,229701430292.157
627,AND,2013,16.774096,8.7098621,9.0,30.483568,,,,100.0,0.0,3193512950.02419
628,WB_LMI,2006,6.4841419,10.849935,6.5,25.414425,,,64.97632364,,,
629,JAM,1999,16.199012,8.2459815,6.9,,,,,,27.8,8887057997.36228
630,AUS,2021,29.753187,10.097907,,25.50202,,,83.10183853,100.0,0.0,1556735770437.26
631,NOR,2009,15.716712,6.7087837,6.6,33.656406,0.0,,80.74746239,98.06356,0.0,387976400617.019
632,MKD,2010,21.28453,8.7972432,7.8,23.269327,10.4,,74.84175417,92.21386,32.1,9407170321.37752
633,PRK,2018,8.9191414,12.606157,,25.406054,,,72.10726148,83.91557,89.3,
634,GUY,2018,25.501269,19.130497,,33.208195,,,68.74661773,88.53807,0.0,4787636997.85343
635,POL,1998,15.852134,5.8544405,7.1,,,,,,0.0,175282269666.801
636,WPR,1999,2.501259,5.8185562,5.6,,,,,,54.55,
637,AFG,1990,1.9495126,7.8814343,4.1,,,,,,98.9,
638,JPN,1995,2.1921545,8.3896182,7.7,,,,,,0.0,5545563663889.7
639,SYC,1999,18.52424,12.993163,7.1,,,,,,0.0,662838614.880674
640,MHL,2011,41.626906,28.587958,19.7,31.116592,,,,85.00233,40.2,172300000.0
641,AFR,2016,10.132901,7.42587,,18.15086,,,62.92447284,33.1404,82.0,
642,BDI,1993,1.0392364,4.6570413,1.4,,,,,,99.6,938632612.026359
643,COL,2000,11.840665,5.7647467,5.7,26.218855,16.4,,72.53854433,75.4237,22.0,99875074951.0278
644,FRA,1990,10.410545,4.7488853,6.1,,,,,,0.0,1257649439826.53
645,PER,2020,25.326645,14.84201,,33.384865,,,72.7753962,77.2961,13.5,201409694755.934
646,VEN,2017,22.919264,10.851409,,43.827953,,,72.98365736,95.66913,4.5,
647,WB_UMI,2015,12.212998,10.089638,,24.729073,,,74.81672772,,,
648,JOR,2001,30.685508,12.359969,9.3,26.396297,,,72.6802332,98.70595,0.2,8975814652.8196
649,CHL,2000,20.600508,7.5585783,8.2,23.290709,4.4,,76.79721978,92.24385,0.0,78339750721.364
650,TTO,2011,24.441309,23.010641,10.8,40.47797,,,74.01459781,92.83121,0.0,25433007437.1605
651,VEN,2022,22.715917,11.494224,,45.729477,,,,98.39559,6.1,
652,BWA,2013,15.032244,6.2027637,5.9,24.596678,,37.0,60.61242628,71.68014,38.8,14271738933.2042
653,SYR,2005,25.661626,12.862675,8.3,32.337742,,,73.23261717,89.4009,1.2,28858965517.2414
654,TKM,2005,13.912112,14.147981,6.6,15.616338,,,65.28550391,93.56922,0.3,8103901996.37024
655,NER,2004,2.6646962,4.7905978,3.3,21.424644,,,53.86159387,7.49361,99.0,3760443737.53797
656,KWT,2000,35.453689,13.33898,11.3,58.874882,,,77.57714875,100.0,0.0,37718743480.0751
657,TTO,2018,26.594681,27.794677,,42.976555,,,73.99505843,93.91521,0.0,23888910151.9167
658,LKA,2013,6.0994938,16.870466,7.6,28.60165,,74.0,75.82006448,87.39031,75.8,77000578167.353
659,EUR,2010,19.935876,8.4976591,8.3,25.049412,,,75.62937104,94.96586,2.98,
660,BHR,1996,21.360095,9.7013555,6.6,,,,,,0.0,6938166755.31915
661,OMN,1990,13.998206,9.387362,5.2,,,,,,0.0,13310273081.9246
662,GNQ,1998,8.4140845,7.9381309,3.8,,,,,,82.4,370687634.425712
663,VNM,2012,0.84088426,5.1746123,4.7,22.800325,2.8,,72.74028809,73.30447,37.7,195590661129.249
664,KOR,2009,3.5513181,9.3578584,8.2,38.379581,,,80.36278413,99.97811,0.0,943941876218.743
665,NZL,1995,17.110734,6.2272087,6.6,,,,,,0.0,63918703506.9075
666,VCT,2018,30.465564,14.962858,,29.104713,,,73.17900227,89.70106,7.3,884329629.62963
667,CIV,2003,5.5491142,5.0415348,4.0,24.303219,,,52.20445217,22.49057,83.9,21251754340.4305
668,PAK,2002,6.6317342,10.668,7.4,27.788485,,,61.92897932,34.70445,74.2,97923302809.3537
669,BIH,2005,15.21952,9.4971418,8.4,16.06357,,,76.54879498,95.13579,50.85,11222796336.5426
670,GEO,1998,17.481209,10.11309,8.5,,,,,,55.9,3613497316.55319
671,KHM,2000,0.97788135,3.2843512,4.0,13.961831,,,59.10171682,10.18632,96.6,3694168979.32019
672,TKL,2000,59.495234,28.364956,,,,,,,67.1,
673,LBR,2012,10.276173,10.053652,5.3,21.351423,,,61.08289847,16.95789,99.6,2791614000.0
674,NER,2013,4.0748402,5.1406924,4.0,18.490217,,,59.22776171,11.89473,98.3,10224897437.8648
675,SYC,2002,20.311286,13.92484,7.6,22.043676,,,72.11976114,95.90632,0.0,742134837.50919
676,WPR,2013,5.161649,8.4952369,8.8,24.224003,,40.0748,76.25932609,82.27563,31.9,
677,LBY,2015,33.512577,22.069438,,42.01881,,,72.65332031,92.02729,,48717501321.3052
678,AND,2002,14.383136,8.0581382,8.5,35.126732,,,,100.0,0.0,1764279824.29752
679,CIV,2019,10.361018,8.3472565,,20.051968,,,63.48479652,34.77797,65.3,60382894697.3557
680,TJK,2015,19.091526,9.343417,,32.030373,4.8,,72.37216019,95.31654,21.9,8271431485.07484
681,PAK,2018,18.522559,21.994378,,41.86124,,,66.73689511,63.66155,53.9,356128166704.921
682,ARM,2016,22.01771,11.503088,,25.298203,1.8,,74.40594896,93.24654,2.2,10546136235.5219
683,LKA,2018,8.3703347,22.178742,,33.281727,,,77.17579214,91.62932,70.0,94450015982.8405
684,LUX,2011,18.218373,7.0785254,6.6,20.2286,0.0,,81.39260196,97.63368,0.0,61696281326.2453
685,MNE,2009,13.951707,8.8338763,8.1,20.380861,0.0,,75.38841226,92.25611,36.3,4159330369.5471
686,NPL,2003,1.5931372,8.0822684,6.7,10.813757,46.1,,67.3578409,21.70988,90.3,6330473096.54071
687,FJI,2017,30.779672,20.876697,,16.639814,,,67.87169424,93.25117,55.9,5353469174.47838
688,MDA,2010,22.744761,7.5508453,8.4,13.338992,0.5,,67.76693165,76.9677,8.1,6974982369.60155
689,BOL,2003,14.67655,8.2160018,5.2,22.12479,,,67.7351254,38.25614,34.0,8082399639.54305
690,AFG,1993,2.4554918,8.3391517,4.6,,,,,,98.2,
691,MOZ,2008,4.9437676,5.3872373,4.1,7.8016596,69.1,,53.06339796,18.83024,97.3,12920340964.6544
692,CMR,1990,3.1782236,3.9896615,2.9,,,,,,96.0,12314482627.8454
693,POL,2003,17.961979,6.3768424,7.5,23.968987,0.1,,74.54799786,89.59468,0.0,218561225998.47
694,VEN,2018,22.879703,11.047626,,44.207428,,,72.81771282,96.21442,4.6,
695,ESP,1995,16.179191,8.222086,7.9,,,,,,0.0,614170002668.802
696,SYR,2017,31.805724,18.658064,,36.197483,,,59.23626681,93.25803,4.95,16369843352.3453
697,CYP,2016,22.027159,8.1403606,,41.45079,,,81.7149767,99.43986,0.0,21046462280.5979
698,MEX,2014,30.692163,17.177817,10.4,25.833633,4.1,,75.90738439,87.6256,15.3,1364507717764.6
699,GRD,2009,22.139296,15.518649,8.3,30.404848,,,70.93802753,92.23205,7.2,771275555.555555
700,MLI,2020,10.439663,6.0279958,,30.301273,,,61.46815324,46.58259,98.8,20698560938.7775
701,ZWE,2011,9.7395383,8.6478829,4.5,18.21641,21.4,,53.27755042,40.54131,69.7,14101801030.5739
702,GBR,2004,21.709974,6.5813422,7.0,34.345036,0.5,,78.67634871,99.1257,0.0,2421525082387.4
703,PRK,2000,3.5308372,6.7448191,5.1,20.683605,,,62.51800133,,98.7,
704,ECU,2022,27.378547,12.158979,,22.777739,,,,92.2725,5.3,116133121000.0
705,BGD,2019,4.3223269,15.503599,,20.326948,,,73.94958231,54.91024,76.9,351231654603.692
706,TUR,2010,28.847486,11.359318,11.6,41.63718,0.8,,76.50699578,93.28825,5.8,776967266305.53
707,GAB,2001,10.115945,8.5157998,6.7,25.382795,,,57.70877986,34.93721,34.0,5023265413.2623
708,SDN,2009,10.265604,10.512763,,20.821201,14.9,,66.44393468,26.92019,70.7,51621044076.9231
709,MYS,2018,19.522338,20.476955,,40.234814,,,74.52805915,95.81885,10.35,358788845712.53
710,MKD,2005,19.065867,7.2927967,7.3,22.570921,,,73.73592756,89.14414,38.6,6258602872.67898
711,GMB,1991,1.6668875,4.7921825,2.7,,,,,,96.2,690311080.515018
712,ARG,2004,20.719248,8.6025357,8.8,34.489517,5.4,,74.90566583,89.53507,2.4,164657930452.787
713,HUN,2015,27.009073,12.875511,,25.239267,0.5,,75.5700037,97.99546,0.0,125244126623.289
714,EMR,1993,11.295079,8.6155161,6.2,,,,,,57.03,
715,SVK,2019,24.857444,10.733503,,23.53998,,,77.61261952,97.53184,0.0,105843498304.094
716,MDG,2018,3.296797,6.5072373,,13.557227,,,63.71423448,12.64705,98.8,13760033282.2925
717,FRA,1999,11.648615,6.1363,6.8,,,,,,0.0,1486915879701.93
718,NIC,2019,31.785649,11.77163,,37.635303,,,78.87404349,72.9694,44.2,12699023614.245
719,YEM,2006,7.0951052,8.958482,5.9,22.819796,,,66.27840827,48.07615,41.6,19063143369.858
720,KAZ,2015,16.749354,8.8658698,,24.256813,0.0,,71.97923102,97.73783,6.7,184388404706.042
721,LBN,2020,29.06177,19.964734,,56.643696,,,77.70116098,99.2,,31712128253.7961
722,ETH,2019,2.3102844,5.0809804,,9.7535973,,,68.84848169,8.65204,94.1,95912620248.0592
723,LSO,2011,15.474986,4.9752481,5.8,9.5557604,,,49.10182257,32.51866,67.2,2579409619.96722
724,SGP,2022,13.876627,14.09847,,23.174879,,,,100.0,0.0,509017841146.557
725,SWZ,1997,13.580425,6.1637953,4.7,,,,,,78.4,1716714070.12471
726,THA,2012,9.987139,9.7406507,9.1,22.135792,0.1,,76.18036117,96.06463,24.5,397558325278.579
727,MLT,2010,29.940382,12.045252,9.8,49.176674,0.2,,80.4834984,99.96472,0.0,9097044182.15877
728,MWI,2016,5.5818748,3.8418237,,4.4371986,70.3,,62.19781015,36.26849,97.9,7909868618.46366
729,KWT,2017,41.046453,23.628435,,62.999428,,,82.62315795,100.0,0.0,120687539675.517
730,USA,2003,30.408621,9.3935475,7.6,30.254168,,,76.98967151,99.87188,0.0,11456450000000.0
731,DMA,1992,12.811163,10.546811,6.3,,,,,,29.7,234059259.259259
732,BTN,1998,2.9485591,9.1457278,6.5,,,,,,80.3,363458380.903342
733,SVK,1995,13.75487,5.7556879,6.2,,,,,,0.0,26180022222.2222
734,MWI,2002,2.4343587,5.030502,3.3,13.668436,,,46.23607096,9.35481,98.0,5087328437.8737
735,LKA,2015,6.9371611,18.823512,,30.433304,,,76.44590803,89.0753,73.7,85090301052.0465
736,CRI,2010,23.554841,14.256692,7.6,45.475842,1.5,,79.51380421,95.92203,7.6,37658616951.8182
737,MEX,2005,24.766849,15.262842,8.5,23.551075,6.2,,74.92683948,81.47235,15.2,917571853529.104
738,TUN,1997,14.846726,8.2160905,6.9,,,,,,16.7,20746210353.845
739,STP,2008,10.322019,7.7867173,5.1,17.898195,,,67.68827914,30.50582,99.2,188021165.00338
740,HND,2009,20.583066,7.4320517,6.2,31.204159,13.8,,70.99448917,73.10799,58.4,14587496229.1811
741,POL,1993,14.487833,5.7391025,6.8,,,,,,0.0,96043157272.862
742,SLV,1991,12.660787,4.8601888,5.3,,,,,,64.1,5252342400.0
743,CRI,2006,21.016835,10.922659,6.9,44.012459,3.2,,79.36411318,95.01539,8.9,22715540324.3032
744,HRV,2006,18.889783,8.3055846,8.2,15.923722,,,76.02870627,97.52462,0.0,49590197656.5482
745,UGA,2013,4.4210281,3.0938648,2.7,7.098352,,,62.71779853,19.16629,99.1,28915786516.6123
746,TJK,2011,16.464162,8.562839,6.5,30.01193,,,70.42452045,93.82731,29.0,6522756255.012
747,IRN,2010,19.168751,8.9885756,8.5,36.798214,,,76.56624741,85.16567,3.1,487069570461.36
748,SOM,2016,11.333711,6.8537772,,18.317375,,,53.9446075,35.06461,97.7,6613743069.99912
749,IND,1992,0.93428846,9.6237376,4.7,,,,,,86.9,288208070278.013
750,TKL,1998,58.374614,26.859513,,,,,,,67.9,
751,NAM,1990,6.0118418,5.3009078,2.8,,,,,,71.7,2789921853.53112
752,MKD,2000,16.986255,6.3814208,6.9,22.097288,,,72.94763036,88.64995,45.5,3772859034.20508
753,PNG,1999,13.68629,14.529045,7.1,,,,,,94.7,3477038204.01733
754,ASM,2012,72.259849,31.910962,,,,,,,,640000000.0
755,SOM,1992,3.4494333,5.1001679,3.1,,,,,,99.8,709297578.5
756,SRB,1993,13.093773,6.8382084,6.3,,,,,,50.3,
757,ESP,1993,15.471724,7.4527629,7.7,,,,,,0.0,524700572623.872
758,BWA,2004,11.793598,5.7861179,4.8,27.608215,,,50.64076648,57.23544,49.1,8957467706.5354
759,CUB,1993,8.0187,6.6565968,6.5,,,,,,66.3,22367254864.8649
760,GTM,2012,19.993515,14.389014,7.3,22.429865,,,71.91726662,66.05359,62.5,49593929487.1263
761,KWT,1991,28.45901,12.642814,9.7,,,,,,0.0,11009993703.1474
762,KOR,1991,1.5937746,6.1648566,5.3,,,,,,0.0,330647042837.334
763,LVA,1997,16.481224,6.2446985,8.1,,,,,,0.0,6349481006.53278
764,VNM,2008,0.58103409,4.3464176,4.3,20.197729,14.8,,72.35184572,65.47127,58.8,99130304099.1274
765,TLS,2008,0.87344283,3.4002259,3.8,19.851904,,,66.57678716,42.76435,96.8,648523600.0
766,ISL,2020,20.659512,6.3518628,,26.319223,,,82.56117418,98.78055,0.0,21629953194.0659
767,HUN,1998,16.830672,8.2158878,7.8,,,,,,0.0,48784412623.5939
768,NPL,2000,1.2141364,7.48882,5.8,11.46325,,,65.36598722,13.9643,95.0,5494252207.90502
769,KGZ,2005,15.521207,7.266739,6.3,17.127441,15.3,,67.04293061,93.4672,37.5,2460246766.41401
770,BRN,2022,31.710672,18.689297,,32.532093,,,,99.48083,0.0,16681536442.5498
771,COG,2007,6.7019939,8.630693,4.7,19.725506,,,58.25955292,14.52604,86.6,8782703436.70188
772,VCT,1994,14.862949,6.6578448,5.7,,,,,,3.8,289437037.037037
773,BLZ,2005,29.849038,9.5749736,7.9,34.623646,,,72.3988756,84.05505,17.4,1474950000.0
774,AGO,2003,6.1658528,10.812438,3.9,21.373306,,,51.74053195,31.85606,58.3,17812704586.4397
775,BEL,2004,15.943444,5.365029,6.5,43.131634,0.0,,78.79615664,99.48529,0.0,369214712443.206
776,BIH,2001,14.106287,8.1949413,7.6,15.450962,0.3,,75.85448253,95.08796,47.3,5800615466.26648
777,IDN,2019,9.38638,10.302446,,18.176195,,,71.40110181,82.0727,18.15,1119099871350.2
778,IRQ,2009,32.420838,14.376336,11.1,45.712967,,,70.61725364,81.22912,5.8,111657580326.315
779,FSM,1990,33.612707,14.199989,8.2,,,,,,88.5,147200000.0
780,DNK,2020,13.073198,3.4944378,,13.11163,,,81.36821984,99.59723,0.0,355631021931.621
781,PAN,2022,36.07102,8.8767447,,57.638584,,,,85.87988,0.0,76276116700.0
782,RWA,2015,3.011165,3.5894692,,11.489001,,,66.96378175,65.80252,99.0,8543760205.73641
783,LKA,1998,2.0691795,8.3537325,4.5,,,,,,85.2,15794972847.1683
784,BGR,2009,16.741773,9.9421598,9.3,24.600824,1.2,,73.57651207,85.92101,,52023801230.12
785,CYP,2018,22.290652,8.318077,,41.21426,,,82.05668584,99.39586,0.0,25754001367.5448
786,SLE,1996,2.6878836,5.3273782,3.3,,,,,,100.0,941709422.502965
787,AUS,2016,27.423829,8.3228469,,25.758631,,,82.59341791,99.99873,0.0,1206836962281.84
788,GUY,1998,13.049701,9.2795983,5.3,,,,,,0.0,717530683.169567
789,BHS,1997,25.557247,9.6906468,8.2,,,,,,0.0,6332360000.0
790,UZB,2018,26.475865,13.467634,,26.163309,,,71.46640597,95.81627,17.75,58695899092.1083
791,RWA,2003,1.2915592,3.0969484,2.0,18.46664,,,52.47567981,49.4008,99.9,2138237278.73822
792,CAN,2009,24.02837,7.7980965,6.9,30.593157,,,80.88259979,99.59556,0.0,1374625142157.29
793,AUS,1992,14.057429,4.0393103,5.8,,,,,,0.0,325525379566.838
794,TZA,2021,11.954055,5.1431239,,4.5070186,,,66.8101483,30.43225,92.2,70655628147.8986
795,DNK,1996,9.4246678,3.7642941,5.9,,,,,,0.0,187481157845.724
796,IRL,2010,24.390015,5.853761,6.8,31.25771,0.5,,80.6170111,89.88328,0.0,221985621537.5
797,ERI,2015,3.1640753,6.2880181,,11.821958,,,62.5177156,11.83791,89.8,
798,ARM,2011,19.893146,10.365944,11.3,24.423233,2.2,,73.30611739,91.2862,3.7,10142111824.5835
799,GNB,2005,5.786474,5.766011,4.2,20.299112,,,52.21818539,7.66562,98.8,639776040.688424
800,BRA,2020,26.182434,12.762566,,39.469112,,,74.11393563,90.07848,3.55,1476107231310.49
801,PER,2003,13.351765,3.6506478,5.5,26.496708,11.7,,76.35423675,66.41234,48.3,58731030121.8671
802,GBR,2015,25.354999,9.3371004,,24.514503,0.2,,80.65863594,99.11256,0.0,2927911140916.73
803,POL,1991,14.110756,5.7527065,6.7,,,,,,0.0,85500935934.9901
804,KAZ,2008,15.275641,7.9043984,9.8,20.730986,0.1,,67.14338476,97.25816,9.8,133441648851.982
805,USA,2020,40.96708,14.880937,,33.409649,,,76.89250856,99.66627,0.0,21354105000000.0
806,TUR,2002,25.236875,8.5371144,8.6,39.46666,2.5,,74.77351879,87.49078,8.8,240249071871.106
807,KEN,1993,2.7000321,3.3001021,2.3,,,,,,99.6,5751786642.55871
808,MAR,2015,18.180078,15.997802,,23.259064,,,73.26259745,82.61339,2.1,110413823841.592
809,PYF,2000,38.255316,13.0252,,,,,,,,3599845480.34359
810,CPV,1992,3.9110418,6.0553204,3.9,,,,,,40.6,357160985.327413
811,AFG,2005,6.2441889,11.445624,6.5,24.084969,,,56.79050349,27.23919,87.9,6203256538.70967
812,AZE,2011,20.902582,9.8959565,10.2,22.559334,,,70.38906117,87.30903,5.6,65952796427.9473
813,FRA,2011,11.922055,6.1405897,7.8,31.316353,0.0,,81.57719696,98.65472,0.0,2870408553990.28
814,IRL,2012,25.045148,6.3794583,7.0,29.585007,0.2,,80.49448401,89.74721,0.0,227270922957.327
815,LUX,2010,18.19734,7.067991,6.6,20.903061,0.0,,81.17521457,97.64001,0.0,56213985987.4168
816,TUN,2012,22.036463,11.962563,11.3,28.194359,,,76.52515319,88.93387,0.4,47311401812.6733
817,COM,2003,6.862402,4.1211881,4.2,10.41203,,,63.63164331,31.62013,99.0,546885222.713065
818,TTO,2022,28.05278,30.263868,,44.51088,,,,93.91521,0.0,28510328245.1372
819,WB_HI,2003,18.46927,8.3504722,7.6,30.731354,,,78.01340604,,,
820,BEN,1995,3.0450171,3.6833718,3.2,,,,,,99.9,2169627137.9207
821,BFA,2000,1.4489722,3.7222546,2.8,16.038387,,,51.8877146,10.1879,97.4,2968370087.59759
822,MDA,1997,19.417,5.7206035,6.2,,,,,,46.4,1930081168.83117
823,WSM,1999,45.760107,11.879124,13.5,,,,,,83.4,255408060.259486
824,COG,2012,7.3617645,9.2916757,5.4,18.148672,,,61.21875153,17.18433,79.8,17692911296.3044
825,GMB,2008,7.5775355,6.8684794,4.8,22.084749,,,61.50169712,46.3745,97.1,1561766955.73024
826,ZWE,2008,8.8257164,8.5901469,4.5,18.661598,,,48.32688541,42.38918,68.9,4415703155.54517
827,KWT,1999,34.683716,13.00042,11.1,,,,,,0.0,30122365849.2518
828,CIV,2017,9.6222498,7.7547595,,20.401718,,,62.27592918,33.11574,69.8,52512343996.69
829,SUR,2007,19.887201,13.604176,9.8,39.843021,,,72.06527282,81.21582,15.7,2936612021.85792
830,HTI,2016,9.1748953,17.997508,,26.151499,,,62.79654412,33.59935,96.0,14069277526.2278
831,FSM,2016,44.15327,29.59592,,32.766418,,,65.5242044,90.4539,87.3,325000000.0
832,SYR,2022,33.941719,18.21401,,37.840435,,,,94.98033,9.9,23622827079.5047
833,GIN,1992,1.4145377,4.5065265,2.6,,,,,,99.6,4789220416.70641
834,SRB,2011,17.866984,10.72678,8.2,46.574181,,,74.54862943,96.67729,31.4,51251098408.0924
835,COL,1992,8.3928242,4.2205423,4.6,,,,,,33.4,58394443377.5416
836,KOR,2001,2.4343094,7.7187836,7.1,28.139282,,,76.56907797,100.0,0.0,547656279894.587
837,KIR,2008,41.828811,20.36798,18.9,38.386295,,,61.27006207,39.1672,97.8,147017894.97877
838,MOZ,2018,8.311975,5.584253,,8.8699389,,,57.94330191,31.94672,94.8,15017358952.8452
839,CZE,2004,19.691698,7.3047929,8.4,23.641407,0.0,,75.78544673,99.11882,0.0,120147899983.657
840,PRT,2007,17.17864,8.4090739,8.1,45.388386,0.2,,78.95554595,98.41206,0.0,240496147317.381
841,MNG,2020,22.798419,12.565707,,24.949455,,,72.70622882,69.08225,48.2,13312981429.0891
842,EMR,2008,19.33572,12.649882,9.2,33.206211,,,67.59196827,66.21291,35.17,
843,LVA,2019,23.471104,11.509799,,15.180816,,,75.68490068,92.41313,0.0,33099503950.847
844,ASM,2014,72.871685,31.572005,,,,,,,,643000000.0
845,FSM,2021,46.588495,30.467054,,29.837978,,,65.70956674,,86.7,391601946.963072
846,ARE,1995,22.133987,15.054418,6.3,,,,,,0.0,65743666575.8649
847,BDI,1997,1.3011599,5.0487909,1.6,,,,,,99.7,972896267.915425
848,WB_HI,2013,22.698663,10.189527,8.7,31.78898,,0.2133,80.30511012,,,
849,SWZ,1991,10.404057,5.1432002,3.9,,,,,,85.9,1156135717.94598
850,ITA,2016,16.489515,10.166098,,41.210236,,,82.86744999,99.8854,0.0,1887111188176.93
851,ARM,1991,12.140544,6.4220108,7.0,,,,,,52.4,2069870129.87013
852,NIU,2008,59.128588,28.814366,22.6,12.521182,,,,99.41576,8.4,
853,PYF,1991,34.448212,10.287704,,,,,,,,3410078967.89823
854,LUX,1997,14.90462,6.1003797,6.4,,,,,,0.0,19563836265.2233
855,PSE,2015,35.380018,14.104566,,33.819031,,,74.56005234,96.25413,,13972400000.0
856,CHN,2005,2.9029299,6.5755568,6.7,20.288839,18.5,,72.44256077,66.00742,52.6,2317551298052.05
857,FIN,1991,13.662131,4.7545012,6.5,,,,,,0.0,127794441993.824
858,DJI,2019,9.8454639,7.1611553,,17.012804,,,65.43875202,66.63824,90.55,3088851450.30694
859,UKR,1999,18.093188,6.5483622,7.7,,,,,,9.3,31580639553.8298
860,COM,2001,6.0701486,4.0912643,4.0,9.9414072,,,62.70292188,30.43603,99.3,378512024.077556
861,TJK,1994,8.4979385,6.6101767,4.0,,,,,,79.3,1522001205.54551
862,BRN,2018,28.27023,15.590544,,31.242947,,,76.40808264,94.61428,0.0,13566908401.1864
863,CUB,1994,8.3419017,6.9373608,6.6,,,,,,62.0,28448326756.7568
864,LCA,1996,14.217162,7.7582687,6.3,,,,,,21.4,788888888.888889
865,PAN,2013,27.608785,8.1595331,8.7,48.38118,2.8,15.0,77.6523099,76.36572,0.0,46949496500.0
866,TJK,2012,17.107262,8.7236725,6.9,30.503044,,,70.97199509,94.19984,27.2,7633036903.07634
867,MNE,1990,9.4009809,5.4843396,5.6,,,,,,37.1,
868,BOL,2011,19.772305,10.629786,6.2,21.865051,7.3,,70.72011626,49.76747,22.2,23963164696.592
869,CHL,2013,30.465499,12.134876,11.1,31.188015,0.9,7.0,79.82550323,98.48645,0.0,277395018842.417
870,AUT,2011,14.10085,7.0730798,5.9,26.175217,0.5,,80.73795859,99.98411,0.0,428954737064.057
871,SWZ,2010,21.979542,7.5173452,6.1,21.720013,,,46.38823095,56.50258,60.8,4438765085.93784
872,ZMB,1997,3.0985709,3.931462,3.2,,,,,,86.7,4303288479.7086
873,KEN,2008,6.7321517,3.6361106,3.3,11.284648,,,59.48455643,30.97903,94.2,35895153327.8497
874,GHA,2008,9.2312925,4.5336127,4.3,18.717653,,,61.08557755,12.9418,87.1,28679383241.0729
875,CYP,1993,15.528873,5.9901699,5.6,,,,,,0.0,6590291048.29211
876,IDN,2015,7.2550252,7.7560104,,17.199345,7.2,,70.53899644,72.98959,33.2,860854232686.214
877,BIH,2006,15.51211,9.8945886,8.5,16.250315,,,76.79616301,95.15163,52.3,12864841905.9543
878,CAF,1997,2.4412232,10.447096,3.5,,,,,,99.4,937741513.015352
879,LBR,1990,2.2105053,6.4108208,3.7,,,,,,99.2,384400000.0
880,KOR,1990,1.5317132,6.0014825,5.1,,,,,,0.0,283365844161.092
881,ATG,2022,33.250901,22.384769,,38.117939,,,,97.40372,0.0,1866566666.66667
882,GTM,2022,26.810235,15.983495,,36.830093,,,,69.62173,54.5,95641441234.943
883,MYS,1991,5.4346133,8.5264318,5.1,,,,,,5.2,49143148094.2683
884,LVA,1991,15.284412,5.5236962,7.7,,,,,,0.0,
885,SDN,2020,15.65472,8.7019064,,19.168356,,,68.44077001,36.89208,36.6,27034593750.0
886,GTM,1990,7.6112397,6.6443659,4.4,,,,,,51.9,7650196845.21546
887,ISR,2006,20.969287,10.093586,6.8,32.576538,,,79.95901874,100.0,0.0,158900547825.306
888,GBR,2007,23.232515,7.2676212,7.2,31.763756,0.2,,79.41525763,99.12197,0.0,3090510204081.63
889,BFA,2012,3.7042722,5.3086389,4.0,16.506329,,,59.51806294,18.86758,92.9,12561015156.5683
890,SEAR,2017,6.109619,15.793858,,35.408329,,,70.7727814,66.68419,45.8,
891,SVN,1997,13.28038,6.7369513,6.9,,,,,,0.0,20726878751.5006
892,PER,2021,26.29858,16.093713,,33.926189,,,71.66727055,77.87949,11.6,226328766459.634
893,KOR,1992,1.6599167,6.3466847,5.5,,,,,,0.0,355524903068.056
894,CIV,1998,3.9178625,4.5829087,3.6,,,,,,84.2,19619654755.679
895,BDI,2015,3.419105,5.7507619,,14.609781,,,62.7069542,45.87571,99.8,3104003546.26497
896,MOZ,1994,2.095956,4.5918748,2.8,,,,,,98.2,2958108170.32061
897,EGY,2015,39.647537,20.222642,,32.749672,1.3,,70.05641038,95.93187,0.2,329366576819.407
898,BOL,1992,9.312012,5.8197837,4.2,,,,,,45.5,5643868748.68126
899,NIU,1996,52.714938,21.636131,15.0,,,,,,37.4,
900,TTO,1996,17.843592,12.281709,5.4,,,,,,0.0,5759570336.11287
901,IND,1994,1.1025273,9.9793904,5.0,,,,,,84.7,327274843459.429
902,NAM,2000,9.8228708,6.4648084,3.7,37.818241,,,53.02475546,28.05522,66.0,3922232164.83175
903,ARE,2000,25.436404,17.559804,7.2,45.941826,,,78.11838329,99.16086,0.0,104337372362.151
904,GNQ,2017,15.516871,10.582599,,20.150503,,,61.20572328,66.31279,76.2,12200913878.9827
905,PER,2013,19.219597,8.1558108,6.8,29.897177,4.3,34.0,79.48260244,73.11919,28.7,201175543571.392
906,CYP,2009,21.089955,7.8291751,7.3,42.35482,0.0,,80.92281877,99.5939,0.0,26048179949.1741
907,POL,2010,21.273522,8.3288305,8.6,28.317175,0.0,,76.23355347,94.27628,0.0,478111630683.514
908,STP,1993,4.011254,5.7145145,4.9,,,,,,99.9,125742228.756741
909,WB_LMI,1996,4.191957,8.4936388,5.1,,,,,,,
910,COL,2008,15.862861,8.393731,6.9,28.903645,10.4,,75.40888643,82.55141,16.3,242504150472.931
911,CAN,2016,25.27532,8.4994651,,34.051834,,,81.74452018,99.00975,0.0,1527994741907.43
912,MOZ,2017,7.8880847,5.5100821,,8.7010088,,,57.33253714,30.56033,95.1,13264640645.7768
913,SSD,2013,5.5506684,5.91789,,16.740726,,,59.03400442,8.78381,100.0,18426469016.9492
914,LUX,2015,18.189709,7.1715333,,17.655485,0.2,,82.3849065,97.61074,0.0,60071584216.1375
915,PAN,2019,33.192843,8.6567216,,54.632492,,,78.97361247,83.37855,0.0,69778991200.0
916,KWT,1995,31.477892,11.619733,9.9,,,,,,0.0,27186980646.5448
917,SWE,2010,14.538844,6.0456421,6.8,18.507513,0.5,,81.30465771,99.0501,0.0,492753255885.718
918,LBY,2009,30.423114,17.285901,11.3,38.906612,,,74.13441802,91.3384,,60808562033.4191
919,JAM,1992,11.559423,6.1221965,5.5,,,,,,44.4,3535460089.80719
920,LCA,1992,11.699559,6.9422856,5.5,,,,,,27.8,674074074.074074
921,NZL,1991,13.982804,5.7927553,6.2,,,,,,0.0,42745329732.163
922,LSO,2022,20.998225,6.1279267,,7.977572,,,,50.27919,48.2,2354980884.15271
923,HUN,2020,30.305022,15.016557,,28.157923,,,75.76307465,97.98371,0.0,158468487754.196
924,BHS,1990,19.132517,7.2415814,6.7,,,,,,0.0,3166000000.0
925,OMN,2011,24.481413,13.250054,7.6,35.989597,,,73.21785366,96.98959,0.0,77497529258.7776
926,ECU,1995,11.400281,4.6398278,4.4,,,,,,18.4,24432884442.2211
927,BOL,2014,21.988839,11.797041,6.6,21.931704,5.8,,71.64868401,54.89681,18.9,32996188017.3661
928,HUN,2000,17.966799,8.5301854,8.0,17.879421,,,71.36114531,98.04373,0.0,47275954428.9586
929,AUT,2016,14.518945,7.1800292,,23.002716,,,81.38820091,99.97481,0.0,393687359770.273
930,URY,2004,19.845094,11.432873,9.7,29.799255,,,75.26030661,93.46888,0.0,13686329890.1191
931,MRT,2007,13.529409,6.0431864,5.8,54.623413,,,67.11455039,27.44807,61.0,4346212355.02975
932,MYS,1996,7.340166,9.1498546,6.2,,,,,,2.9,100855393910.486
933,GMB,2019,12.977329,9.9790305,,21.117634,,,64.91162984,47.20141,98.2,1813609692.49994
934,BEN,2000,4.4952791,3.8388312,3.7,16.611406,,,57.42109531,8.60567,99.3,3519991440.47913
935,MOZ,1999,2.8385408,5.096136,3.3,,,,,,98.1,6285219691.22462
936,GHA,2014,10.671166,5.7285514,4.8,19.48044,,,63.96496972,19.28711,80.1,54678533805.9064
937,DZA,2000,13.436177,9.6336916,6.4,23.888346,,,72.46839135,84.48083,3.5,54790398570.3282
938,PRI,2006,30.441383,19.833204,,35.617851,,,78.05684106,,0.0,87276164400.0
939,ECU,2001,14.049004,5.4820303,5.1,21.795515,,,73.06545756,71.20586,10.7,23127055000.0
940,EUR,2003,17.797379,7.3812582,7.5,25.490459,,,72.7931665,93.46626,4.07,
941,SVN,2013,16.423593,11.140531,9.3,18.646008,0.0,,80.1367942,98.7381,0.0,47867056858.8892
942,ZAF,2016,29.387876,12.30149,,46.508484,,,63.87748533,73.05147,15.0,323585509674.481
943,LSO,2005,12.914479,5.1976897,5.4,11.269343,,,42.6642992,19.58857,76.4,1682343527.49221
944,MRT,2018,19.800936,8.7210782,,42.342674,,,69.9973737,47.54589,53.9,7473550557.07378
945,HTI,2010,7.884635,14.970653,6.1,24.398457,,,39.95809831,27.15644,96.4,11859312725.1448
946,THA,2015,11.387642,10.930557,,23.988091,0.0,,76.97043175,97.10371,21.1,401296238228.084
947,LTU,2009,22.303993,10.302883,8.9,22.471752,2.2,,72.78267615,88.64642,0.0,37494380038.9213
948,ALB,2010,16.569351,8.4833495,7.7,21.201094,,,76.21290189,95.17216,34.1,12086545641.299
949,KEN,2016,9.6398227,3.7641745,,9.6776466,,,65.03249549,34.08849,85.8,74815144163.8931
950,MNG,1999,10.283606,5.86369,5.5,,,,,,78.1,1057408588.68269
951,LUX,2001,16.348456,6.3580036,6.5,26.766724,,,78.61781312,97.70217,0.0,21387533703.2327
952,SSD,2018,7.0818573,6.9109276,,16.320423,,,58.86129412,14.45064,100.0,
953,SRB,2021,22.000775,15.327629,,44.956894,,,72.80891574,97.90139,18.9,66159884072.5308
954,COM,2019,14.373326,4.8355337,,15.744795,,,68.10062174,35.90668,92.3,1195019531.03664
955,RUS,2013,22.476029,8.1215829,9.1,14.50367,0.0,,70.69584464,87.34111,0.0,2292470078346.22
956,PLW,2007,38.25272,21.615599,20.2,31.952372,,,,94.64646,0.0,200903600.0
957,ECU,2005,16.007459,6.2351558,5.7,21.593739,12.1,,73.75770165,74.86403,8.0,40278849000.0
958,GLOBAL,1991,6.769346,6.1971568,4.9,,,,,,56.135870614,
959,UKR,1996,17.311399,6.1575361,7.6,,,,,,11.4,44558831005.0621
960,NZL,2012,29.290628,8.8054426,8.4,20.130413,,,81.08807722,100.0,0.0,176560711239.147
961,ERI,2022,4.8325729,7.5001284,,11.818641,,,,,88.1,
962,LVA,2014,22.203989,9.5494345,9.4,16.543123,0.7,,74.4358747,91.08324,0.0,30277203767.4058
963,CAN,1994,16.474345,7.6466493,5.6,,,,,,0.0,579944346807.264
964,SVN,2004,15.060341,8.0524012,7.7,19.272514,0.0,,77.10892927,99.11168,0.0,34156553313.4031
965,ZWE,2012,10.065372,8.6934946,4.6,18.092964,,,54.90174943,39.92942,70.0,17114762913.5326
966,BLR,2011,20.858835,6.7204744,9.1,16.113277,0.0,,70.57181476,95.54299,1.0,61762382327.9319
967,IND,2022,7.2678864,21.509859,,49.418007,,,,78.38856,26.6,3346107287730.93
968,PHL,1994,2.3192646,4.1439101,3.9,,,,,,71.5,73159336915.2718
969,SSD,2009,4.6251509,5.7441089,,17.423973,42.7,,57.82228027,,100.0,12231264525.0671
970,VUT,1992,14.409517,5.3235292,6.7,,,,,,89.8,209088824.608438
971,KOR,1996,1.9581884,7.0709281,6.4,,,,,,0.0,610167053824.007
972,DZA,1993,10.806754,8.195515,5.2,,,,,,9.45,49945584452.6506
973,AZE,2015,22.981963,10.970246,,22.94795,,,73.62700051,96.11962,3.1,53076235354.746
974,BGR,2016,18.798955,12.770331,,28.542114,,,74.77317639,85.99353,,53929397039.2106
975,WB_LI,2000,3.6217548,6.255731,3.5,18.91193,,,53.61347237,,,
976,CYP,2012,21.55879,7.9153553,7.6,41.99638,0.0,,81.61972744,99.52844,0.0,25047436974.6819
977,NZL,1996,17.948081,6.3151591,6.7,,,,,,0.0,70140835299.0148
978,GBR,2011,24.553245,8.3025813,7.4,28.124481,0.2,,80.64139781,99.11719,0.0,2663805834828.07
979,BGR,2019,19.660026,14.272691,,30.361307,,,75.0010583,86.02472,,68634004792.1
980,LCA,2007,22.468799,12.28202,9.8,23.248421,,,75.22231763,84.25554,6.0,1336088814.81481
981,IRN,2007,18.017253,7.800021,7.5,34.528389,,,75.56586174,83.23211,4.0,349736591836.295
982,TCD,2017,5.3779185,7.6654211,,18.653826,,,58.6099778,11.82919,94.8,13349041408.7152
983,JAM,2020,32.254887,22.354206,,37.601532,,,72.64037778,86.60643,7.6,13812421835.7369
984,GNQ,2008,12.631866,9.250249,6.2,22.367447,,,59.26655739,62.17771,78.1,19749893536.3204
985,BTN,1999,3.1636223,9.3295403,6.7,,,,,,77.0,399311199.50776
986,GMB,2020,13.604626,10.384092,,21.116199,,,64.7871582,47.36458,98.3,1812170891.19069
987,WPR,2016,6.087777,9.6796699,,25.265116,,,77.00014055,86.67116,24.84,
988,CRI,2011,24.207658,15.194869,7.8,45.841946,1.6,,80.26271645,96.16904,7.2,42762613698.9258
989,NZL,2022,33.621314,11.403428,,18.67824,,,,100.0,0.0,249509991440.438
990,JOR,1996,27.082571,10.470659,8.2,,,,,,0.4,6927503526.09309
991,TUV,2002,53.929585,16.729847,17.1,36.739826,,,,81.0852,89.6,16842672.5952874
992,TUV,1998,51.837432,15.589865,15.0,,,,,,95.0,13795146.2092638
993,KNA,2004,32.36551,12.407517,10.6,33.84351,,,,89.06709,0.0,506900000.0
994,IDN,1997,2.1610083,4.0963389,4.6,,,,,,95.4,215748998609.635
995,CHN,2013,4.7720026,8.514113,9.1,21.654707,1.9,45.0,75.84030781,81.2468,34.1,9743124247267.24
996,WPR,2002,2.886203,6.2049311,6.2,21.364916,,,72.52305924,64.33382,51.45,
997,MNE,2022,17.995875,14.470851,,22.753977,,,,97.81045,38.1,6229801580.79157
998,WB_LMI,2018,10.395426,15.677893,,34.915409,,,69.2822965,,,
999,DOM,2008,19.647156,9.2968948,7.9,30.778282,3.7,,73.27970118,81.41297,13.0,48091433554.186
1000,GRC,1992,15.44081,7.1439773,7.3,,,,,,0.0,114608178405.434
1001,USA,2018,39.966592,14.019649,,33.101612,,,78.62912526,99.70313,0.0,20656516000000.0
1002,UGA,2005,2.7456522,3.2609746,2.1,9.6845264,56.4,,54.81013228,17.46425,99.2,9239221763.05793
1003,GLOBAL,1994,7.331736,6.6392243,5.3,,,,,,54.680554229,
1004,THA,2022,15.384609,14.841193,,28.872009,,,,99.01563,14.0,495644697587.661
1005,WSM,2022,62.429392,16.175987,,13.474737,,,,97.92786,61.4,832945205.637185
1006,CAF,2001,3.2221254,11.647207,3.9,19.545361,,,44.47178561,20.54728,99.4,932648604.751954
1007,CHE,2000,10.687239,4.8261117,5.1,28.601646,,,79.71469969,99.88097,0.0,279216033870.204
1008,COK,2006,58.347654,29.458371,23.3,47.790642,,,,83.01952,17.4,
1009,BRN,1997,11.628914,8.2212441,6.0,,,,,,0.0,7793034389.75098
1010,KHM,2022,4.3638762,9.6726418,,13.272564,,,,76.71942,47.85,39994532959.6074
1011,LUX,2002,16.678722,6.4676687,6.5,26.140175,,,78.80641336,97.69531,0.0,23649833332.1655
1012,ECU,2004,15.500714,6.0233787,5.5,21.631189,15.0,,73.96568777,73.76065,8.5,35194947000.0
1013,PRI,1993,19.832309,11.835607,,,,,,,0.0,36922456000.0
1014,DMA,2001,17.874739,15.493022,8.0,20.252716,,,,65.29825,19.3,377462962.962963
1015,HUN,2019,29.625481,14.54376,,27.551743,,,76.33548535,97.98614,0.0,164936682033.992
1016,NRU,2019,69.169968,21.039902,,36.409584,,,,65.93204,0.0,124871111.377973
1017,BRB,2022,38.024801,27.919507,,44.032654,,,,98.09246,0.0,6257303500.0
1018,QAT,2001,26.879373,13.869017,11.3,45.625721,,,70.31526721,99.93655,0.0,17538461538.4615
1019,MKD,2006,19.498672,7.5301886,7.4,22.691059,,,73.8246386,89.74484,36.7,6861226971.55617
1020,KWT,1992,29.285771,13.261476,9.7,,,,,,0.0,19858555214.7239
1021,AUT,2001,12.275439,6.4401135,5.6,32.499866,,,78.64264138,99.99999,0.0,196477206829.33
1022,KHM,2008,1.7037226,3.7256975,4.9,13.373094,,,65.7502876,31.78361,90.8,12174303999.0812
1023,EGY,2008,34.418836,14.565381,13.2,31.729279,3.9,,69.77109335,93.73995,1.6,162818181818.182
1024,GRL,1993,14.56933,3.9914556,,,,,,,,927214151.76793
1025,KEN,1992,2.5420491,3.2237563,2.2,,,,,,99.6,8209120763.04955
1026,KEN,2022,12.410276,4.2902716,,8.9172421,,,,36.52872,71.5,114448978152.637
1027,ASM,1991,63.832062,17.683297,,,,,,,,
1028,SLB,1998,15.109012,5.6371693,7.0,,,,,,91.4,457579840.225066
1029,PER,2014,20.006402,8.9078479,6.9,30.354824,3.7,,80.00001335,73.72803,26.6,200786250582.943
1030,MRT,2016,18.489343,8.1410572,,44.438995,,,69.65770027,43.56515,55.1,6398747592.13185
1031,BRB,1996,19.228935,13.511738,8.4,,,,,,0.0,2363645403.47039
1032,VNM,2010,0.6988436,4.6894431,4.5,21.465141,4.2,,72.48813081,69.40269,49.1,147201173196.979
1033,SLV,2005,21.121182,8.5354939,7.8,32.177074,10.4,,73.40349475,81.86852,32.2,14698000000.0
1034,VCT,2022,33.24897,16.590787,,30.457857,,,,,9.6,989188888.888889
1035,SAU,2013,35.622826,16.302525,13.8,54.75729,,,77.33139242,95.27469,0.0,769755733333.333
1036,CZE,2008,20.601819,8.0316648,8.9,23.332079,0.0,,77.1537423,99.12641,0.0,236506264753.95
1037,IRQ,1996,23.230432,10.654556,7.9,,,,,,57.5,10433698621.3427
1038,KOR,2002,2.5470763,7.8704692,7.2,29.315722,,,76.94317285,100.0,0.0,627246933729.618
1039,VNM,2000,0.30567995,3.9307792,3.7,16.021688,,,71.87399979,49.95978,86.8,31172518403.3162
1040,KOR,2022,7.3305406,14.526083,,58.063519,,,,99.81678,0.0,1673916511799.71
1041,SVK,2020,25.495124,11.245535,,23.445715,,,76.86888148,97.53263,0.0,107732602896.441
1042,TKM,2007,14.851871,14.477304,7.2,15.073533,,,66.17071827,94.32091,0.2,12664165103.1895
1043,KEN,2019,10.942467,3.9993759,,9.2491589,,,66.50141922,35.29579,79.4,100378436207.371
1044,ECU,2008,17.640609,6.9621287,6.1,21.555241,7.5,,74.40727021,78.17546,6.9,61139438000.0
1045,BTN,2021,11.582124,13.610876,,9.913084,,,74.87642848,77.94886,10.5,2768802960.11204
1046,STP,2007,9.8979026,7.5156696,5.0,17.897854,,,67.22798633,29.19009,99.3,149146918.888611
1047,GUY,2016,24.14479,18.411168,,32.369267,,,67.56739413,87.31699,0.0,4482697336.56174
1048,ZMB,2013,7.1706749,5.7181228,4.1,15.150328,,82.0,59.35535185,30.85703,84.9,28037239462.7142
1049,ISL,2009,18.038103,5.054998,7.1,29.646885,0.0,,81.49587558,98.78557,0.0,13154414219.207
1050,DZA,1995,11.490971,8.7012887,5.5,,,,,,7.2,41764291671.7711
1051,COD,1997,1.9252723,5.8079246,2.7,,,,,,99.4,6090838693.27145
1052,LTU,2008,22.053722,10.053521,8.8,22.658289,1.5,,71.62596428,88.15087,0.0,47831254207.5223
1053,ROU,2013,23.026571,9.5249608,8.2,28.106495,7.2,21.0,75.00346495,81.51375,0.0,189798603751.235
1054,NPL,1995,0.7689042,6.7395896,4.8,,,,,,98.9,4401104417.67068
1055,VCT,2003,20.745413,9.0535492,7.7,25.3367,,,72.24268792,71.45503,4.2,509090888.888889
1056,EMR,2011,21.165502,14.065365,10.1,34.809082,,,68.18516686,69.36834,32.96,
1057,NIU,2013,61.668473,29.514417,25.8,9.9443731,,10.0,,98.58643,3.6,
1058,LAO,2022,8.0098711,9.5457807,,15.83667,,,,79.51363,89.7,15468785203.7532
1059,TCD,2020,6.11021,8.4849678,,18.110836,,,59.21180605,12.55032,92.6,14932897821.2387
1060,KHM,2017,3.1408381,6.4856365,,13.152419,,,69.12694998,60.41786,72.9,29355665909.7905
1061,EGY,2000,27.844524,10.905963,10.6,30.625618,,,69.14860157,91.2317,17.8,99838543960.0763
1062,GMB,2022,14.932996,11.265266,,21.154228,,,,47.71599,98.3,2204734527.12734
1063,USA,1997,24.635816,8.4827669,6.7,,,,,,0.0,8577552000000.0
1064,VUT,2013,18.683463,14.354025,12.7,9.5028925,,85.0,66.60736544,51.47626,87.0,758304466.245339
1065,WPR,1994,1.979002,5.1601361,4.8,,,,,,58.6,
1066,AND,1998,13.047101,6.8900846,8.4,,,,,,0.0,1211953994.05714
1067,OMN,2009,23.665412,12.704507,7.8,35.496803,,,73.06401823,95.45707,0.0,55454096228.8687
1068,SWZ,2012,23.180065,7.7421375,6.4,21.130554,,,49.10836702,58.25001,58.0,4886551483.93374
1069,BLZ,1994,20.58809,6.4996704,6.3,,,,,,28.5,772300000.0
1070,RUS,1996,17.496571,5.7892546,7.8,,,,,,0.0,391724890744.498
1071,DJI,1995,2.910658,4.9753871,5.1,,,,,,96.6,497723960.589913
1072,MHL,1997,36.638793,23.450966,13.8,,,,,,96.5,109884700.0
1073,KGZ,1994,10.183828,6.4215288,4.9,,,,,,56.1,1681780847.41091
1074,BMU,2013,27.000463,21.452807,,,,,,,,6465756000.0
1075,SAU,2008,32.465133,17.39143,11.5,56.152229,,,72.99776938,95.23445,0.0,519796800000.0
1076,UGA,2019,6.4514853,3.3500541,,5.914885,,,66.0878394,20.40809,98.7,35353061007.9635
1077,CIV,2000,4.5387909,4.7414694,3.8,25.019941,,,51.16878476,20.6835,84.1,16577533891.8785
1078,AUT,2012,14.16579,7.0897318,5.9,25.510675,0.5,,80.71875852,99.98231,0.0,406750487603.59
1079,VEN,1995,16.107512,6.4672567,6.5,,,,,,2.1,77389487770.0883
1080,QAT,2022,43.141672,18.684533,,53.482586,,,,99.93655,0.0,235709325714.286
1081,UZB,1997,10.423887,6.1553881,4.6,,,,,,18.6,14744603773.5849
1082,IRL,1993,14.830109,4.7522951,5.3,,,,,,0.0,52417477613.676
1083,URY,2012,25.01168,13.574287,10.7,31.195911,0.1,,76.40566239,95.73861,0.0,54232266358.7811
1084,JOR,2002,31.369072,12.69716,9.5,26.571877,1.1,,72.9283168,98.65138,0.2,9582510578.27927
1085,BEN,1996,3.2933787,3.7147384,3.3,,,,,,99.8,2361116449.39308
1086,BDI,2000,1.5583701,5.204203,1.8,17.806818,,,44.3609182,45.21474,99.7,870486065.883137
1087,VNM,2022,2.0157427,11.298789,,30.318979,,,,92.17034,1.9,413445230668.578
1088,GMB,2017,11.81039,9.2393726,,21.173557,,,64.31746247,46.90722,98.1,1504909462.69521
1089,AGO,2005,6.7420311,11.286278,4.2,20.834436,,,53.34585395,34.72264,57.2,36970900883.8109
1090,CZE,2018,24.19261,10.441664,,23.224445,,,78.89195159,99.13735,0.0,251992360762.236
1091,KGZ,2008,17.423478,7.4676089,6.8,17.405838,4.0,,68.29544912,94.56653,31.8,5139958909.17936
1092,CIV,2015,8.9751862,7.2196178,,20.83712,28.2,,60.9342411,31.48752,74.1,45815005169.2651
1093,SRB,2014,18.943582,11.890376,8.6,45.983795,,,75.32134955,97.17428,28.2,49114321280.3466
1094,WPR,2007,3.728939,7.0063725,7.3,22.465797,,,74.54521674,72.81397,44.38,
1095,TLS,1991,0.29740976,2.9919041,2.3,,,,,,99.8,147713000.0
1096,IRL,1992,14.256483,4.7278717,5.2,,,,,,0.0,55918538121.3989
1097,AFR,2009,8.402201,6.6037104,4.6,19.720467,,,58.84133306,29.38324,84.98,
1098,WPR,1991,1.717489,4.7871966,4.5,,,,,,60.32,
1099,CHL,2018,35.037577,14.134775,,35.001671,,,80.96185803,100.0,0.0,295857562991.709
1100,LAO,2009,4.0230986,5.0204523,5.1,15.800895,,,63.79585544,53.80535,96.8,5836137329.63305
1101,ERI,2010,2.3766637,5.8318153,3.0,12.327309,,,60.44258181,11.20194,91.8,1589515447.15447
1102,PRY,2009,22.738841,8.6771302,6.0,27.858479,5.8,,74.78626703,81.05453,44.4,22355151161.994
1103,ZMB,2021,10.544077,9.044873,,14.156975,,,60.96884286,36.242,89.8,22096416932.0089
1104,SSD,2020,7.8027949,7.1393266,,16.256016,,,58.94518456,15.84482,100.0,
1105,KGZ,1996,10.925025,6.5935753,5.1,,,,,,53.2,1827570586.16784
1106,MRT,2009,14.638069,6.439247,6.0,52.421581,,,68.08446898,30.7676,59.65,4714595547.75102
1107,ESP,2007,19.700879,9.5455959,8.8,35.223728,0.4,,80.67591348,99.85588,0.0,1476746276854.51
1108,BLR,1994,17.02642,4.9897354,7.3,,,,,,16.8,14931435232.078
1109,POL,2005,18.897688,6.7782082,7.8,25.158829,0.1,,74.89551806,90.92025,0.0,306999913150.525
1110,BDI,2019,4.2229492,6.3655928,,14.306426,,,64.3185906,45.74528,99.85,2576518879.82353
1111,DEU,2016,20.395663,10.434143,,14.079838,,,80.68537775,99.22493,0.0,3537784107980.55
1112,AUS,2005,22.570956,5.9460014,7.0,26.579237,,,80.84134964,99.99325,0.0,695692898676.56
1113,GBR,1991,12.569231,5.5632964,6.1,,,,,,0.0,1142797178130.51
1114,NIU,2020,65.479696,28.803799,,7.7740102,,,,97.42536,1.6,
1115,TTO,2009,23.802321,21.346238,9.8,39.75182,,,72.84103384,92.32145,0.0,19172165225.5015
1116,SEAR,2021,7.591943,18.562932,,39.400482,,,68.36682977,76.69096,32.96,
1117,UGA,2021,7.3803574,3.5237372,,5.6575413,,,65.98577935,20.81214,98.5,40529788744.0595
1118,DEU,2001,18.236382,8.9729667,6.5,19.984379,0.0,,78.44285248,99.21873,0.0,1966381496641.73
1119,SEAR,2013,4.852301,13.745129,7.6,31.497597,,62.60039,69.37293715,56.36427,58.13,
1120,CZE,2005,19.873811,7.4645236,8.6,23.542223,0.0,,75.99869845,99.12072,0.0,137264185596.1
1121,WB_LI,2007,5.2938353,6.8269923,4.1,18.007145,,,58.89891622,,,
1122,MNG,1990,7.4649334,5.1349465,5.0,,,,,,79.5,2560785660.0
1123,BFA,2009,3.0886631,4.5794282,3.7,16.508127,55.3,,58.06655977,16.93363,94.5,9450696873.34326
1124,FRA,2001,11.962803,6.3096039,7.0,38.271202,,,79.01103311,98.66226,0.0,1370376677298.86
1125,DZA,2012,18.755415,12.955166,9.7,26.22971,,,75.63920415,87.09354,0.6,227143746075.934
1126,ARE,2007,29.471552,20.449279,7.1,53.392265,,,80.5952165,99.13433,0.0,257916133424.098
1127,URY,2011,24.283564,13.281207,10.6,30.978437,0.1,,76.59711654,95.44424,0.0,50342406067.0777
1128,GRL,2014,23.926583,6.7436092,,,,,,,,2842065708.35962
1129,KEN,1999,3.9434612,3.6497451,2.6,,,,,,98.6,12896010459.3711
1130,NOR,1997,10.537378,5.908782,6.1,,,,,,0.0,161356631888.484
1131,MOZ,1992,1.8792855,4.3576181,2.7,,,,,,98.1,2798696511.18156
1132,NPL,2018,5.3428523,12.431931,,8.5461702,,,71.10245577,69.20789,64.9,33111525237.149
1133,LBN,2015,27.37675,16.920657,,51.460243,,,78.43741249,93.94305,,49929337836.8159
1134,STP,2018,14.266124,12.05799,,17.822916,,,71.4403986,43.7952,97.1,383717327.830508
1135,GRL,2021,26.612467,7.2796158,,,,,,,,3293578467.57327
1136,QAT,1992,19.651669,10.461721,8.2,,,,,,0.0,7646153983.51648
1137,SVN,2014,16.602032,11.59258,9.5,18.612885,0.0,,80.78508516,98.68473,0.0,49514466379.6057
1138,KOR,1999,2.2255301,7.4765034,6.9,,,,,,0.0,497514040642.262
1139,SLE,2015,6.0945209,7.6380961,,13.953003,,,56.88673236,16.65829,99.4,6788352974.78329
1140,SAU,2015,36.818999,16.283423,,54.134132,,,76.88889936,95.29092,0.0,693414400000.0
1141,GRC,2010,23.909095,10.56178,8.7,32.011513,1.0,,80.23861699,98.56525,0.0,296417644404.034
1142,OMN,1995,15.552288,11.007224,6.0,,,,,,0.0,15722236671.0013
1143,LKA,2003,3.0376852,9.9951178,5.3,20.403687,,,73.36803088,79.16892,81.5,18881765437.2151
1144,GRD,1992,12.451039,8.2545407,5.7,,,,,,13.1,310160444.444444
1145,SLV,2008,22.90715,9.5328435,8.1,33.345673,6.7,,74.41041249,82.98289,26.9,17986890000.0
1146,MRT,2010,15.159988,6.6674881,6.1,51.277306,,,68.45329118,32.48285,58.9,5628878797.98257
1147,TLS,2021,2.1798471,5.7183079,,26.290735,,,67.99671222,57.32603,83.7,3624889673.07263
1148,GLOBAL,2009,11.251219,9.5912032,7.5,26.022211,,,70.21807678,65.88329,43.865647377,
1149,CIV,1994,2.9044271,4.3465663,3.3,,,,,,84.0,8313557510.14757
1150,KOR,2019,6.0895544,12.908424,,53.296661,,,83.68842093,99.85401,0.0,1651422932447.77
1151,VEN,2009,22.220832,9.796463,8.1,40.353752,,,74.56885736,91.30679,3.1,329787628928.471
1152,UGA,2004,2.5761275,3.2803826,2.1,10.076625,,,53.13418916,17.2487,99.2,7939487547.77384
1153,ESP,2008,19.678493,9.3140259,8.9,34.364597,0.5,,80.97341639,99.86304,0.0,1636115447612.5
1154,YEM,2019,12.185182,12.485421,,27.800432,,,66.89863946,53.62694,47.3,
1155,THA,2011,9.5605955,9.4043568,8.8,21.553041,0.0,,75.71879745,95.72518,25.7,370818739623.622
1156,MKD,2013,22.66286,9.9406503,8.3,23.804352,5.2,33.0,75.43073243,94.12237,28.3,10817702346.0674
1157,LVA,1999,17.121744,6.4897455,8.1,,,,,,0.0,7324192889.74297
1158,SEN,2018,8.991199,6.293048,,17.052286,,,68.44236378,55.99604,71.2,23116701556.1381
1159,AGO,2010,8.0547146,12.473232,5.0,19.48488,,,57.96461105,41.06079,55.3,83799474069.7315
1160,RUS,2020,23.783173,10.024561,,17.224182,,,71.37748039,88.94291,0.0,1493075894362.14
1161,BRB,2015,32.953998,24.828494,,41.130543,,,76.29023437,96.35542,0.0,5288057750.0
1162,IDN,1990,1.475406,4.0915966,3.6,,,,,,97.7,106140727333.636
1163,UKR,1990,16.493107,5.4893374,7.3,,,,,,17.4,81393558423.4406
1164,TTO,2020,27.299884,29.062548,,43.741795,,,73.63599489,93.91521,0.0,20991339706.5613
1165,ITA,2017,16.610366,10.420838,,41.006054,,,82.52191209,99.88534,0.0,1970720904584.71
1166,GNB,1995,2.7908223,5.1225547,3.1,,,,,,98.3,660195402.013602
1167,POL,1999,16.223936,5.9212416,7.1,,,,,,0.0,170704452714.673
1168,MWI,2022,7.7355236,3.6892436,,2.6952345,,,,49.24129,98.4,12429060150.742
1169,ETH,2015,1.7799549,4.8069302,,10.365427,27.3,,67.10395358,7.43845,95.7,64589328550.5953
1170,LBY,2007,29.347777,16.000096,10.5,37.861393,,,74.50020642,91.10877,,68032978390.6007
1171,SWZ,2007,20.131856,7.2771423,5.8,22.652981,,,43.59627355,53.90525,65.5,3469381231.49049
1172,BOL,2015,22.760753,12.223766,,21.973452,6.4,,71.94895895,56.63695,17.8,33000198248.9146
1173,BOL,2017,24.359044,13.149445,,22.08934,5.8,,72.44784311,60.18194,15.7,37508642170.767
1174,ZWE,2006,8.2676142,8.5391074,4.4,19.022865,,,46.40915188,43.63137,68.3,5443896938.33366
1175,STP,2010,11.105659,8.4102675,5.2,17.860931,32.3,,68.81769379,33.15282,98.9,190021192.489536
1176,AND,2018,17.404455,9.1572151,,28.479269,,,,100.0,0.0,3218419896.9641
1177,LVA,2017,22.96989,10.672632,,15.698528,,,74.9627685,92.39536,0.0,29391059767.4259
1178,ARE,1993,20.802222,13.683924,6.1,,,,,,0.0,55625170253.337
1179,EMR,2005,17.531057,11.545459,8.4,31.664562,,,66.40715771,62.86487,37.98,
1180,TCD,1997,1.6975405,4.9252499,3.0,,,,,,96.7,1544689576.92712
1181,MAR,1992,8.5223123,8.4017083,5.2,,,,,,20.2,33711069430.78
1182,VEN,1990,13.161758,5.320603,5.8,,,,,,1.9,48606952194.7752
1183,NIC,1998,18.312299,5.9744723,5.4,,,,,,68.5,4635347385.5446
1184,DJI,2021,10.821863,7.5473517,,16.976023,,,64.87227149,66.81163,90.2,3392796953.08939
1185,TUR,1996,21.70144,6.9998436,7.0,,,,,,14.0,181464408820.097
1186,SUR,2000,15.700322,10.060604,8.1,35.774708,,,70.55904903,78.02613,24.8,947671969.69697
1187,PSE,2016,35.766298,14.295225,,33.232765,,,74.99064876,96.73006,,15405400000.0
1188,MYS,2007,13.268848,12.018049,8.6,41.169357,0.5,,74.43641055,94.27904,2.3,193549569477.733
1189,GUY,2015,23.43085,17.937443,,31.901926,,,66.95276619,86.70796,0.0,4279840193.7046
1190,SLV,1993,13.794465,5.2099161,5.6,,,,,,59.2,6680269200.0
1191,CPV,2015,12.41436,7.7264175,,27.868568,,,74.82831017,70.37171,24.7,1749857620.35329
1192,HND,2010,21.26793,7.7517167,6.4,31.612543,15.0,,70.83426628,74.03954,57.5,15839344591.9842
1193,LSO,2016,17.684132,5.2196432,,8.568469,,,49.94866988,42.62515,59.2,2114426452.2019
1194,JAM,1996,13.995452,7.1792699,6.2,,,,,,34.5,7393891920.80358
1195,GHA,2010,9.7868018,4.8404966,4.5,18.997995,,,61.9748058,14.99044,84.7,32197655566.5347
1196,ASM,2022,75.205326,30.24562,,,,,,,,871000000.0
1197,MOZ,2021,9.7347498,5.9015155,,9.4609852,,,57.66202708,36.07188,93.5,16168055475.4449
1198,SYR,2016,31.320381,18.36914,,35.860722,,,60.12484476,92.90464,4.4,12597854877.4254
1199,BRN,2015,25.722808,13.72852,,30.314138,,,76.55761257,90.96438,0.0,12930296852.4882
1200,SSD,2000,2.861264,5.2699469,,19.485727,,,51.90046634,,99.6,
1201,VUT,2021,20.924531,19.578959,,7.651989,,,66.3483713,47.26155,81.9,982362211.918412
1202,LSO,1992,8.1014737,4.4024639,3.9,,,,,,93.1,831029861.704746
1203,SGP,2009,6.9422789,10.189147,8.8,23.642221,,,81.58275269,100.0,0.0,194150283771.566
1204,BHS,2002,30.719671,11.97923,9.7,37.526268,,,71.58107452,88.63798,0.0,8881160000.0
1205,KNA,1993,22.226056,8.7037846,7.3,,,,,,0.0,263755555.555556
1206,MNE,2018,16.582115,12.423173,,21.7917,,,77.222772,97.21425,38.4,5506942238.35668
1207,NRU,2004,66.140139,23.864771,26.9,42.720066,,,,65.61217,0.0,30587565.7988334
1208,ETH,2016,1.8981637,4.8544772,,10.192102,,,67.58767511,7.74355,95.3,74296766562.127
1209,SSD,1992,1.8371057,4.4867944,,,,,,,99.0,
1210,GMB,2018,12.379913,9.5976509,,21.137083,,,64.60661374,47.04853,98.1,1670671327.81651
1211,BTN,2004,4.4028718,10.117228,7.4,11.610896,,,68.88514264,52.8442,57.5,735348490.428435
1212,MDA,1990,18.198287,5.0472815,5.7,,,,,,60.6,3592857043.05057
1213,ISR,2008,21.474886,10.161348,6.9,31.816124,,,80.42212771,100.0,0.0,221231658862.876
1214,CIV,1996,3.3721473,4.4600606,3.5,,,,,,84.0,18071152830.6101
1215,FIN,2019,20.752914,10.446481,,11.208948,,,81.64702187,99.44797,0.0,267014821129.411
1216,BHR,2003,26.566842,11.167512,7.2,32.712402,,,70.65076259,99.9485,0.0,11074813829.7872
1217,DEU,2021,20.383865,10.837955,,12.299818,,,80.49140555,99.22589,0.0,4348297440387.53
1218,NGA,2013,8.9344248,6.6995911,4.3,19.149824,,75.0,61.04119261,37.33608,96.6,520117180313.906
1219,DNK,2001,10.852598,3.8906053,6.0,25.773748,,,77.04219494,99.59724,0.0,164881594415.341
1220,GUY,2000,14.188421,10.110158,5.8,26.3913,,,64.65122902,78.13068,0.0,712667896.727512
1221,MLT,2002,27.172968,10.106142,8.8,54.049957,,,78.4088864,99.96516,0.0,4455127397.86786
1222,BGD,1995,0.51581995,8.4820114,4.6,,,,,,93.1,37939748768.6567
1223,MDV,2010,10.322921,5.6583896,7.9,24.485649,,,74.73135148,87.83942,6.7,2588176054.6875
1224,SYC,2004,21.485735,14.545947,7.9,21.925024,,,72.21510064,96.39151,0.0,893012218.181818
1225,CPV,2019,14.193656,7.8363977,,29.705269,,,74.05989707,78.82496,20.3,2252177124.32402
1226,SOM,2021,14.010936,7.4692056,,18.095585,,,53.95143945,40.39141,95.7,9483997390.00062
1227,WB_LMI,1991,3.4776628,7.7536233,4.4,,,,,,,
1228,MEX,2000,21.569821,12.713267,7.5,22.334234,8.9,,74.21831002,77.74752,17.4,742061329749.127
1229,NIU,2000,54.859179,24.141611,17.4,18.313587,,,,100.0,25.3,
1230,HTI,2018,9.6456476,19.00876,,26.821602,,,63.47163817,35.81745,96.0,16403864617.8458
1231,CUB,2019,20.011504,14.194703,,57.345818,,,77.66173555,90.65619,5.5,103427600000.0
1232,LCA,2014,27.474174,16.164368,14.6,21.939201,,,76.28411905,82.72336,4.5,1749185185.18518
1233,EGY,2019,42.374185,23.392785,,33.346546,,,71.58973358,97.20056,0.1,318678815489.749
1234,STP,2014,12.53103,10.004874,5.6,17.736584,,,70.26367532,38.4812,98.1,293119143.246825
1235,LKA,1996,1.7706428,7.9954252,4.2,,,,,,86.5,13897738375.2488
1236,LBR,1994,3.0238179,7.5391866,3.7,,,,,,99.3,132200000.0
1237,WB_LMI,2000,4.9910758,9.248469,5.6,21.377205,,,62.60002727,,,
1238,DMA,1997,15.455239,12.995636,7.2,,,,,,23.7,302988888.888889
1239,JPN,2002,2.7750604,8.3425783,8.8,30.879328,,,82.10074471,99.99661,0.0,4182846045873.61
1240,WB_UMI,1993,6.1114158,5.1865153,5.1,,,,,,,
1241,VNM,2011,0.76660826,4.9112391,4.6,22.124281,,,72.61270345,71.35788,43.4,172595049183.925
1242,TUV,2003,54.440552,16.871847,17.6,35.969776,,,,81.49766,87.2,19456338.0318228
1243,KWT,2012,40.69007,18.370914,14.1,62.39357,,,81.34259433,100.0,0.0,174047662555.419
1244,BRA,1996,10.664838,5.793792,5.3,,,,,,14.8,850426432991.742
1245,DNK,2000,10.574538,3.8688678,6.0,26.487589,,,76.93482299,99.59724,0.0,164043817223.59
1246,JAM,2013,27.095881,16.965725,11.5,34.171146,,11.0,74.2198557,85.39916,11.4,14264205152.6126
1247,BLZ,2006,30.655709,9.9608198,8.0,35.036781,,,72.62147619,84.37043,16.9,1591150000.0
1248,BGR,1998,13.178268,7.5216398,7.7,,,,,,,15031055046.7575
1249,BHR,2016,33.615011,15.178391,,36.656734,,,75.65906707,100.0,0.0,33884680851.0638
1250,KNA,2000,28.621212,10.763793,9.2,31.999672,,,,86.45086,0.0,421695769.843918
1251,HUN,2003,19.770236,9.1158807,8.4,19.218155,,,72.45014443,98.03628,0.0,85190469121.074
1252,PHL,1995,2.475361,4.1394632,4.0,,,,,,69.7,84644328727.4825
1253,SLE,2006,5.076912,6.1803866,3.9,16.421185,,,52.49110548,10.15665,99.7,3263697466.73514
1254,AZE,1995,13.765778,7.2539598,6.1,,,,,,45.7,2417331192.9526
1255,KGZ,2000,12.728071,6.8672217,5.6,16.928844,42.1,,65.93470005,92.29962,46.7,1369688498.06778
1256,URY,2021,32.437822,16.608705,,33.551834,,,74.98295244,98.32588,0.0,60739084240.8633
1257,CHE,2003,11.184876,4.9546249,5.2,27.174139,,,80.40439825,99.881,0.0,362075086507.76
1258,ASM,1997,67.294794,23.291363,,,,,,,,
1259,BDI,2009,2.5808092,5.3433951,2.2,15.622261,,,58.71584557,45.92854,99.8,1781455139.85931
1260,CHE,2011,11.817372,5.2944556,5.4,23.274656,0.0,,82.36855875,99.884,0.0,715888126682.396
1261,BIH,2010,16.707933,11.946005,8.9,17.123512,,,76.98324032,95.21849,55.05,17176315803.7298
1262,TTO,1995,17.329639,11.744475,5.1,,,,,,0.0,5329217747.21258
1263,COL,2002,12.788944,6.2960736,6.0,26.831955,14.3,,72.8310481,77.21658,20.2,97945812802.8882
1264,BWA,1993,7.0977226,5.1919553,3.6,,,,,,68.9,4160129174.70569
1265,CUB,2012,16.31844,12.962276,9.7,48.226879,,,78.42125643,87.21322,9.9,73141000000.0
1266,COD,2001,2.4879511,6.1502408,3.0,18.433275,,,52.99713016,23.29258,98.8,7438189100.33333
1267,TCD,2003,2.794401,5.4212999,3.5,22.74342,62.9,,52.10728656,9.94081,97.7,2742815071.5744
1268,AUT,2004,13.04623,6.6861354,5.7,30.6882,0.0,,79.11359324,99.99653,0.0,299210411454.823
1269,COD,1992,1.4109246,5.2664928,2.4,,,,,,99.7,8227343907.26679
1270,PHL,2019,7.6948173,9.5826022,,40.226852,,,69.42943033,81.25103,48.2,376823402239.136
1271,TLS,2003,0.62705539,3.1198448,3.7,18.18771,,,64.51597993,36.55752,98.5,490439100.0
1272,TLS,1997,0.42644688,3.0815003,3.1,,,,,,99.4,319972700.0
1273,DEU,2015,20.405598,10.426805,,14.467711,0.0,,80.4259243,99.22485,0.0,3423568450957.03
1274,VNM,2020,1.7086007,9.5844619,,28.729143,,,74.77582966,88.49511,4.1,346615738537.796
1275,PAK,2021,21.849452,25.214016,,44.727154,,,65.99092295,68.82427,48.7,348516647445.148
1276,BHR,2004,27.21695,11.225366,7.2,33.015312,,,70.9253368,99.95339,0.0,13150159574.4681
1277,NZL,2013,29.729176,9.0060748,8.4,19.972769,,,81.36359879,100.0,0.0,191012364176.878
1278,GLOBAL,2014,12.748039,11.069971,8.5,27.841467,,,71.94618807,71.76844,37.624892934,
1279,NIU,2001,55.386192,24.880564,18.0,17.492113,,,,100.0,22.5,
1280,RUS,2015,22.859383,8.5803553,,15.22437,0.0,,71.29790344,87.78612,0.0,1363482182197.71
1281,TKM,2018,19.765076,13.959552,,12.680366,,,69.07787312,98.59668,0.1,40765428571.4286
1282,BDI,1995,1.1605208,4.7942098,1.5,,,,,,99.6,1000428393.88528
1283,GAB,2012,15.545852,9.6818261,7.8,22.490898,,,62.66758728,46.15246,17.0,17170464016.0593
1284,NOR,1998,10.977218,5.9842687,6.2,,,,,,0.0,154230295158.447
1285,PER,2002,12.93359,3.4582574,5.4,26.274481,15.0,,76.14080179,65.65336,51.5,54777553515.0809
1286,LAO,2005,3.2086454,4.6936352,4.8,16.088415,,,61.3511366,43.16435,97.9,2735558734.7379
1287,TUR,2003,25.789258,8.8043071,8.9,39.785152,4.2,,75.30413279,88.26962,8.3,314595572145.767
1288,PRK,2015,7.7024452,10.758583,,24.357149,,,71.407681,81.66581,91.3,
1289,ROU,1995,9.4554171,3.7119415,6.0,,,,,,0.0,37430162102.6125
1290,MLI,2001,3.908154,4.2456865,3.6,36.676918,58.5,,53.62181973,16.69419,99.2,3468337942.32063
1291,AUS,2013,26.137152,7.5832427,7.2,25.968069,,,82.46342447,99.99723,0.0,1577123329410.88
1292,TUV,2021,63.646001,13.384756,,24.8529,,,,83.53727,23.6,60196405.7138393
1293,AFG,1999,3.9287798,9.588021,5.5,,,,,,94.6,
1294,WB_UMI,1999,7.199993,6.1374769,5.9,,,,,,,
1295,TUN,2004,18.340953,9.3543515,8.6,24.432934,,,75.17294716,80.48798,3.2,31183885241.4396
1296,MWI,1997,1.7173706,4.7857076,2.9,,,,,,98.0,3875785863.38323
1297,MAR,2008,14.793803,13.082406,9.7,22.366932,,,71.88491111,76.02704,4.3,101822906949.063
1298,NER,2003,2.4868287,4.7256127,3.2,21.690443,,,52.7806989,7.00441,99.0,3394084732.49543
1299,MYS,2001,9.8208427,10.191415,7.4,41.12001,,,73.51935373,93.28163,1.9,92783947368.4211
1300,LAO,2008,3.8081869,4.9097773,5.0,15.866677,,,63.1872824,51.16777,97.1,5446433157.40114
1301,MRT,1992,5.3820658,4.5472231,4.0,,,,,,81.3,2164298425.48412
1302,WB_LI,2011,6.2748417,7.1215734,4.5,17.569525,,,60.89766106,,,
1303,USA,2007,33.800524,10.52855,8.2,31.310886,1.0,,77.94056193,99.87078,0.0,14474228000000.0
1304,TUN,1995,13.941973,7.7912927,6.5,,,,,,24.8,18030876599.3444
1305,KEN,1998,3.6933582,3.6110133,2.6,,,,,,98.8,14093998843.7334
1306,COG,2018,7.9849474,10.357554,,16.620956,,,63.05964242,20.26857,68.15,14773900288.5135
1307,LVA,1990,15.178297,5.4249935,7.7,,,,,,0.0,
1308,NLD,1994,9.2400506,5.5714235,4.8,,,,,,0.0,379688232231.505
1309,AZE,2014,22.468962,10.632339,11.6,22.838665,,,72.71925019,94.34202,3.6,75239785452.1022
1310,WB_LI,2020,8.7870181,8.3238885,,16.959099,,,64.20605991,,,
1311,TUN,1996,14.385091,8.0120131,6.7,,,,,,20.9,19587161806.7655
1312,KAZ,2011,15.868527,8.2073435,10.5,22.150173,0.0,,69.12835849,97.46452,7.9,192626464617.071
1313,PRK,2013,6.9838129,9.7864002,6.0,23.727299,,92.0,70.83607796,80.19895,92.7,
1314,AFG,2001,4.5987189,10.138925,5.8,22.551735,,,53.91018761,20.98235,92.9,2813571753.87253
1315,KAZ,2010,15.669055,8.0898963,10.2,21.66099,0.1,,68.51031045,97.39587,8.5,148047348240.643
1316,TZA,1997,3.0304421,4.7689702,2.9,,,,,,99.5,11158197941.9152
1317,BIH,2004,14.934306,9.0997569,8.3,15.891213,0.2,,76.62934847,95.12025,50.0,10156541538.399
1318,ZMB,2006,5.12041,4.4350564,3.6,16.592583,60.5,,51.7626963,25.0632,84.1,12756858899.2812
1319,SWE,2001,12.503384,5.2269947,6.6,28.732277,,,79.66920996,99.19317,0.0,242499249692.616
1320,CAF,1998,2.6179396,10.756706,3.6,,,,,,99.4,967338389.650578
1321,CIV,2013,8.4225215,6.7166328,4.9,21.368702,,81.0,59.30998362,29.89462,77.6,42760235484.6093
1322,SUR,2021,28.334352,20.171633,,48.246716,,,69.78412349,89.96224,4.9,3107923197.96954
1323,NRU,2007,66.347569,23.245153,27.4,41.163025,,,,65.68599,0.0,23068623.4557157
1324,VNM,2018,1.4426946,8.0831878,,27.181295,,,73.56096825,84.76794,8.3,310106478394.659
1325,BDI,2021,4.7356773,6.7272246,,14.268605,,,64.00694993,45.70933,99.9,2775798697.46022
1326,BHS,2006,34.612805,13.942386,10.7,37.637062,,,72.66353382,90.727,0.0,10167250000.0
1327,BRN,2021,30.848059,17.827089,,32.205318,,,76.92260844,98.26419,0.0,14006496614.3195
1328,NGA,2005,6.5062784,5.6052987,3.6,20.844318,,,56.9174905,30.76891,99.1,175670569969.346
1329,VEN,2011,22.589523,10.236426,8.4,41.293308,,,74.58939214,92.39737,3.3,316482190800.364
1330,KGZ,2016,22.747478,9.5361069,,18.621122,1.4,,72.67043609,97.43364,23.4,6813095379.1187
1331,BDI,2022,5.0219052,6.9304548,,14.274113,,,,45.69068,99.8,3338722827.65691
1332,WB_LMI,2009,7.3286884,11.767711,6.9,27.652788,,,66.22674258,,,
1333,GUY,2020,26.978832,20.085156,,34.168694,,,66.93943966,89.76243,0.0,5471256594.72422
1334,TKL,2015,66.500944,33.943543,,,,,,,68.5,
1335,ARG,1993,14.229524,6.763339,7.9,,,,,,9.1,236741715015.015
1336,SSD,2007,4.1987795,5.6979485,,17.828081,,,57.0352965,,99.9,
1337,KOR,2014,4.5505654,10.830276,9.5,45.51384,,,82.15999534,99.91606,0.0,1484488526271.8
1338,GRL,1998,16.904745,4.8983678,,,,,,,,1149858069.75766
1339,GNQ,2020,16.725744,11.319606,,19.699816,,,61.15866176,,77.0,9893816007.7398
1340,BLZ,1992,19.051929,6.3220762,5.9,,,,,,32.3,696250000.0
1341,WB_HI,2015,23.36897,10.648151,,31.952343,,,80.39036377,,,
1342,KWT,2005,38.548997,15.145347,12.4,60.801674,,,78.37752584,100.0,0.0,80798630136.9863
1343,POL,2012,22.209713,9.1128185,9.1,29.637709,0.0,,76.63330274,95.635,0.0,498148649702.66
1344,CAF,2014,6.4257219,14.71131,5.7,17.023981,,,49.17728884,16.34208,99.4,1894813389.40325
1345,BDI,2017,3.7859172,6.0639925,,14.418491,,,63.68241574,45.8212,99.8,2723586962.84034
1346,BMU,2022,32.989845,26.689592,,,,,,,,7874381000.0
1347,EUR,2016,21.226043,9.7203694,,24.779308,,,77.3506962,96.16184,2.63,
1348,CHN,1998,1.9943494,5.3823259,5.2,,,,,,61.7,1037134141760.35
1349,AUS,1997,17.470221,4.6757914,6.3,,,,,,0.0,435642611296.586
1350,BHR,2020,35.317495,16.574344,,37.943645,,,74.85398109,100.0,0.0,35837632978.7234
1351,HUN,2011,24.605268,11.351557,9.5,23.117172,0.0,,74.90161819,98.00476,0.0,141712804953.868
1352,PRY,2010,23.409918,8.9457139,6.2,28.414854,5.5,,74.73073675,82.16544,42.6,27260886405.2263
1353,ETH,2017,2.0257449,4.9156375,,10.032859,,,68.0726745,8.04716,94.8,81770885148.0574
1354,BGR,2002,14.426646,8.1490614,8.1,21.057371,,,72.11466914,85.84626,,16403043849.8297
1355,SGP,1997,4.412977,10.664997,8.1,,,,,,0.0,100123787215.299
1356,SWE,2006,13.960637,5.7270292,6.8,22.920067,0.2,,80.63113222,99.11413,0.0,422530427475.536
1357,JAM,2006,21.826486,11.804833,9.0,30.815819,,,74.44972953,83.75696,17.3,11930179089.8855
1358,HUN,2008,22.819811,10.355911,9.1,21.610374,0.0,,74.0004346,98.01629,0.0,158228265915.534
1359,COK,2000,54.426014,25.423792,19.9,57.513344,,,,81.80937,20.3,
1360,WB_LI,2014,6.8588406,7.3831953,4.8,17.148176,,,62.16568407,,,
1361,ZAF,2013,28.839436,12.305821,9.6,47.477337,,12.0,62.08498269,70.65182,18.2,400886013595.573
1362,CHN,2018,6.4929411,10.712329,,22.781689,,,77.14021145,89.69422,20.5,14147765772963.8
1363,DZA,2009,17.359763,11.736516,8.8,25.544054,,,75.06025654,86.75949,0.8,150317292079.359
1364,LSO,2014,16.751482,5.0558381,6.0,8.9052458,,,48.68389714,38.64773,62.5,2441063054.05792
1365,ARE,2013,31.897157,20.569362,7.4,59.316189,,,80.56393138,99.11488,0.0,400218529748.128
1366,DMA,2012,24.540721,21.326494,10.8,24.92277,,,,79.11074,11.4,520355555.555556
1367,BRN,1994,9.9218957,7.5969033,5.7,,,,,,0.0,6467782521.31603
1368,WB_LMI,2017,10.005832,15.099287,,34.082043,,,69.02369556,,,
1369,MKD,2007,19.939414,7.8048564,7.5,22.822165,,,73.65892824,90.3526,35.4,8336474973.72949
1370,BEL,2012,17.820251,6.6660754,6.4,34.848465,0.2,,80.07118579,99.48614,0.0,498414364944.961
1371,JPN,2003,2.8729634,8.3256252,9.0,31.442621,,,82.14025197,99.99367,0.0,4519561645253.53
1372,CHN,2014,5.0767515,8.8807493,9.4,21.863739,1.4,,76.19910536,82.99848,31.0,10674533168257.4
1373,WPR,1997,2.279104,5.5637442,5.3,,,,,,56.15,
1374,MRT,2015,17.872998,7.8745522,,45.53117,,,69.45426817,41.62832,55.6,6166863896.68677
1375,NZL,2016,31.023669,9.5384546,,19.507259,,,81.73038595,100.0,0.0,189100085275.23
1376,PRK,1999,3.3443596,6.6224717,5.0,,,,,,98.8,
1377,WB_LI,1998,3.2374009,6.0469586,3.3,,,,,,,
1378,GTM,1992,8.4443755,7.034304,4.6,,,,,,53.5,10440781587.5435
1379,MLI,1998,2.9797107,4.2319529,3.4,,,,,,99.4,2920358710.50646
1380,COM,2020,14.981674,4.986202,,16.212666,,,68.30703432,,91.7,1225039195.93742
1381,SVK,2011,20.24972,7.6402292,8.0,24.637552,0.5,,75.93326104,98.10826,0.0,99705104723.4341
1382,GLOBAL,2008,10.962038,9.3355305,7.3,25.674507,18.2,,69.70064415,64.6681,44.919657841,
1383,GRC,1994,16.109489,7.5550936,7.3,,,,,,0.0,114980063202.247
1384,GNB,1998,3.5244223,5.2704342,3.4,,,,,,98.5,591034143.426384
1385,PRY,1990,12.075013,5.0387375,3.4,,,,,,57.2,5812114523.01187
1386,LTU,1995,19.66839,7.0967287,8.2,,,,,,0.0,7921210339.58439
1387,ROU,1997,10.136991,3.7896905,6.2,,,,,,0.0,35575214078.2428
1388,COL,2021,23.055375,12.226179,,34.019978,,,74.53297363,93.87268,8.6,318524633225.395
1389,QAT,2008,32.709467,13.92681,11.8,47.967377,,,72.36968987,99.93655,0.0,115270054945.055
1390,GIN,1994,1.6548621,4.6196088,2.8,,,,,,99.5,4932800406.92974
1391,COD,2005,3.159561,6.424313,3.3,17.49424,,,54.94182979,21.50795,98.0,11964484465.9388
1392,AFR,2003,6.737228,6.1556261,4.0,21.082308,,,54.27104176,26.31865,86.22,
1393,PAN,2018,32.253331,8.6015165,,53.610672,,,78.651343,82.19061,0.0,67316471200.0
1394,ISL,1999,13.883387,4.3650076,6.9,,,,,,0.0,8982047589.4895
1395,LBN,2011,25.807884,14.957717,11.6,47.086533,0.0,,77.97377185,88.70633,,39927125961.5257
1396,WPR,2019,7.174059,11.190009,,26.409016,,,77.48911331,90.84703,18.63,
1397,BHS,2005,33.673072,13.450179,10.5,37.625198,,,72.65880067,90.20266,0.0,9836200000.0
1398,LUX,2019,18.277541,7.380642,,15.402961,,,82.80168339,97.59426,0.0,69872035113.6469
1399,ROU,2021,32.745406,16.38393,,35.741531,,,72.76430945,88.25226,0.0,286578196368.297
1400,ITA,2009,15.696232,8.7257773,7.9,42.638977,1.0,,81.5215304,99.88573,0.0,2209484319012.65
1401,FJI,2021,33.201423,22.415824,,15.717794,,,65.50058445,93.33286,49.0,4305031649.74189
1402,KAZ,2001,13.959956,7.3918909,8.5,18.056923,10.3,,64.70931637,96.80273,14.7,22152689179.8815
1403,MWI,2012,4.4976622,4.1913595,4.1,6.2456956,,,59.42059707,27.4226,97.7,8773203178.16512
1404,IND,2000,1.8027535,11.407722,5.9,22.278593,,,63.19893734,14.08576,77.3,468395521654.458
1405,COD,1998,2.0534135,5.914022,2.8,,,,,,99.2,6217805820.77104
1406,MUS,1997,11.380409,14.377482,9.4,,,,,,10.8,4243755307.55239
1407,TON,1990,47.384197,12.953959,10.2,,,,,,85.7,113563821.577404
1408,AFG,2010,8.9501388,13.348567,7.6,26.389519,,,59.00377167,35.47747,80.2,15856668555.8336
1409,CRI,2000,17.261268,7.5781606,5.8,41.768394,6.5,,78.16621895,93.68806,11.1,15013629661.8969
1410,AUT,1995,10.593805,5.5955511,5.1,,,,,,0.0,240094169510.031
1411,CHE,2014,11.79871,5.4699339,5.6,21.873554,0.0,,82.84919576,99.89259,0.0,726537809429.524
1412,GEO,2006,22.699471,11.333115,10.9,17.22377,10.5,,72.02382849,88.43711,43.7,7745250733.95067
1413,HND,1996,12.065518,4.7427583,4.2,,,,,,76.3,5215028986.48649
1414,BRB,2003,24.299389,17.531879,10.4,36.016895,,,74.55086448,90.35388,0.0,3209500000.0
1415,KAZ,2006,14.892033,7.7824377,9.4,19.872578,0.6,,65.42456634,97.11996,10.8,81003864630.018
1416,LCA,2002,18.700944,10.23837,7.7,24.162508,,,73.50932526,85.00259,11.9,900000000.0
1417,CAN,1996,17.752779,7.7148482,5.8,,,,,,0.0,630607994132.747
1418,PER,1996,10.619524,2.8914331,5.1,,,,,,75.7,55252414130.3019
1419,EUR,2007,19.139735,8.0058828,7.9,25.254509,,,74.51560779,94.31633,3.35,
1420,OMN,2016,27.111796,15.06404,,37.763863,,,73.72044163,99.3193,0.0,75128738621.5865
1421,URY,1994,14.249639,9.187936,8.9,,,,,,0.0,17474588895.8918
1422,BRA,2015,21.612762,10.203222,,37.187439,3.4,,74.711289,86.03796,4.3,1802212206814.5
1423,ARG,2006,21.980514,8.9150116,9.0,34.777142,3.3,,75.5327089,90.46379,1.7,232557260817.308
1424,ISR,1999,18.124777,9.0052851,6.6,,,,,,0.0,121417185061.719
1425,EMR,2022,28.636786,20.382753,,40.325844,,,,82.34675,26.71,
1426,SSD,1998,2.5467396,5.1221531,,,,,,,99.5,
1427,WB_HI,2002,17.949091,8.1998177,7.5,30.615074,,,77.91958141,,,
1428,HUN,2010,24.020253,10.951712,9.4,22.610174,0.0,,74.5619878,98.0084,0.0,131898737241.166
1429,GHA,2011,10.021187,5.0228029,4.5,19.117264,,,62.58287212,16.04046,83.7,39336668080.559
1430,KIR,2022,46.303168,17.015536,,31.895262,,,,45.18205,85.4,270040456.961045
1431,LBY,1996,21.552396,11.45973,7.9,,,,,,,27884615384.6154
1432,COK,2018,66.410071,31.711504,,30.203735,,,,85.43983,22.5,
1433,OMN,1997,16.546956,11.479558,6.1,,,,,,0.0,18039791937.5813
1434,GLOBAL,2010,11.539098,9.855178,7.7,26.371929,15.7,,70.49808463,67.0905,42.837938461,
1435,SAU,2011,34.410015,16.600344,12.7,55.311085,,,76.13164239,95.25854,0.0,680660800000.0
1436,LTU,1990,20.181821,6.3191213,8.1,,,,,,0.0,
1437,COM,2009,9.3782581,4.0457126,5.0,12.011507,,,65.01480079,34.07573,97.3,905341172.70583
1438,GRL,1991,13.779965,3.5855394,,,,,,,,1016500069.25708
1439,SVK,1993,13.339344,5.7282582,6.1,,,,,,0.0,16737973764.3476
1440,RUS,2017,23.227727,9.0966769,,15.991579,,,72.49941608,88.24222,0.0,1574199360089.0
1441,BEL,2002,15.320407,5.1476464,6.5,45.13155,,,78.01455674,99.48497,0.0,258383599375.177
1442,LVA,1998,16.786568,6.3658841,8.1,,,,,,0.0,6974112951.26891
1443,ARG,1990,12.715301,6.1913289,7.7,,,,,,12.3,141352654305.163
1444,JAM,1998,15.430613,7.8635603,6.7,,,,,,30.1,8787195622.43502
1445,OMN,2014,25.897697,14.22191,7.5,36.968597,,,73.9416621,99.04546,0.0,92699089726.9181
1446,BRB,1990,15.748332,10.846281,6.9,,,,,,0.0,2012131457.26644
1447,IRL,1998,17.92869,4.7815751,5.7,,,,,,0.0,90199410115.5097
1448,AUT,2017,14.640945,7.2463207,,22.42528,,,81.38857295,99.97291,0.0,414926138132.691
1449,LCA,2019,31.118044,18.68602,,21.22628,,,76.11613744,83.37232,6.0,2095344444.44444
1450,DOM,2011,21.637838,10.82782,8.6,32.047256,2.9,,74.02906414,83.07167,12.4,57948261615.957
1451,SGP,2002,5.0396614,10.498714,8.5,24.696356,,,79.33785577,100.0,0.0,92538372869.6942
1452,IND,1993,1.0153112,9.7966857,4.9,,,,,,85.8,279295648982.529
1453,KGZ,1998,11.775234,6.7057572,5.3,,,,,,50.3,1645963749.83146
1454,WPR,2005,3.348265,6.6659555,6.8,21.964552,,,73.33346567,69.48369,47.49,
1455,PSE,2021,37.277558,14.66862,,30.267235,,,73.49178033,99.09744,,18109000000.0
1456,WB_LI,2010,6.0337808,7.0423961,4.4,17.675848,,,60.71751447,,,
1457,LBN,1997,18.287371,10.466965,7.3,,,,,,,15751867489.4446
1458,ATG,2009,24.898267,15.252794,9.8,33.148777,,,75.51285045,97.33826,0.0,1386518518.51852
1459,FRA,2019,10.264336,4.8911493,,25.221416,,,82.52902201,98.64841,0.0,2722793515171.76
1460,TLS,1990,0.28144238,3.0069875,2.2,,,,,,99.8,128210142.0
1461,TGO,1990,1.460087,3.6074642,2.6,,,,,,100.0,2299665505.61434
1462,MDG,2022,4.2625114,7.1920589,,13.590646,,,,14.75429,98.5,15325603272.6073
1463,SLV,2011,24.681477,10.363767,8.4,34.546177,4.5,,74.57443118,84.12801,21.5,20283780000.0
1464,MEX,2008,26.643476,16.66503,9.1,24.270678,4.1,,75.08739804,83.59736,15.0,1161553459984.65
1465,AGO,2009,7.8113981,12.233894,4.8,19.7547,,,57.07394875,39.79427,55.9,70307196181.6539
1466,PSE,1992,21.707176,8.7591626,,,,,,,,
1467,NLD,2019,14.249215,8.6297803,,10.524796,,,82.33882776,97.69441,0.0,928903005576.469
1468,KOR,2011,3.9070092,9.9051617,8.7,41.160194,,,80.95337202,99.95329,0.0,1253289537500.81
1469,PRY,2019,30.369297,11.869994,,33.992325,,,75.07903551,91.71567,31.2,37925338329.1494
1470,SEN,2009,7.0597291,6.2433008,4.7,19.023144,,,65.11616175,46.39602,65.5,16145867494.9405
1471,GHA,2009,9.5250033,4.6782203,4.4,18.866209,,,61.52802106,13.95733,86.0,26048720005.5233
1472,PAK,2020,20.715451,24.122606,,43.786552,,,65.84948383,67.11104,50.5,300425609817.981
1473,USA,1995,22.777116,8.2874142,6.4,,,,,,0.0,7639749000000.0
1474,TTO,2016,25.94943,26.652846,,42.277981,,,73.83467512,93.68607,0.0,23624333663.6693
1475,WB_LI,2021,9.1912955,8.5288726,,16.991837,,,63.66755209,,,
1476,NAM,1995,7.7465869,5.8695398,3.2,,,,,,68.8,3978514206.31168
1477,LTU,2016,23.899813,12.519041,,21.171276,,,74.70145984,92.21838,0.0,42970749245.0336
1478,FRA,2012,11.733142,6.0082279,7.8,30.528387,0.0,,81.57752501,98.65394,0.0,2683007095787.23
1479,SDN,2015,12.845907,9.438321,,19.634706,,,68.32706556,35.06824,51.6,51726758676.7677
1480,MLI,2004,4.9858559,4.2938311,3.8,35.951908,,,55.6927022,20.74647,99.2,7113132069.71577
1481,GLOBAL,1990,6.59688,6.0654715,4.9,,,,,,56.640521224,
1482,CRI,2017,28.097221,20.489159,,47.961517,1.0,,80.19506162,97.47361,4.9,60516044656.5298
1483,ZWE,2020,13.227327,9.3985803,,17.651917,,,59.40476255,35.19236,69.7,26868564055.12
1484,SWE,2014,14.700232,6.3606359,6.9,14.544574,0.5,,81.92750078,98.98386,0.0,577730245154.162
1485,WB_LI,1999,3.4244005,6.1558127,3.4,,,,,,,
1486,NPL,1997,0.92094652,7.0124127,5.2,,,,,,97.9,4918691916.53516
1487,LCA,2022,33.465132,20.364957,,20.949776,,,,83.35799,7.3,2342714814.81481
1488,MKD,2022,27.538985,14.726099,,26.103821,,,,98.98181,19.45,13932436550.0883
1489,MDA,2021,22.979851,11.436963,,10.931521,,,69.55780877,84.38853,1.9,13691869264.0794
1490,JPN,2004,2.9748166,8.3122596,9.1,32.02277,,,82.37003875,99.99072,0.0,4893116005656.56
1491,NIU,2006,58.091503,27.946034,21.2,13.796799,,,,99.50123,11.4,
1492,PAN,2014,28.528488,8.2962982,9.0,49.436279,3.5,,77.76557135,77.51545,0.0,51427104900.0
1493,CHL,1998,19.085419,6.9248751,7.8,,,,,,0.0,81990010704.0602
1494,IRQ,2018,38.184744,18.922591,,50.262516,,,73.06286041,96.99974,0.9,227367469034.031
1495,VUT,2008,17.725441,11.309239,10.7,11.500347,,,65.68985149,53.9188,86.9,590748429.401902
1496,EUR,1998,15.928087,6.6879563,7.0,,,,,,5.34,
1497,STP,2006,9.4509244,7.2684199,5.0,17.882153,,,66.784757,27.88093,99.4,142775104.081626
1498,PAN,2016,30.384517,8.4847271,,51.537312,2.2,,78.24463546,79.83759,0.0,59760858700.0
1499,SOM,1990,3.1164505,4.8924875,2.9,,,,,,99.8,1031282081.16683
1500,AND,2011,16.548447,8.6525641,8.8,31.382435,,,,100.0,0.0,3629133574.27783
1501,LTU,1991,20.016515,6.4544104,8.2,,,,,,0.0,
1502,MNE,2008,13.667241,8.5136488,8.0,20.277225,0.2,,75.02700903,91.71584,35.8,4545674527.61096
1503,VUT,2014,18.907145,14.924151,13.1,9.1869249,,,66.71134263,50.96489,86.6,773717010.546445
1504,SAU,1996,23.627122,18.001857,8.3,,,,,,0.0,158662483311.081
1505,LAO,2003,2.8569724,4.6114877,4.6,16.290237,,,60.19558269,37.31721,98.3,2023324407.28414
1506,ITA,2011,15.974298,9.0765379,8.1,42.27401,1.2,,81.82897949,99.88569,0.0,2306974020278.21
1507,ARG,2014,27.906281,10.19335,10.2,36.323486,0.7,,76.51452536,94.02112,0.3,526319673731.638
1508,JOR,2005,33.19214,13.568044,10.2,27.035507,,,73.42688191,98.40641,0.1,12588998589.5628
1509,MNG,1991,7.7095494,5.2111052,5.1,,,,,,79.3,2379018326.31579
1510,VCT,1991,13.264436,6.1726935,5.2,,,,,,3.8,254829629.62963
1511,PRK,2008,5.4516986,8.1313789,5.6,22.366823,,,69.79894796,76.61398,95.5,
1512,ARE,1991,19.513397,12.517022,6.0,,,,,,0.0,51552165622.4462
1513,CHL,1997,18.328634,6.6141121,7.7,,,,,,0.0,85741415285.165
1514,EST,2001,17.194013,5.9868019,8.1,12.493724,,,70.85470275,99.687,0.0,6250218422.70164
1515,NAM,2002,10.68914,6.662444,3.9,36.666725,,,51.74325949,28.78981,64.8,3349169826.38896
1516,LSO,2015,17.207177,5.1259071,,8.7268066,,,48.83813559,40.64731,60.9,2359686724.53829
1517,DMA,1994,13.798513,11.370678,6.6,,,,,,27.4,264374074.074074
1518,DMA,2013,25.148785,21.380559,11.1,25.409082,,,,80.36642,10.9,545325925.925926
1519,BHR,2007,28.990915,11.780682,7.5,33.904221,,,72.38722676,99.96804,0.0,21730000000.0
1520,COD,2009,3.8563747,6.6482112,3.7,16.612509,,,56.80885819,19.88359,97.1,18648372553.0921
1521,NOR,2005,14.214672,6.5250456,6.6,33.030514,0.2,,80.05177352,98.06697,0.0,309978579743.888
1522,FIN,2007,18.347058,7.2708681,7.5,20.49984,0.0,,79.26874907,99.44813,0.0,256360251537.648
1523,GRC,2008,23.087688,10.263126,8.4,31.428486,0.5,,79.9292479,98.38447,0.0,351121399546.485
1524,TJK,2017,20.435251,9.8952666,,33.078094,,,73.18915767,96.05746,18.8,7536402852.85802
1525,VNM,1994,0.23132416,4.0157132,3.2,,,,,,97.4,16286433533.3228
1526,NIC,1991,13.723156,4.8607364,4.7,,,,,,79.3,1488804123.71134
1527,WB_LMI,2003,5.7028756,9.9973343,6.1,23.307894,,,63.69823422,,,
1528,ETH,2009,1.2205159,4.8391618,3.4,11.684931,,,62.16370614,5.56531,98.1,32437389116.038
1529,MEX,2011,28.64337,17.456,9.7,25.038042,,,75.42631561,85.64617,15.2,1229013703577.75
1530,TGO,2014,7.7969313,5.7483092,4.9,14.027887,,,61.08981314,15.54974,94.0,6393318261.82712
1531,NIC,2017,30.59198,11.329526,,36.910522,,,78.50836352,72.87482,46.4,13785893007.4769
1532,ETH,2002,0.7539398,4.8403185,2.9,13.613397,,,53.81305038,3.39684,99.0,7850809498.16803
1533,STP,2005,8.9878157,7.0468821,4.9,17.854561,,,66.27283192,26.5791,99.4,136450662.390592
1534,LAO,2002,2.6962394,4.5829374,4.4,16.408216,33.8,,59.61142102,34.32828,98.5,1758176653.07746
1535,BGR,2014,18.220341,11.85504,10.3,27.369558,1.5,,74.40807537,85.97275,,57080897012.1077
1536,MKD,2019,25.776619,12.983356,,25.2213,,,76.14804901,97.87917,22.4,12606338448.547
1537,PRI,2007,31.165549,20.544237,,35.983807,,,78.30688641,,0.0,89524131600.0
1538,EST,1995,14.731649,5.2933235,7.8,,,,,,0.0,4502970889.06373
1539,GHA,2013,10.450875,5.460871,4.7,19.349007,,83.0,63.58672686,18.18926,81.2,62845721959.827
1540,MHL,2008,40.520453,28.030661,18.5,33.445625,,,,86.27042,53.0,146600000.0
1541,SLV,1992,13.22342,5.0234556,5.5,,,,,,61.9,5813399300.0
1542,ASM,2017,73.785073,31.262392,,,,,,,,612000000.0
1543,SEAR,2006,3.176425,11.461451,6.6,25.244129,,,66.65395623,38.79741,73.39,
1544,AFG,2000,4.2517096,9.8528825,5.6,22.208981,,,53.82332641,20.97092,93.8,3521418059.92345
1545,NRU,2014,67.833942,21.748844,28.9,38.172981,,,,65.85823,0.0,98752257.0453222
1546,PSE,2000,27.277911,10.981553,,41.826061,,,69.88946674,90.33991,,4313600000.0
1547,EUR,2006,18.830323,7.8411013,7.8,25.315392,,,74.11279931,94.0927,3.52,
1548,TLS,2012,1.1350038,3.7560377,3.9,21.447323,,,67.450997,47.40691,94.1,1160555000.0
1549,CMR,1993,3.9957095,3.949422,3.1,,,,,,94.7,16181814712.5295
1550,LCA,1998,15.646787,8.3956927,6.8,,,,,,18.4,877407407.407407
1551,SEN,1992,2.5474541,4.8670683,3.6,,,,,,79.1,7769817839.95644
1552,HRV,2003,16.987328,7.6756537,7.7,14.158623,,,74.86052687,98.08908,0.0,35245317001.8224
1553,USA,2005,32.184422,9.9201351,7.9,30.812117,,,77.38462128,99.87133,0.0,13039197000000.0
1554,TLS,2002,0.58705816,3.1151896,3.7,17.908604,,,63.92197693,35.22902,98.7,469455500.0
1555,SWE,2002,12.844685,5.3175375,6.7,27.552965,,,79.75650347,99.17742,0.0,267373345246.531
1556,JPN,2009,3.5416134,8.5491933,9.8,35.157177,,,83.15818254,99.97599,0.0,5289493117993.89
1557,ASM,2019,74.367118,31.023991,,,,,,,,647000000.0
1558,EMR,2002,15.811633,10.690037,7.8,30.260277,,,65.88711487,60.01839,41.53,
1559,BHR,1994,19.924913,9.1352761,6.3,,,,,,0.0,6330627925.53191
1560,PLW,2017,40.031931,19.851777,,27.375477,,,,97.7723,0.0,285600000.0
1561,DNK,2009,12.382816,3.908018,6.0,20.013752,0.5,,78.87762743,99.59723,0.0,322619152194.594
1562,GRC,2003,20.549327,9.3015142,8.0,29.758492,0.5,,79.0919372,97.90874,0.0,196930509813.384
1563,LUX,2008,18.05111,6.9608495,6.6,22.250582,0.0,,80.56515483,97.65313,0.0,58844277701.5258
1564,CHE,2017,11.868332,5.7420537,,20.662268,,,83.13986197,99.89987,0.0,695200834102.045
1565,BOL,1996,10.984147,6.5989837,4.6,,,,,,40.6,7396949126.35685
1566,BGD,2014,2.9545054,14.106272,8.0,20.520853,,,72.77669075,47.09554,83.2,172886611653.786
1567,DOM,1997,12.235302,5.2864239,5.2,,,,,,21.4,20017450041.3075
1568,MMR,1994,2.3863902,5.7821471,3.6,,,,,,99.5,4432257173.6492
1569,BEL,1995,13.199306,4.6637245,6.7,,,,,,0.0,288025588396.278
1570,KHM,2010,1.9509315,4.0469564,5.2,13.274749,,,66.7359551,38.02617,88.3,13808673288.0696
1571,ARG,2011,25.475958,9.719152,9.7,35.652321,0.9,,75.94927296,92.77075,0.6,530158122010.442
1572,AFG,2018,15.25583,17.482814,,30.885082,,,60.48797975,49.23414,68.3,18053222687.4126
1573,PAK,2016,16.423303,19.927387,,39.875774,,,66.05197225,60.18517,56.6,313630000130.435
1574,DNK,1995,9.1444254,3.7201133,5.8,,,,,,0.0,184848481008.139
1575,FIN,2014,19.67781,8.8565923,7.7,14.529493,0.0,,80.86537331,99.44799,0.0,273478528954.901
1576,GUY,2009,19.527631,14.821853,7.3,29.42869,,,66.08669636,83.10627,0.0,3165663152.73351
1577,BDI,1990,0.88639874,4.2162228,1.2,,,,,,99.5,1132101252.51817
1578,HRV,2001,15.816742,7.3205195,7.5,13.094953,,,75.00312259,98.46868,0.0,23066883849.6467
1579,PHL,2009,5.0695762,5.2795973,5.3,24.299387,10.7,,69.39723001,69.95698,60.0,175974755881.372
1580,AMR,2020,32.446858,13.863899,,34.915737,,,75.0691549,92.41602,7.32,
1581,DOM,2021,28.586972,16.404091,,36.549259,,,73.32102758,88.19322,7.3,94850719516.7127
1582,WB_HI,2017,24.078991,11.157276,,32.155704,,,80.58823029,,,
1583,AUT,2018,14.767757,7.3349454,,21.862,,,81.42361625,99.97281,0.0,452582294972.775
1584,UZB,2012,21.047696,9.2238374,7.9,18.669035,,,67.64432032,95.0891,14.8,67517349212.0609
1585,ARG,2022,35.355195,11.577818,,38.50597,,,,,0.1,632790070063.124
1586,TZA,2009,6.3592143,5.3895529,3.9,8.5603752,,,61.03787589,17.31962,98.8,29400573553.6075
1587,ZAF,1997,20.919065,10.337517,6.2,,,,,,48.6,168978057327.73
1588,DMA,2021,30.626947,25.096387,,29.922195,,,,,12.9,562911111.111111
1589,ROU,1996,9.7705573,3.7383519,6.1,,,,,,0.0,36937074278.3004
1590,TTO,2001,20.474772,15.270419,6.7,36.632454,,,70.55567603,90.29626,0.0,8824849191.03571
1591,BLZ,1999,24.727343,7.6640598,7.0,,,,,,21.3,1000250000.0
1592,NGA,2004,6.1455276,5.532515,3.5,21.010914,,,56.18946769,30.05326,99.1,135764731645.611
1593,CIV,2011,7.9324253,6.2484853,4.8,21.979378,,,57.55420401,28.33161,80.6,36693710801.3976
1594,VUT,2022,21.280643,20.3218,,7.5170069,,,,46.71493,80.7,1030654208.30053
1595,CRI,2016,27.456599,19.685322,,47.619335,1.3,,80.11048492,97.27468,5.3,58847019609.743
1596,CZE,2000,19.182809,6.7840688,8.0,24.151924,,,75.0301441,99.11295,0.0,62175642238.0847
1597,ZMB,2009,5.9425812,4.8184369,3.8,15.934892,,,56.61649649,27.59351,83.8,15328342303.9575
1598,PNG,2011,16.529809,17.505573,10.6,14.387795,,,65.03278821,18.67508,92.0,17985138065.8549
1599,MKD,2020,26.344883,13.590173,,25.501505,,,74.37069175,98.42777,21.1,12361036913.8409
1600,MLI,2008,6.4251438,4.4665799,4.3,34.704216,,,57.78455925,26.5889,99.1,12262134441.3733
1601,CIV,2008,7.1565531,5.6882951,4.5,22.926989,29.1,,56.57054792,26.04116,82.8,34078240293.2559
1602,TUR,2018,31.916896,15.104331,,43.528091,,,77.55827507,98.14569,4.8,778972108040.602
1603,AUT,2002,12.545799,6.5297514,5.6,31.901062,,,78.70354232,100.0,0.0,212837224022.813
1604,BWA,2020,17.458647,6.8115361,,22.668541,,,65.16840503,80.02624,34.9,14960251610.8975
1605,MLI,2016,8.8515341,5.3208932,,31.507263,,,60.63666584,39.56138,99.0,16743796799.8329
1606,PYF,2019,46.482417,17.233415,,,,,,,,6022276196.13871
1607,SVK,1998,14.566018,5.8324929,6.3,,,,,,0.0,29976207629.4888
1608,SGP,1998,4.4930987,10.638058,8.2,,,,,,0.0,85728207781.7785
1609,KNA,2011,38.01975,16.052194,13.5,36.947227,,,,93.64548,0.0,836092592.592593
1610,LKA,2019,8.8870585,23.390761,,34.247028,,,77.45083261,92.48794,69.0,88998706296.5783
1611,EGY,2006,32.892901,13.30279,12.5,31.468872,,,69.56785371,93.11509,3.0,107426086956.522
1612,KGZ,2021,25.950333,10.789411,,19.637556,,,72.18500345,97.87836,21.1,9249133946.26531
1613,TUN,2021,26.339301,16.464292,,32.834263,,,74.06842662,97.43598,0.1,47073234359.1819
1614,BHS,1993,21.698837,8.1542723,7.2,,,,,,0.0,3092000000.0
1615,COG,1992,3.2436091,6.6487014,3.6,,,,,,95.6,2933222703.0334
1616,HUN,1999,17.387116,8.3624877,7.9,,,,,,0.0,49160204397.4635
1617,EGY,1998,26.018322,10.340573,10.0,,,,,,27.7,84828807556.0803
1618,AFR,1991,3.750183,5.0217152,2.9,,,,,,88.24,
1619,CHE,2020,11.990971,6.1160199,,19.6283,,,82.73602492,99.89987,0.0,741999406005.627
1620,NRU,2008,66.523409,22.972448,27.7,40.699379,,,,65.7106,0.0,37184925.3337199
1621,ETH,2004,0.8710796,4.9034957,3.1,13.024829,37.2,,55.83373985,4.00925,98.9,10131187261.4421
1622,DOM,2014,23.619692,12.421823,9.3,33.336456,2.1,,73.26353439,84.64707,11.2,67014329099.5549
1623,VEN,2016,22.940819,10.757799,,43.437027,,,72.39034431,95.12383,4.2,
1624,DNK,2015,12.678646,3.6458455,,15.914522,0.2,,80.59412958,99.59723,0.0,301758922337.637
1625,COL,2006,14.785834,7.6208808,6.6,28.170326,,,74.69666325,80.78096,17.5,161792958904.864
1626,ETH,2006,1.0017272,4.9035586,3.2,12.468614,,,58.32029564,4.61983,98.7,15280861834.6024
1627,CPV,1999,6.256111,7.1151145,4.7,,,,,,38.1,592416703.058878
1628,TUN,2006,19.276462,9.777084,9.2,25.336903,,,75.57522085,82.58657,1.9,34376664600.5898
1629,MLI,2002,4.2555969,4.2576589,3.7,36.445778,,,54.16297861,18.01213,99.2,3908121307.01957
1630,TON,1995,50.731975,14.753859,13.0,,,,,,78.0,208871665.748682
1631,GUY,2001,14.769129,10.562156,6.0,26.69808,,,64.66515946,78.63059,0.0,712167450.162898
1632,BLR,2015,21.156007,7.6194808,,15.218597,0.0,,73.73950531,97.40946,0.5,56454769844.7632
1633,GIN,2009,5.1233921,5.7574756,4.2,18.139898,,,57.8555884,16.841,99.2,6716905339.73136
1634,BEN,2014,8.595629,6.4282715,5.1,17.144867,,,62.37267295,15.58946,94.9,13284527846.9081
1635,EMR,2015,23.813763,16.374512,,36.941833,,,68.93543861,73.48522,30.35,
1636,IND,2014,4.6272144,16.127834,7.8,38.796677,,,68.91972988,54.72652,55.2,2039126479154.52
1637,BLR,2005,19.747198,5.8963906,8.3,17.553204,0.4,,68.69743153,92.86298,3.1,30210091836.8294
1638,HND,2017,26.065275,9.6810997,,34.582348,17.2,,71.27116934,80.26502,53.0,23136247990.5977
1639,GRL,2019,25.801504,7.0835128,,,,,,,,2997309971.87623
1640,MLI,2009,6.748154,4.5362905,4.4,34.323799,49.7,,58.27710615,28.12306,99.1,12592138108.6378
1641,CHL,1990,13.408302,4.6970297,6.7,,,,,,0.0,33428580448.2715
1642,PHL,2001,3.4847826,4.2101268,4.5,14.720819,,,69.62976888,64.66458,61.4,78921234457.5487
1643,WB_LMI,2010,7.6202162,12.082205,7.1,28.417952,,,66.49609395,,,
1644,GMB,2006,6.616915,6.510888,4.5,22.223316,,,60.88522742,46.48626,96.8,1054112487.74083
1645,SRB,2002,14.981745,8.1715025,7.1,48.481026,0.2,,72.31660412,95.51203,40.4,17930583571.3055
1646,HTI,2020,10.146478,20.088391,,27.537346,,,63.41051389,37.12174,95.8,14508222518.3018
1647,EUR,2012,20.366627,8.854676,8.6,24.910437,,,76.35705486,95.38498,2.81,
1648,MWI,2010,4.0310543,4.4339512,4.0,7.3895903,71.7,,56.87054565,22.95022,97.6,10128323010.6049
1649,YEM,1997,4.6127573,8.2879506,4.5,,,,,,48.6,6838298530.54911
1650,GIN,2014,6.4509332,6.4516343,4.7,17.250349,,,58.60749611,21.95852,99.2,8778473372.82124
1651,AUS,1993,14.725339,4.1713625,5.9,,,,,,0.0,312133923552.558
1652,PRT,2013,18.966445,9.6750684,9.0,47.946663,0.7,,80.52727852,99.09654,0.0,226677408291.745
1653,SWZ,2003,17.48568,6.9242507,5.4,23.893734,,,42.59286029,50.72876,70.9,2197598466.25447
1654,PLW,2021,40.8959,18.862219,,26.21693,,,,98.78269,0.0,235752900.0
1655,COL,2018,21.450117,11.550064,,32.829422,,,77.82372796,91.28775,9.9,334198218098.276
1656,ASM,2006,70.326364,31.435966,,,,,,,,493000000.0
1657,KIR,2010,42.538646,20.107089,20.0,37.356552,,,61.36040242,40.29627,97.0,165458433.127645
1658,HTI,1999,5.1990073,10.101692,4.3,,,,,,97.6,4153725883.84082
1659,ZAF,2018,29.859245,12.42213,,45.913982,,,65.31532246,74.61168,13.4,405260723892.517
1660,ZWE,1991,5.7356302,6.2072087,3.3,,,,,,65.6,8641482395.798
1661,CAN,2008,23.741554,7.7293761,6.8,30.073538,,,80.56313756,99.67827,0.0,1552989690721.65
1662,TKM,2016,18.945944,14.20837,,13.045157,,,68.96406385,97.79566,0.1,36169428571.4286
1663,RUS,2003,19.642447,6.5129757,8.1,11.423064,0.8,,64.72303979,85.21033,0.0,430347420184.885
1664,OMN,2006,21.899426,12.239528,7.7,34.271454,,,73.46705832,93.10328,0.0,42577633289.987
1665,GEO,2009,24.929708,11.445472,12.3,18.337267,10.3,,71.32156688,87.90689,36.95,10766920065.8251
1666,TUR,2006,27.237111,9.7251333,10.0,40.646,1.9,,76.53841522,90.51211,7.0,557076157773.479
1667,DJI,2006,5.3644717,5.9326191,5.8,18.864241,,,60.21901234,49.74985,95.0,768873684.032838
1668,MYS,2021,21.432775,24.13034,,39.979561,,,72.8101035,95.9947,13.6,373784823672.946
1669,BRB,2012,30.851439,23.237489,13.3,39.887177,,,76.23035481,94.85504,0.0,5271257500.0
1670,CPV,2011,10.988255,7.6620072,6.4,26.254251,,,74.33323277,61.80066,28.9,2046817987.20109
1671,WSM,1998,44.927582,11.403574,12.9,,,,,,84.2,269485244.15511
1672,COD,2004,2.9855983,6.3659899,3.2,17.721247,94.1,,54.34409074,21.9486,98.2,10297483481.223
1673,BIH,1994,12.618674,7.3897436,5.5,,,,,,41.9,1255802469.1358
1674,MRT,1994,6.1423957,4.6688851,4.3,,,,,,78.8,1944876755.00708
1675,BHS,2001,29.697421,11.498954,9.4,37.474655,,,71.11367814,88.11921,0.0,8317830000.0
1676,CAN,2022,26.227117,9.5776998,,37.180416,,,,98.58836,0.0,2190411080134.32
1677,KWT,2006,38.985664,15.41792,12.6,61.095215,,,78.57389835,100.0,0.0,101557330723.423
1678,VNM,1996,0.24916385,3.9762519,3.4,,,,,,95.1,24657470574.7501
1679,SEN,2006,6.3335948,6.0876556,4.5,19.741735,,,63.06775371,43.14375,63.0,11697918243.0035
1680,KHM,2018,3.3583373,7.0498928,,13.163371,,,69.35586113,63.68017,68.9,33145892168.8958
1681,BRA,2017,23.391308,11.15941,,38.096024,4.8,,74.98912241,87.67796,3.9,2063514977365.65
1682,BWA,1992,6.7462161,5.1110022,3.4,,,,,,70.7,4146464586.61674
1683,TUV,2007,56.370437,16.769785,19.7,32.926647,,,,82.59924,72.8,28450168.692765
1684,TKM,2008,15.328884,14.593916,7.5,14.817187,,,66.98536912,94.69889,0.1,19271523178.8079
1685,PNG,1997,13.257439,14.15128,6.6,,,,,,94.8,4936615298.79367
1686,NLD,2017,14.092663,8.2479142,,11.344375,,,81.52798471,97.71353,0.0,848233537845.884
1687,AFG,2013,10.982534,14.6369,8.2,27.937994,,80.0,60.43497705,40.56485,75.6,20146416757.5987
1688,SEAR,2004,2.784231,10.823129,6.3,23.612434,,,65.59142283,33.96988,75.89,
1689,MYS,1999,8.7665565,9.7404175,6.9,,,,,,2.2,79148421052.6316
1690,JOR,1999,29.256538,11.630768,8.8,,,,,,0.3,8149929478.13822
1691,PRI,1991,18.367733,10.953415,,,,,,,0.0,32287031000.0
1692,GEO,2022,34.659627,12.044854,,24.019255,,,,86.25802,7.8,24984568959.605
1693,WB_LI,2019,8.3950855,8.129248,,16.93152,,,64.21817017,,,
1694,VEN,2006,21.452996,9.0540782,7.8,38.885422,10.2,,74.69093059,89.67091,2.9,183477522123.894
1695,AGO,2004,6.4557813,11.05046,4.0,21.10359,,,52.3558271,33.29039,57.9,23552057679.4994
1696,WB_HI,1996,14.783391,7.438384,6.8,,,,,,,
1697,JOR,2018,37.841523,14.810659,,28.087543,,,79.63154866,97.30632,0.2,43370860704.2254
1698,BLR,2017,21.233803,8.2456604,,14.822032,0.0,,74.22729868,98.36745,0.4,54725405751.1559
1699,AMR,2018,31.177703,13.200088,,34.261009,,,76.98308457,91.62466,7.59,
1700,TKL,2005,61.860889,33.638,,,,,,,66.9,
1701,DMA,1991,12.345213,10.195241,6.2,,,,,,31.0,219762962.962963
1702,DZA,2017,21.288969,15.539192,,27.579885,,,76.40431934,86.45882,0.4,189880896903.073
1703,SOM,2010,8.7591164,6.5705359,4.6,19.148741,,,49.52620758,28.63191,98.9,2687807003.73935
1704,PAK,2009,10.515976,14.103737,8.7,33.380104,,,63.92267166,47.712,65.7,187337783856.466
1705,ZWE,2013,10.400436,8.766672,4.6,17.980556,,71.0,56.08364808,39.31972,69.9,19091004042.4363
1706,ROU,2019,30.200365,14.391728,,33.747108,,,75.4603753,86.54158,0.0,251677082534.495
1707,TKL,2013,65.592659,34.151515,,,,,,,67.85,
1708,SWE,2022,15.267009,7.4821211,,8.6954651,,,,98.86081,0.0,579895717343.956
1709,NRU,1992,66.420448,24.850526,23.8,,,,,,0.0,51133123.1254326
1710,GRC,1998,17.877188,8.3527677,7.6,,,,,,0.0,139612812175.718
1711,BWA,2003,11.342568,5.7525795,4.7,27.909302,,,48.30164814,55.93063,50.4,7511582173.37724
1712,SYC,2011,24.779765,16.152039,9.4,21.251606,,,73.29952908,98.08968,0.0,1058918707.26124
1713,BTN,1995,2.3776941,8.5468456,5.9,,,,,,88.3,290490983.815778
1714,TUN,2019,25.380853,15.469168,,31.794003,,,77.50537971,96.37657,0.1,41905642418.825
1715,NOR,2022,19.146442,7.614962,,35.115173,,,,98.04901,0.0,596297651035.798
1716,DMA,2011,23.90811,20.98377,10.5,24.429146,,,,77.85506,11.7,532081481.481481
1717,COG,1990,2.8488774,6.3909598,3.5,,,,,,96.1,2798746050.11354
1718,CAN,1991,14.578338,7.3129267,5.3,,,,,,0.0,612527712315.615
1719,TJK,2005,12.918739,7.7955492,5.1,27.37068,,,68.16382022,91.60073,45.7,2312352020.6689
1720,CRI,1995,14.126752,5.9378076,4.9,,,,,,13.2,11578594259.8675
1721,TJK,1998,9.7798236,7.099402,4.1,,,,,,70.1,1320199581.52261
1722,VNM,2019,1.5709221,8.7972209,,27.95046,,,73.71007094,86.6378,5.9,334365270496.667
1723,GIN,2006,4.300832,5.4763451,3.9,18.663424,,,56.85533921,14.00263,99.2,4220019845.26341
1724,NAM,2020,16.261652,8.7384798,,26.207867,,,63.75209779,35.25997,53.1,10583748541.5258
1725,EST,1997,15.413225,5.5214196,7.9,,,,,,0.0,5154420649.23354
1726,LBN,2006,23.532419,13.066769,9.6,41.518715,,,76.79700172,82.16044,,22022709851.4096
1727,BRN,1990,8.0072418,6.8351984,5.3,,,,,,0.0,6039881086.68157
1728,IRN,1997,13.409525,6.2102526,5.5,,,,,,13.5,113919163421.479
1729,GUY,1994,10.993333,7.9331517,4.5,,,,,,0.0,540874934.201012
1730,NIC,1993,14.965792,5.1071599,4.8,,,,,,76.0,1756454248.36601
1731,CHL,1994,16.118422,5.7260856,7.2,,,,,,0.0,57438273591.0521
1732,RUS,2009,21.55602,7.3605351,8.6,13.164804,0.0,,68.55662333,86.48658,0.0,1222645900055.7
1733,GRC,2019,26.880234,11.871347,,34.35038,,,80.90744762,98.99026,0.0,207305649887.019
1734,ETH,2014,1.6699459,4.7788545,3.8,10.553192,,,66.55987824,7.13201,96.2,55612228233.5179
1735,JPN,2022,5.5393007,11.235429,,44.746857,,,,99.93769,0.0,4262463317796.53
1736,NER,2011,3.7989847,5.1158588,3.9,19.199478,50.3,,58.60580875,10.94357,98.5,8772950777.79176
1737,LCA,1995,13.543749,7.5325519,6.1,,,,,,23.1,762962962.962963
1738,MHL,2016,43.461981,28.219694,,27.659691,,,,82.75312,35.1,201800000.0
1739,BRA,2009,16.956781,7.8045264,7.1,34.663956,5.4,,73.8424263,81.00653,6.5,1666996438581.43
1740,TKL,2022,69.818115,31.539583,,,,,,,71.6,
1741,PLW,2020,40.666851,19.081093,,26.48749,,,,98.54059,0.0,258990800.0
1742,CUB,2000,10.67686,9.0547271,7.4,32.828487,,,76.74758667,82.56155,37.2,30565400000.0
1743,TON,1997,51.968354,15.442796,14.0,,,,,,73.9,214991452.314998
1744,CIV,2016,9.286879,7.4831672,,20.607914,,,61.62678525,32.29726,72.0,48407761036.8238
1745,OMN,2005,21.316956,12.160216,7.6,33.870495,,,73.361458,92.29376,0.0,35506892067.6203
1746,TGO,2002,3.91118,4.0897548,3.7,13.626816,,,56.21544389,10.17042,99.5,2410199032.43102
1747,CRI,2004,19.775213,9.5892899,6.5,43.277618,4.3,,78.67775018,94.6009,9.5,18610594846.2083
1748,IRN,2014,20.786907,11.058574,10.3,39.916821,0.2,,77.29855084,87.59508,3.0,462284793280.825
1749,ARE,2015,31.910279,20.516048,,60.934013,,,80.71356774,99.10909,0.0,370275469571.137
1750,CZE,1998,19.059047,6.6208042,7.9,,,,,,0.0,67187217327.7326
1751,POL,2000,16.628349,6.0025048,7.2,22.296738,0.1,,73.69538073,87.57455,0.0,172953527033.013
1752,AGO,2021,11.109583,15.591736,,17.413521,,,62.13113467,51.92168,50.2,66505129987.7235
1753,EUR,2004,18.158574,7.5270317,7.6,25.434896,,,73.32032577,93.66284,3.87,
1754,LSO,1999,10.366445,5.0069377,4.7,,,,,,85.5,912773681.050642
1755,CMR,2001,7.258603,4.2946279,3.6,23.725346,23.1,,52.89875064,38.33013,89.2,10953485349.1135
1756,AND,2017,17.260967,9.0362146,,28.846487,,,,100.0,0.0,3000162081.11976
1757,CYP,2013,21.674781,7.955505,7.7,41.854527,0.0,,81.84969587,99.50633,0.0,23959712860.8331
1758,ARM,1992,12.456106,6.7450054,7.3,,,,,,48.3,1272835453.42634
1759,ARE,2009,32.139295,20.553389,6.4,55.922962,,,80.73659279,99.12748,0.0,253547358747.447
1760,LVA,2009,20.82279,8.0918916,8.8,18.094822,1.7,,72.66145576,89.8144,0.0,25691530442.035
1761,MMR,2012,5.2409653,8.1904255,6.2,21.491043,,,65.86631653,69.80753,87.0,59937796648.2158
1762,NZL,2003,23.830852,7.1034454,7.6,21.075851,,,79.05551434,100.0,0.0,88250885550.2626
1763,ISR,2019,22.24371,9.5188901,,27.45923,,,82.57325579,99.94202,0.0,400645216358.857
1764,KIR,1995,35.018793,15.219918,11.2,,,,,,99.6,68596394.6026524
1765,NLD,2018,14.169429,8.4336773,,10.927268,,,81.8952079,97.70364,0.0,929733599796.862
1766,NLD,2016,14.018466,8.0747209,,11.776217,,,81.34048104,97.72413,0.0,797163949289.885
1767,MDA,1998,19.683345,5.8257993,6.3,,,,,,43.5,1698717504.65549
1768,UKR,1994,16.930616,5.9158672,7.5,,,,,,13.1,52549580264.8064
1769,AFG,1992,2.2733929,8.1723027,4.4,,,,,,98.5,
1770,ZAF,2012,28.633341,12.247905,9.4,47.795097,,,60.81522121,69.83676,19.5,434400545085.811
1771,KAZ,2003,14.328063,7.5832948,8.8,18.727297,4.6,,64.77834271,96.92186,12.9,30833692900.1091
1772,TJK,2009,15.222299,8.2620941,6.0,29.069408,4.7,,69.34531105,93.0833,33.7,4979472364.4534
1773,BEN,2018,9.7187229,8.1537254,,17.435186,,,63.73859672,17.9998,94.6,14262408089.9261
1774,SYC,2010,24.417603,16.076431,9.2,21.377424,,,73.11877031,97.84709,0.0,981616542.328454
1775,AFR,2000,5.864882,5.9366431,3.7,21.739935,,,52.98151168,25.15562,86.77,
1776,SWZ,1992,10.8486,5.2872058,4.0,,,,,,84.9,1284759927.54594
1777,FSM,2001,37.965429,20.757829,12.5,43.874664,,,63.81961029,29.13627,89.3,240970900.0
1778,BMU,2005,21.86664,16.355154,,,,,,,,4868136000.0
1779,BTN,2022,12.177311,13.9301,,9.9078541,,,,77.94007,9.4,2898227743.75576
1780,COL,1999,11.372998,5.5269379,5.6,,,,,,22.8,86278947636.962
1781,SLE,2013,5.9137195,7.2319947,4.6,14.443974,,,57.05432525,15.0676,99.5,7502762862.72657
1782,ISL,1990,9.9195853,3.6517136,7.0,,,,,,0.0,6468736355.55678
1783,ERI,1998,1.0877613,5.1696535,2.4,,,,,,97.1,745523116.900052
1784,QAT,2000,26.016459,13.511145,10.8,45.135567,,,70.38243907,99.93655,0.0,17759890109.8901
1785,IRQ,2005,29.708245,12.816356,9.8,43.547855,,,68.68305138,74.44507,14.1,50065104667.8159
1786,LCA,2020,31.881827,19.236422,,21.120636,,,75.63349527,83.3681,6.5,1499274074.07407
1787,NER,2012,3.935124,5.1309828,4.0,18.840431,,,58.92187052,11.42109,98.4,9426912647.59111
1788,PHL,2010,5.2867062,5.5197995,5.4,25.721926,,,69.68865207,71.03098,59.8,208368893151.144
1789,SYC,2007,23.106474,15.414511,8.4,21.700935,,,72.47348081,97.1193,0.0,1077308813.82945
1790,PYF,2012,43.025205,15.596111,,,,,,,,5692858099.00217
1791,NIU,2017,63.716012,29.072851,,8.4933567,,,,97.92296,2.1,
1792,COG,1996,4.1138213,7.1780413,3.9,,,,,,94.1,2540697539.05773
1793,BRN,1998,12.260635,8.4336489,6.0,,,,,,0.0,5550846024.98159
1794,EST,2005,18.997414,6.6524349,8.4,13.301152,0.7,,72.88570642,99.5404,0.0,14109491356.7964
1795,LBN,2007,24.02301,13.393632,10.0,42.633343,,,77.46682627,83.46962,,24827355014.9254
1796,KHM,1991,0.56152176,3.1890433,3.0,,,,,,99.5,2054974089.3643
1797,GRL,2007,21.406062,6.2141664,,,,,,,,2249811295.6608
1798,ARG,2020,33.391389,11.182565,,37.92424,,,76.22884718,,0.1,385740508436.965
1799,KNA,2014,40.129983,17.637648,14.9,38.216125,,,,94.95359,0.0,952111111.111111
1800,ISL,1991,10.301916,3.7396923,7.0,,,,,,0.0,6909730288.17061
1801,ARM,1997,14.179595,8.4171787,8.3,,,,,,30.7,1639492444.76152
1802,ZMB,2007,5.3893194,4.5402382,3.7,16.370764,,,53.57698997,25.91375,83.8,14056957976.2648
1803,ZWE,2016,11.504383,9.0401702,,17.740004,,,57.9178434,37.52919,70.1,20548759858.0924
1804,AMR,2010,26.396841,10.89318,8.2,31.755749,,,75.79804084,88.53843,9.23,
1805,BLZ,1990,17.654842,6.0811695,5.6,,,,,,36.3,547150000.0
1806,ARM,1994,13.131873,7.5208567,7.7,,,,,,41.0,1315158636.67553
1807,MHL,2007,40.145591,27.829677,18.1,34.252098,,,,86.6801,59.0,150500000.0
1808,VEN,2012,22.728722,10.412329,8.5,41.748177,,,74.44482492,92.94266,3.5,381286237847.667
1809,ERI,1996,0.95025338,4.8880156,2.2,,,,,,97.7,693535954.190067
1810,MYS,2014,17.143068,16.463554,9.8,40.604218,,,74.64731536,95.2983,6.0,338066095097.254
1811,CAF,2019,8.0635421,15.514939,,16.584423,,,52.93260744,14.48198,99.2,2221301351.43918
1812,TUV,2008,56.879133,16.594909,20.2,32.219036,,,,82.7237,67.05,31874434.857882
1813,SWZ,2013,23.784496,7.8891218,6.5,20.854664,,61.0,49.97813792,59.13127,56.4,4464726180.76995
1814,SEAR,1999,1.970389,9.424372,5.5,,,,,,81.73,
1815,TUR,2000,24.072707,8.0111362,8.0,38.799587,,,73.31499528,86.53613,10.3,274294623164.043
1816,NZL,2006,26.002643,7.5864464,7.8,20.882006,,,79.88697688,100.0,0.0,111538810712.665
1817,URY,1997,15.86345,9.8706834,9.1,,,,,,0.0,23969739233.8966
1818,SSD,2006,3.991415,5.6670267,,18.041431,,,56.35280945,,99.9,
1819,GUY,2017,24.868968,18.883446,,32.843266,,,68.19380586,87.92711,0.0,4748174334.14044
1820,CAF,2022,9.2961431,16.041619,,16.53388,,,,13.84629,99.0,2382618615.01694
1821,COD,1995,1.6955664,5.5268817,2.6,,,,,,99.5,5643439376.10491
1822,BMU,2008,23.847386,18.150382,,,,,,,,6980000000.0
1823,POL,1997,15.515286,5.806781,7.0,,,,,,0.0,159893964916.817
1824,ATG,2005,22.26211,13.155931,8.5,31.692595,,,75.53604558,,0.0,1143896296.2963
1825,PNG,2018,18.829812,18.150634,,12.865067,,,66.51753655,19.0774,90.5,24109780708.0268
1826,VUT,1993,14.616778,5.3656675,6.9,,,,,,89.4,200491853.167847
1827,FIN,1993,14.141317,4.9828142,6.6,,,,,,0.0,89112105756.2194
1828,GTM,2010,18.676299,13.559134,7.0,19.95966,,,71.06943555,65.36988,63.1,40676578423.4871
1829,YEM,1992,3.6966432,7.7065475,3.5,,,,,,54.5,17959367194.005
1830,SLB,1990,13.218559,5.1216375,5.6,,,,,,91.4,214877666.846068
1831,SYR,1990,17.08868,9.215574,5.3,,,,,,5.7,12308624417.8268
1832,KEN,1997,3.4614258,3.5623856,2.5,,,,,,99.0,13115764358.2846
1833,GLOBAL,2001,9.012065,7.7863447,6.2,23.598047,,,67.09900665,56.30305,50.393868748,
1834,UKR,1992,16.662538,5.7011999,7.5,,,,,,15.0,73945908383.7046
1835,MEX,2004,24.146934,14.747091,8.3,23.314129,5.2,,75.04316184,80.74616,15.5,819459227375.022
1836,MWI,2007,3.3862922,4.8090063,3.7,9.4176254,,,52.54577058,16.18819,97.8,6451210219.11683
1837,COD,2000,2.3353986,6.0731478,2.9,18.686842,,,52.64392739,23.74773,99.0,19088046305.7971
1838,PRI,1999,24.7822,15.060218,,,,,,,0.0,57841000000.0
1839,GRC,2002,20.00474,9.0954475,7.9,29.40822,,,78.97253017,97.8094,0.0,150253800085.865
1840,TON,2017,67.287731,21.373628,,30.583593,,,72.71571833,93.99415,21.5,459976847.108128
1841,TGO,2012,7.1321554,5.3249091,4.7,13.989287,,,60.30947123,14.4999,95.35,5413544658.41535
1842,GIN,1990,1.212256,4.4017393,2.4,,,,,,99.6,3888320665.52218
1843,URY,2007,21.627079,12.169601,10.0,30.239603,0.3,,75.38115954,94.23308,0.0,23797773024.3992
1844,CIV,2007,6.8623267,5.5360202,4.4,23.226604,,,55.73160801,25.29236,83.2,28760090953.3081
1845,EUR,1997,15.575039,6.5534092,6.9,,,,,,5.63,
1846,SVN,2002,14.649099,7.5692356,7.5,19.402985,,,76.50389555,99.11168,0.0,23214593516.2095
1847,HUN,2006,21.595758,9.8271601,8.8,20.630121,0.2,,73.37194198,98.02482,0.0,115604111412.139
1848,WB_UMI,2017,13.156934,10.936497,,25.317335,,,75.28837476,,,
1849,WB_UMI,1990,5.6819178,4.8081744,4.8,,,,,,,
1850,MLT,1998,25.345549,9.0212569,8.2,,,,,,0.0,4010092090.88186
1851,MWI,2015,5.2871391,3.9099298,,4.8326917,,,61.82512095,34.0704,97.8,9219474379.31534
1852,NAM,2014,14.516743,7.6645218,5.4,29.278677,,,61.94948428,33.54989,56.5,12435430969.6301
1853,GMB,2010,8.4947467,7.2820701,5.2,21.877699,25.1,,62.35679034,46.35478,97.4,1543294926.87301
1854,TZA,1998,3.2302637,4.8920915,3.0,,,,,,99.5,12172790056.3733
1855,LBY,1997,22.198328,11.875391,8.0,,,,,,,30700897874.8704
1856,AGO,2017,9.8170705,14.277266,,17.917162,,,62.03682911,49.87698,51.8,73690154990.7312
1857,TLS,1999,0.48361998,3.0982697,3.4,,,,,,99.2,225357600.0
1858,JOR,2009,35.14362,14.623353,11.4,27.500877,,,76.34651794,98.05409,0.1,24537876056.338
1859,PER,1991,9.035819,2.8274283,4.7,,,,,,91.0,34341465998.2003
1860,WSM,2005,50.523078,14.300938,17.2,31.542925,,,70.24626535,91.88973,78.1,476801793.159429
1861,JAM,2019,31.496364,21.547571,,37.099854,,,72.23602877,86.6316,8.1,15830766531.1474
1862,GNQ,2004,11.034798,8.8903062,5.2,23.398445,,,56.18357801,58.63359,79.4,4410764338.66733
1863,CIV,1999,4.2203784,4.6552747,3.7,,,,,,84.2,18870992455.568
1864,CMR,1992,3.7033759,3.9543927,3.0,,,,,,95.2,12071775335.0433
1865,TKM,1992,9.0478197,9.5622152,4.5,,,,,,2.7,3200539816.0601
1866,COL,2020,22.508769,11.982416,,33.616383,,,76.17457612,93.01277,9.1,270348342541.465
1867,MDG,2021,3.9922457,6.9937058,,13.55843,,,62.9342555,14.22297,98.6,14354731964.331
1868,MYS,1990,5.1106267,8.4430709,5.0,,,,,,6.0,44024585239.6137
1869,SLV,2016,27.544028,11.171462,,36.630955,2.2,,73.58698324,85.87373,12.8,24191430000.0
1870,ERI,2019,4.0188789,6.9141321,,11.724517,,,63.76432633,,88.6,
1871,MLT,2007,29.141533,11.415687,9.5,51.160271,0.5,,79.64226641,99.9648,0.0,7908412373.84313
1872,WSM,2019,60.440767,15.652819,,15.829827,,,69.99170791,96.84426,64.4,912950466.064906
1873,FSM,2011,41.919431,28.294411,16.9,36.14835,,,64.90882285,70.01469,88.2,311301600.0
1874,LUX,1996,14.539464,5.9891809,6.4,,,,,,0.0,20895314657.9805
1875,UZB,2010,19.267955,8.4486611,7.2,16.488132,,,66.71556004,94.84581,14.6,49765676402.4495
1876,PYF,2017,45.446712,16.626176,,,,,,,,5833352692.7995
1877,GRD,2018,27.610555,19.656532,,34.051975,,,72.78877041,,11.3,1166514814.81481
1878,ERI,2006,1.877873,5.6838498,2.7,13.000424,,,58.75833395,10.26442,93.7,1211161879.6748
1879,ARG,1991,13.205263,6.3811995,7.8,,,,,,11.0,189719984268.485
1880,CZE,2006,20.089673,7.6399259,8.7,23.459187,0.0,,76.60775206,99.12261,0.0,156236258386.589
1881,COK,2021,68.304628,31.824043,,26.562777,,,,85.43983,24.1,
1882,TJK,2010,15.836452,8.4074445,6.2,29.533459,,,69.92200868,93.45507,31.4,5642221099.17704
1883,TUV,2016,60.945153,14.311005,,27.232847,,,,83.38944,30.6,41629064.2232388
1884,LBY,2011,31.47499,18.960117,12.0,39.938206,,,71.43952101,91.56803,,48169263294.1007
1885,TKL,1993,55.480736,23.586181,,,,,,,68.55,
1886,PAN,1998,15.846361,5.1874612,5.7,,,,,,0.0,11019557700.0
1887,MRT,2020,21.206871,9.3831539,,40.370365,,,68.92697523,51.66774,52.5,8260752385.23089
1888,MNE,2014,15.346488,10.566673,8.7,21.03648,0.0,,76.62030337,94.98996,38.0,4593853290.963
1889,WPR,2014,5.450391,8.8517196,9.1,24.555992,,,76.5927032,83.76435,29.34,
1890,SWE,2007,14.161339,5.8170464,6.8,21.791218,0.5,,80.77300072,99.09826,0.0,490050156832.574
1891,TUN,2002,17.345017,9.0451099,8.1,23.544552,,,74.75755844,78.3301,5.3,23141616604.5242
1892,LVA,2020,23.728979,11.965224,,14.938657,,,75.49885883,92.42437,0.0,33379927434.6149
1893,ZMB,2018,9.1049865,7.5609334,,14.433042,,,61.41187871,34.72207,87.9,26311507273.6735
1894,DJI,1992,2.4974,4.5884285,4.8,,,,,,96.8,478058304.871118
1895,MDG,2017,3.0997556,6.3788518,,13.591162,,,63.57935928,12.1276,98.9,13176313593.5509
1896,LAO,1994,1.7205887,4.4310696,3.5,,,,,,98.9,1543606345.11684
1897,ITA,2019,16.860232,10.985861,,40.613651,,,82.98522568,99.88522,0.0,2019606796583.53
1898,KNA,2016,41.52813,18.693496,,39.086895,,,,94.95359,0.0,1006818518.51852
1899,BGR,2021,20.26576,15.298046,,31.628448,,,71.30586,86.04551,,84414122840.1687
1900,DEU,1994,15.305194,7.515908,6.0,,,,,,0.0,2215282632276.73
1901,RUS,2010,21.815884,7.5336218,8.7,13.487866,0.1,,68.82506177,86.69795,0.0,1524916715223.95
1902,IDN,2001,2.7723292,4.2401336,5.1,15.22852,35.5,,67.44224013,42.30641,92.3,160446947784.909
1903,KGZ,2017,23.400386,9.7519323,,18.807442,1.5,,72.80933995,97.54907,22.6,7702938379.42036
1904,SUR,2004,18.075541,12.163269,9.0,38.058895,,,70.80110636,79.31336,19.4,1484092538.40527
1905,PRI,2009,32.567143,21.93127,,36.710949,,,78.42308292,,0.0,96385600000.0
1906,SEAR,2001,2.267533,9.9311404,5.8,21.342054,,,64.52874216,26.72515,79.45,
1907,SLE,2007,5.2683458,6.2997296,4.0,16.167107,,,52.87597512,10.7956,99.7,3632957611.35152
1908,QAT,1990,18.261667,9.7691968,7.9,,,,,,0.0,7360439423.07692
1909,TGO,1994,2.0074748,3.7456736,3.0,,,,,,100.0,1387662121.46736
1910,SOM,2005,6.901224,6.3337818,4.2,20.145849,,,49.79233436,23.86522,99.4,4683246454.10048
1911,RUS,2011,22.051413,7.7196799,8.9,13.818582,0.0,,69.77052933,86.90892,0.0,2045922753398.04
1912,HND,2003,16.575871,5.8002274,5.2,28.904242,28.1,,70.19195664,67.28619,65.3,8230391346.67228
1913,VUT,2010,18.10144,12.609401,11.4,10.618361,13.1,,66.08385743,52.98263,87.1,670712979.682038
1914,CHE,2008,11.743621,5.1986016,5.3,24.756067,0.0,,81.86194325,99.88109,0.0,567267767519.158
1915,SLE,2001,3.8730994,5.7101212,3.5,17.499512,,,50.94581314,7.92617,99.9,1681473893.76655
1916,SUR,2022,29.015034,20.642549,,48.855488,,,,89.97234,4.6,3791603200.0259
1917,ROU,2022,34.039709,17.389177,,36.756824,,,,88.28423,0.0,296354358293.475
1918,VCT,1996,16.05624,7.0854627,6.1,,,,,,3.8,331488888.888889
1919,THA,1997,4.9133655,6.1369985,5.5,,,,,,45.0,150180456565.728
1920,CZE,1992,19.381802,6.5333173,7.8,,,,,,0.0,35051065440.3962
1921,FIN,2021,21.244988,11.176905,,10.092248,,,81.53419484,99.44795,0.0,294223210496.119
1922,SGP,1999,4.5946803,10.630475,8.3,,,,,,0.0,86286849754.8905
1923,WB_HI,1990,12.224813,6.472303,6.1,,,,,,,
1924,IDN,2003,3.1725395,4.3932021,5.4,15.371066,22.6,,67.84714276,46.54166,89.0,234772463823.808
1925,MNG,2001,11.15301,6.0843531,5.8,8.1214037,,,63.48955882,44.96458,77.0,1267997934.3125
1926,CYP,1995,16.147073,6.3570261,5.9,,,,,,0.0,9933137128.07244
1927,NAM,2017,15.332749,8.107885,,27.636835,,,62.37183813,34.43011,54.6,12895153370.9132
1928,GNQ,2012,13.906439,9.7074106,7.2,21.288248,,,60.11028327,65.40607,76.1,22388344143.9131
1929,PSE,2009,32.813111,13.049307,,37.336437,,,69.43075818,93.38502,,8085700000.0
1930,ARM,2013,20.750707,10.723134,11.9,24.749203,2.2,,74.18785118,92.09077,2.9,11121464437.0415
1931,VUT,2020,20.58624,18.846373,,7.8059254,,,67.09750807,47.8035,82.8,909421043.508407
1932,BGD,1992,0.39480864,7.9724483,4.2,,,,,,93.75,31708874594.1645
1933,LBR,2020,15.247598,8.4504224,,15.644385,,,63.45657848,21.34058,99.4,3176126300.0
1934,POL,2004,18.428074,6.5601669,7.6,24.558113,0.1,,74.76713155,90.25626,0.0,256268656145.134
1935,CYP,2021,22.755602,8.705835,,40.915314,,,81.912741,99.39628,0.0,30372642502.4897
1936,YEM,2001,5.623515,8.5919261,5.0,21.458038,,,63.62361632,45.54814,44.8,9852990692.98714
1937,AND,2014,16.880371,8.7889798,9.1,30.051455,,,,100.0,0.0,3271685596.66321
1938,PHL,2013,5.9783202,6.4285457,5.7,30.234264,,54.0,69.44796065,74.37995,57.6,283902828588.718
1939,SRB,1995,13.356885,7.0809305,6.5,,,,,,48.0,17921892655.3672
1940,GNQ,2005,11.458882,8.9984983,5.5,23.142799,,,56.77339509,59.54838,78.95,8217369092.65224
1941,EMR,1991,10.449088,8.1802793,5.8,,,,,,60.33,
1942,PLW,1994,34.784785,15.441582,14.5,,,,,,0.0,106138500.0
1943,MDV,2009,9.8905683,5.5029731,7.7,24.565098,7.3,,74.43155141,86.58908,9.0,2345294875.0
1944,ATG,2010,25.537002,15.824001,10.2,33.514309,,,75.57823922,97.35362,0.0,1298348148.14815
1945,BRB,2009,28.721851,21.417715,12.2,38.625393,,,75.90513677,93.35465,0.0,4466809600.0
1946,ZMB,2001,3.8855683,4.0889617,3.3,17.760666,,,44.99215514,20.72096,85.7,4094441301.21423
1947,VCT,2020,31.828028,15.763517,,29.758003,,,72.74742918,,8.1,864566666.666667
1948,DOM,2016,24.994138,13.514839,,34.230881,1.6,,73.33430363,85.68164,9.9,75552902635.7075
1949,TCD,2000,2.1955121,5.1712848,3.2,23.534687,,,51.16932904,9.69267,97.3,1388506771.58756
1950,SLE,2012,5.8395065,7.0515357,4.5,14.72449,,,56.36734502,14.30359,99.5,6141666509.36295
1951,DEU,2003,18.976663,9.2999808,6.7,19.286041,0.2,,78.45648391,99.21996,0.0,2534715518349.01
1952,ISR,2013,21.972051,9.9134229,7.1,29.716173,,,81.92176085,99.98139,0.0,298478070673.058
1953,ATG,1998,17.355382,10.046443,6.6,,,,,,0.0,789788888.888889
1954,BFA,2003,1.9214036,3.842628,3.1,16.227835,57.3,,53.57987835,12.26866,96.6,4740768142.67494
1955,CPV,2010,10.644072,7.6507039,6.3,25.858971,,,74.23169531,59.68185,30.1,1824751467.92957
1956,BEN,2010,7.6908566,5.1666211,4.7,17.111221,,,61.3045144,13.35743,95.5,9535345015.78355
1957,SVN,2019,18.085465,14.074577,,18.694677,,,81.28502446,98.41789,0.0,53909922735.545
1958,KHM,2021,4.0903434,8.9565247,,13.23476,,,68.92399972,73.55414,53.7,36790163687.4421
1959,FJI,2004,23.94526,13.955916,12.0,21.885603,,,67.12182465,88.96894,71.0,2708078476.63012
1960,QAT,2013,36.905539,15.539333,12.4,50.328289,,,75.79521614,99.93655,0.0,198727642967.033
1961,EGY,1994,22.529954,9.3192428,9.0,,,,,,48.0,51897983392.6453
1962,ECU,2000,13.580576,5.3257048,5.0,21.863342,28.2,,72.58843233,70.27698,11.6,17539454727.3637
1963,CMR,2020,14.126372,13.593428,,19.096914,,,62.18085382,42.6528,72.6,40773241177.0505
1964,AGO,2013,8.7573476,13.185702,5.5,18.71521,,54.0,60.21682799,44.85479,53.9,132339109040.232
1965,ISR,1997,17.213856,8.5889198,6.6,,,,,,0.0,119459826346.611
1966,CHL,2011,28.76969,11.322815,10.5,29.772926,1.6,,79.55204941,97.56563,0.0,251382573893.87
1967,GAB,2008,13.727973,9.2218794,7.4,23.573151,,,60.80435396,41.9264,22.4,15571348344.3379
1968,CMR,2009,10.885984,6.2915109,4.3,21.917702,,,56.2682285,39.96663,81.6,27932970317.129
1969,LVA,2004,19.027108,7.169389,8.3,19.684914,2.5,,70.8139625,88.54482,0.0,13827070378.5612
1970,LKA,2011,5.3522974,15.143716,7.0,26.835304,,,74.95837466,85.71897,77.3,67753284043.9282
1971,KAZ,2005,14.703861,7.7184498,9.2,19.472254,6.9,,65.06712568,97.05066,11.4,57123671733.8952
1972,RWA,2007,1.7194703,3.1300228,2.3,15.799623,,,60.82526391,54.87077,99.8,4070507894.61656
1973,USA,2011,36.409339,11.664474,8.7,32.083218,,,78.65364022,99.848,0.0,15599732000000.0
1974,BEL,2022,20.025368,10.058329,,25.410315,,,,99.48622,0.0,593614574325.878
1975,GNQ,2007,12.259708,9.1605686,5.9,22.627584,,,58.62674902,61.32078,78.1,13071718758.7373
1976,GBR,2021,26.596618,11.514504,,19.70673,,,80.10062783,99.10587,0.0,3143323050707.26
1977,MUS,2005,14.586334,18.943872,11.6,27.437841,,,72.14096947,92.13864,4.0,6576108447.47531
1978,FJI,1994,20.113286,9.7562432,8.3,,,,,,72.3,1825732092.54674
1979,BLR,2014,21.103704,7.3527522,9.5,15.431116,0.0,,73.15346125,96.93652,0.6,78813069120.9984
1980,AZE,2004,17.466532,8.7094188,7.7,22.32782,0.0,,67.38631087,69.82522,17.2,8680405740.94125
1981,RWA,2002,1.202232,3.0763738,2.0,19.180294,,,50.60960504,48.01369,99.9,1966003468.49117
1982,ARE,2002,26.654261,18.433198,8.1,48.168442,,,78.35124382,99.15295,0.0,109816201497.617
1983,IRL,2000,19.216335,4.7913242,5.9,39.128258,,,76.41796785,90.54518,0.0,100207610429.909
1984,MYS,2008,13.841888,12.473781,8.7,41.127445,0.5,,74.19396011,94.43452,2.8,230811614370.384
1985,WSM,2007,52.04736,14.816932,18.4,28.883972,,,70.4708852,92.58688,76.2,573548459.833372
1986,MLT,1991,22.985546,7.1128935,7.5,,,,,,0.0,2750216746.88426
1987,ARE,1998,24.12874,16.707803,6.7,,,,,,0.0,75674336283.1858
1988,KHM,2009,1.8239148,3.8702287,5.1,13.322464,,,66.28526249,34.8956,89.7,12502901169.7377
1989,ASM,1992,64.566672,18.513635,,,,,,,,
1990,GIN,1999,2.5029248,4.9458124,3.2,,,,,,99.3,5046806782.54761
1991,CMR,2016,12.818879,10.36833,,19.891462,,,59.79056297,41.65401,76.4,33814337044.3765
1992,ETH,1999,0.60831024,4.6543524,2.8,,,,,,99.2,7892973531.80045
1993,WPR,1998,2.387187,5.6953348,5.4,,,,,,55.51,
1994,AND,2022,18.099177,9.7708963,,27.208549,,,,100.0,0.0,3380612573.32922
1995,LAO,2017,6.1639849,7.049875,,15.609916,,,67.7232745,74.37984,93.1,17071155481.4994
1996,VUT,2000,16.076642,6.8784319,8.3,16.092733,,,64.92630401,55.446,86.7,272014627.835262
1997,SSD,2003,3.3967368,5.4805338,,18.724846,,,54.40318481,,99.8,
1998,NOR,2012,16.51504,6.7416243,6.6,33.94804,0.0,,81.23445235,98.06038,0.0,512777309840.997
1999,BRN,2017,27.41763,14.936057,,30.928951,,,76.40513341,93.39765,0.0,12128168046.7827
2000,SYC,2000,19.117218,13.286482,7.3,22.145943,,,72.10530836,95.42113,0.0,654212394.27164
2001,TTO,2005,22.317809,18.078628,8.1,38.24308,,,71.67544737,91.30608,0.0,15982389018.4041
2002,MAR,2001,11.733619,10.927764,7.3,21.784624,,,70.45857649,68.50596,9.1,43831480207.6444
2003,GTM,2017,23.34298,15.479845,,29.298115,,,72.69594645,67.64893,58.7,71653754107.104
2004,NZL,1993,15.498529,6.0297392,6.4,,,,,,0.0,46775620817.4327
2005,IND,2004,2.4474557,12.777267,6.5,26.560053,38.2,,65.06317912,25.22008,72.7,709152728830.775
2006,MNG,2002,11.629225,6.2012661,5.9,8.6507025,9.7,,63.99267039,45.73073,76.3,1396555719.97409
2007,URY,2001,18.13677,10.759249,9.4,29.397467,,,74.92750681,93.40113,0.0,20898761742.2386
2008,RUS,1994,17.107986,5.614201,7.8,,,,,,0.0,395077301248.464
2009,MLT,2006,28.796747,11.192152,9.4,51.772987,0.5,,79.36712993,99.96483,0.0,6749838861.63176
2010,SWE,2009,14.45079,5.9780683,6.8,19.582037,0.5,,81.1481904,99.06624,0.0,434313804907.366
2011,IDN,2008,4.5122623,5.2113734,6.1,15.975438,21.8,,68.84079087,57.41229,70.6,510228634992.258
2012,ISL,2010,18.295467,5.1768996,7.0,29.326359,0.2,,81.68175374,98.78475,0.0,13751161917.7398
2013,GAB,2015,16.937871,10.15828,,21.783539,,,64.00078432,48.61944,14.0,14383107762.6952
2014,NAM,2018,15.628593,8.2887158,,27.136765,,,62.82854728,34.67975,54.3,13682019076.4022
2015,GNB,2019,10.16773,8.4815733,,17.803822,,,58.97631495,24.98111,99.0,1588767975.59018
2016,CHE,1995,9.8251641,4.5042444,4.8,,,,,,0.0,352835806342.495
2017,ZMB,2022,11.078548,9.613128,,14.088969,,,,36.30137,90.3,29163782140.4858
2018,SLB,1992,13.688615,5.2150019,5.9,,,,,,91.2,269034595.812985
2019,SYR,2006,26.188186,12.979679,8.6,32.644436,,,73.37955444,89.74382,1.2,33751788856.305
2020,THA,1995,4.4368766,5.6592055,5.1,,,,,,48.5,169278916592.843
2021,AMR,2006,24.017829,9.6593238,7.6,30.544449,,,75.62335043,86.72853,10.24,
2022,COL,1993,8.782126,4.3732639,4.8,,,,,,31.5,66474101301.1759
2023,EST,2012,20.890988,8.2966648,9.1,14.443569,0.7,,76.40758544,99.16029,0.0,23237406116.3988
2024,LTU,1996,19.67317,7.2791182,8.2,,,,,,0.0,8430207164.43677
2025,TJK,1996,9.1001146,6.894245,4.1,,,,,,74.7,1043654822.33503
2026,PYF,1997,37.105235,12.064682,,,,,,,,3762859093.26192
2027,IND,1999,1.6625531,11.111695,5.8,,,,,,78.8,458821052615.79
2028,BTN,1991,1.7831329,7.7254094,5.0,,,,,,94.7,240294286.015925
2029,CZE,2019,24.618946,10.752228,,23.249159,,,79.13720815,99.13713,0.0,256794209028.77
2030,MOZ,2000,3.029385,5.1761311,3.4,7.6773019,,,50.95314578,10.23055,98.1,5930685214.61595
2031,NGA,2012,8.6651377,6.5212384,4.2,19.373688,,,60.64324912,36.43093,97.3,463971018239.281
2032,ARG,2001,18.887752,8.1482634,8.5,34.083851,9.4,,74.27061688,88.13594,3.7,268696750000.0
2033,MLI,2018,9.598849,5.6466557,,30.86079,,,61.31661022,43.03194,99.0,20368015381.2413
2034,NIC,2001,20.383529,6.6980585,5.8,31.274342,16.5,,76.09169207,58.05937,65.1,5351752034.2221
2035,MDG,2020,3.7420396,6.8151295,,13.541469,,,63.07628383,13.69474,98.7,13051441203.9474
2036,PNG,2009,16.001672,17.203179,9.8,15.046102,38.0,,64.63295489,18.58365,92.7,11619456449.266
2037,PYF,1995,36.298925,11.428419,,,,,,,,4186994249.08861
2038,MEX,2002,22.886251,13.715662,7.9,22.833752,6.6,,74.58875796,79.26575,16.1,810666116401.915
2039,NGA,2014,9.2218213,6.8954229,4.3,18.944588,,,61.37523759,38.26551,95.7,574183763411.508
2040,CRI,2013,25.514871,17.07352,8.3,46.564888,1.6,5.0,80.59788537,96.6356,6.4,50949668841.575
2041,CAN,1990,13.96317,7.1557082,5.2,,,,,,0.0,596075591360.987
2042,ZWE,1993,5.8525216,7.0129164,3.5,,,,,,65.7,6563813828.50752
2043,CPV,1998,5.8523409,6.9857143,4.6,,,,,,38.3,521910560.524868
2044,YEM,1994,4.0221907,7.9575986,4.0,,,,,,51.9,28019483763.5304
2045,THA,1992,3.7923116,5.0219607,4.6,,,,,,54.0,111452746517.655
2046,SAU,2004,29.770359,18.819435,10.4,57.152794,,,71.6044008,95.20143,0.0,258742133333.333
2047,BMU,1996,15.762575,11.22328,,,,,,,,2695390000.0
2048,WB_LMI,1999,4.7724996,9.0352334,5.5,,,,,,,
2049,WSM,2010,54.266131,15.120655,20.2,25.109211,,,70.48867026,93.63949,73.4,680260907.153983
2050,PAK,1994,3.8943723,8.9009851,6.1,,,,,,83.9,52293470813.1336
2051,LCA,2013,26.768053,15.68377,13.9,22.113863,,,76.18455493,82.97382,4.3,1660392592.59259
2052,SLV,2019,29.194894,11.511443,,37.912704,,,74.28004903,86.82161,9.1,26881140000.0
2053,MOZ,2012,6.0980771,5.3460147,4.4,8.0753956,,,53.74174488,23.8737,96.4,16688114144.0745
2054,LCA,1990,10.60352,6.5410495,5.1,,,,,,30.4,579629629.62963
2055,TLS,1996,0.40100422,3.0683301,2.9,,,,,,99.5,306956900.0
2056,MUS,2020,18.532643,27.16805,,29.480032,,,73.56975445,,1.0,11408106446.3144
2057,LBR,1992,2.5864542,6.9807023,3.8,,,,,,99.3,223500000.0
2058,KEN,1996,3.2475106,3.5054699,2.4,,,,,,99.2,12045865396.1323
2059,GRL,2013,23.584549,6.6634499,,,,,,,,2684946990.12448
2060,DNK,2012,12.545781,3.7876643,6.0,17.88154,0.0,,79.96581949,99.59723,0.0,326792574244.963
2061,SLE,2009,5.5688307,6.570635,4.2,15.614017,,,54.19029086,12.13622,99.6,3953403098.37107
2062,STP,2021,15.869707,13.754696,,18.050676,,,71.17810896,47.76582,96.1,524402455.54816
2063,TON,2011,61.896342,20.308192,20.1,30.733278,,,72.18060639,92.32612,38.0,414143828.494419
2064,POL,2020,26.348734,13.580136,,35.410221,,,76.38788167,98.95751,0.0,605914186117.953
2065,AZE,2010,20.376062,9.688966,9.8,22.484402,,,69.81386619,84.76532,6.5,52909294791.9262
2066,MWI,2011,4.2598635,4.3093573,4.1,6.7970448,,,58.10856356,25.19025,97.6,11648142958.3651
2067,ZMB,1998,3.2757737,3.9676402,3.2,,,,,,86.4,3537741941.89367
2068,BOL,2009,18.381776,9.9272519,5.9,21.869314,10.5,,70.13714581,46.42625,25.1,17339992193.7322
2069,LTU,2003,20.733714,8.7839,8.4,23.581421,,,71.84648999,85.9049,0.0,18809197969.5431
2070,SVN,2020,18.500614,14.540681,,18.765493,,,80.33576726,98.36453,0.0,53384760135.1581
2071,EGY,2012,37.434924,17.68453,15.1,32.293625,2.3,,69.82990211,94.99133,0.5,279116666666.667
2072,GEO,2008,24.175139,11.426543,11.8,17.95269,10.4,,71.71817156,88.07781,39.1,12795145130.9103
2073,CIV,1992,2.5038611,4.2382121,3.1,,,,,,84.1,11152971273.9383
2074,NOR,2013,16.749644,6.7585617,6.6,34.03323,0.0,,81.43412297,98.05914,0.0,526014468085.106
2075,URY,2018,29.817289,15.477596,,32.707253,,,77.03739696,97.48036,0.0,65344577415.7535
2076,VCT,2013,27.191588,13.036923,10.0,27.655489,,,72.60483816,87.89055,5.2,764781259.259259
2077,ROU,1990,8.4125586,3.8704619,5.6,,,,,,0.0,38247882300.4904
2078,PNG,2000,13.902761,14.761339,7.3,19.197155,,,63.35685153,18.1421,94.6,3521339699.07407
2079,TJK,2002,11.420901,7.4905232,4.5,26.284269,,,66.94490991,90.5439,56.5,1221106220.2868
2080,MEX,1993,16.610093,9.6374899,6.3,,,,,,22.9,530160763662.543
2081,BLR,1990,16.641259,4.7394492,6.9,,,,,,25.8,17389558232.9317
2082,HRV,2010,21.602014,9.3857251,9.1,18.571798,1.2,,76.79829944,96.78127,0.0,58981738868.753
2083,AFR,2010,8.643396,6.6932119,4.7,19.478958,,,59.57096304,29.94091,84.72,
2084,LUX,2007,17.913842,6.9020577,6.6,22.914968,0.0,,80.26355488,97.65996,0.0,51587401415.7872
2085,MAR,1998,10.51335,10.103557,6.5,,,,,,12.3,46497608724.9865
2086,FJI,2005,24.42288,14.650173,12.5,21.355957,,,67.08454719,89.59444,70.6,2980403844.72096
2087,BEL,1999,14.367808,4.9187392,6.6,,,,,,0.0,258245733221.468
2088,TJK,1991,7.7137284,6.2069234,3.9,,,,,,84.5,2536585365.85366
2089,PRK,2007,5.1721491,7.8880519,5.5,22.116331,,,69.69220494,75.92378,96.1,
2090,VEN,1991,13.739252,5.5340581,6.0,,,,,,2.0,53453444786.6256
2091,ARG,2012,26.258084,9.880197,9.9,35.863937,0.8,,76.1760553,93.2268,0.5,545982375701.128
2092,PAK,2015,15.419169,18.916461,,38.866901,3.9,,65.69975806,58.43361,58.2,299963590534.773
2093,GLOBAL,2022,15.785228,14.781675,,31.265667,,,,80.77117,26.896587995,
2094,MDG,2002,1.270273,5.4394539,3.0,15.892805,,,59.4274793,4.72902,98.8,5351701663.40807
2095,BRN,2011,22.485614,11.763953,8.5,29.192219,,,76.98951902,86.09784,0.0,18524791070.6802
2096,GAB,2004,11.689519,8.8224769,7.0,24.617186,,,58.70865642,37.8688,28.9,7770219008.21293
2097,IND,2001,1.9512171,11.729129,6.1,23.301865,,,63.6569119,16.72349,76.2,485440139204.171
2098,LVA,2001,17.857759,6.7460567,8.2,20.667782,,,69.80978592,87.50957,0.0,8190888739.6463
2099,THA,2000,5.7005093,6.8516798,6.1,15.908829,2.5,,71.0119193,92.41344,40.1,126392224253.794
2100,AGO,1993,3.6028728,8.4680535,2.9,,,,,,62.7,5768720421.61367
2101,LUX,1993,13.500473,5.5810723,6.3,,,,,,0.0,15925521222.0149
2102,AZE,2013,21.952134,10.352952,11.1,22.737562,,6.0,72.08992478,92.4417,4.1,74160560123.6902
2103,GUY,2002,15.351708,11.032896,6.1,27.010124,,,64.62860972,79.13129,0.0,726131434.715338
2104,BLZ,2010,33.734971,11.641745,8.8,36.672306,,,73.60567774,85.62771,16.6,1745700000.0
2105,WPR,1995,2.073818,5.2950449,4.9,,,,,,57.77,
2106,KAZ,1999,13.587977,7.1511492,8.1,,,,,,16.7,16870817181.7799
2107,PRT,2008,17.515065,8.6187989,8.2,45.845627,0.2,,79.19526814,98.53033,0.0,263416394624.084
2108,DMA,1993,13.294093,10.931105,6.5,,,,,,28.7,245525925.925926
2109,MKD,2002,17.81313,6.6911831,7.0,22.276779,,,72.91273812,88.6005,42.5,4018365747.00972
2110,BEL,2005,16.24192,5.497488,6.5,42.122295,0.2,,78.85239236,99.48546,0.0,385714762230.039
2111,TZA,2004,4.7526527,5.3597115,3.5,11.176,,,55.69111865,11.3353,99.2,16673062473.3981
2112,FJI,1992,19.488171,9.3464062,7.9,,,,,,72.5,1532411039.05479
2113,ETH,1996,0.49802787,4.3922871,2.6,,,,,,99.2,8761215548.48614
2114,TGO,2000,3.3201709,3.9731648,3.5,13.505032,,,56.07824585,9.60294,99.7,2106848752.27753
2115,MDA,2017,23.029351,9.6902072,,11.692595,0.1,,72.85856435,81.60916,2.8,9514404016.20949
2116,PRI,2018,38.447303,27.969986,,40.04604,,,80.71857467,,0.0,100958100000.0
2117,SEAR,2020,7.200745,17.838651,,38.40834,,,70.72011705,74.19477,36.03,
2118,EGY,2007,33.657202,13.896896,12.8,31.59721,,,69.74814425,93.42797,2.2,130437828371.278
2119,KAZ,2007,15.081705,7.8443341,9.6,20.292219,0.3,,65.80148574,97.18913,10.3,104849915058.376
2120,FIN,2001,16.610299,5.9722193,7.2,26.408604,,,78.01784738,99.44819,0.0,129519672868.898
2121,URY,1990,12.312528,8.2492158,8.7,,,,,,0.0,9298807850.29979
2122,SLV,2001,18.698505,7.2032094,7.2,30.671633,13.5,,71.7165175,80.66126,39.4,12282533600.0
2123,FSM,2007,40.190136,25.701427,15.3,39.097195,,,64.36936061,53.66332,88.9,256787200.0
2124,AZE,1998,14.80445,7.7268161,6.4,,,,,,36.7,4446368570.6901
2125,KHM,2002,1.1199533,3.2950394,4.2,13.768246,,,60.98797015,14.23042,95.4,4501227626.62752
2126,NLD,2012,13.786474,7.4442998,6.0,13.672132,0.0,,80.88872584,97.77327,0.0,845689017065.625
2127,TLS,1994,0.35537661,3.0357426,2.6,,,,,,99.7,239040500.0
2128,THA,1994,4.2131901,5.4326057,4.9,,,,,,50.5,146683778959.101
2129,PRI,2017,37.790868,27.225971,,39.664635,,,78.42817699,,0.0,103445526000.0
2130,TTO,2021,27.66909,29.666811,,44.122993,,,71.70712647,93.91521,0.0,24177305760.2763
2131,OMN,1994,15.091413,10.70801,5.8,,,,,,0.0,14715214564.3693
2132,WB_LI,1997,3.0605653,5.9284829,3.3,,,,,,,
2133,ITA,2022,17.291859,11.891481,,40.085499,,,,99.88504,0.0,2104067630319.46
2134,FJI,2010,26.957792,17.962313,14.6,19.027128,,,67.3135839,91.29852,67.1,3140166712.79624
2135,NGA,2001,5.0678544,5.3855445,3.3,21.475449,,,54.47371595,28.03391,99.3,73557840064.489
2136,BIH,2011,17.013128,12.541875,9.0,17.373541,0.1,,77.05795229,95.23602,56.7,18644233537.1093
2137,CHL,2017,34.098622,13.760856,,34.216969,0.7,,80.65876294,100.0,0.0,276154259981.097
2138,BIH,2012,17.32462,13.172431,9.1,17.637804,,,77.27133436,95.25391,57.0,17226735995.6905
2139,HRV,1992,12.2402,6.1324611,6.5,,,,,,0.0,10621169290.9986
2140,LAO,2007,3.5999857,4.8198611,5.0,15.9356,27.0,,62.60763355,48.51451,97.4,4223152739.04052
2141,BRN,1991,8.4534109,7.0033729,5.3,,,,,,0.0,6284497300.38401
2142,AZE,2002,16.541608,8.4042355,7.2,22.394947,0.0,,66.7152002,66.06598,23.0,6236087738.28284
2143,SDN,1991,4.2609815,7.4715219,,,,,,,99.4,44171194366.2039
2144,GNB,1990,1.9075025,4.9468331,2.7,,,,,,97.9,634187269.235013
2145,PRK,2019,9.3579471,13.31687,,25.781504,,,72.31891378,84.61949,88.6,
2146,NIU,2016,63.197583,29.222926,,8.8144035,,,,98.08883,2.3,
2147,MDG,2009,1.9637931,5.8275409,3.5,14.493725,,,62.2488395,8.07809,99.0,9616879409.43789
2148,MKD,1997,15.901037,6.0130868,6.7,,,,,,50.4,3912986090.97363
2149,TJK,2000,10.545944,7.2547436,4.3,25.656626,,,65.64695846,89.90724,63.7,860541842.263697
2150,AUT,2021,15.200815,7.6909162,,20.260141,,,80.99297519,99.97249,0.0,480467037338.783
2151,BLZ,2021,41.584054,16.079794,,41.099911,,,73.32055336,88.23173,16.8,2420550000.0
2152,MUS,2022,19.228634,27.887771,,29.87504,,,,,0.9,12907767789.5967
2153,DJI,2001,4.0700749,5.5240963,5.5,20.040634,,,59.48459433,47.07315,96.1,572417440.820162
2154,IRL,2018,26.964924,8.266224,,24.789871,,,81.71153553,89.32326,0.0,395461216460.418
2155,CAF,2006,4.4044837,13.024676,4.5,18.483967,,,46.69775624,19.54504,99.5,1461859762.33459
2156,PHL,2011,5.5086218,5.7912733,5.5,27.183256,,,69.78448284,72.14066,59.3,234216730291.32
2157,YEM,1995,4.2039592,8.0730923,4.2,,,,,,50.5,12796345679.0123
2158,AGO,1991,3.2142587,8.0172725,2.7,,,,,,64.5,10603784541.197
2159,GUY,1991,9.6937276,7.1604587,4.1,,,,,,0.0,348533094.812165
2160,GUY,2007,18.321161,13.690421,6.9,28.707365,,,65.67248785,81.93704,0.0,2730971595.39574
2161,BMU,2019,30.893028,24.928895,,,,,,,,7423465000.0
2162,GMB,2001,4.3136381,5.8054592,3.9,22.364605,,,59.40248243,49.91398,96.4,687410645.063943
2163,AUT,1991,9.6056297,4.7158249,5.0,,,,,,0.0,173113449616.971
2164,TGO,1999,3.0506331,3.9282851,3.4,,,,,,99.8,2226577203.91399
2165,VCT,2019,31.141129,15.373763,,29.425911,,,73.10795228,,7.6,910481481.481481
2166,NGA,1997,3.786948,5.2585315,3.1,,,,,,99.4,200850397618.182
2167,PRY,2021,32.080755,12.688398,,35.302498,,,70.27080999,93.60275,29.8,39950899938.7482
2168,NGA,2016,9.8654822,7.3326468,,18.599398,,,62.04834174,40.19733,92.6,404649125252.16
2169,VEN,2005,21.133916,8.8133298,7.7,38.38052,18.9,,74.71197022,89.12562,2.9,145513489651.872
2170,BDI,2018,3.9954331,6.2129334,,14.352973,,,64.02759286,45.78604,99.8,2667182199.51333
2171,DNK,2022,13.27851,3.4618709,,12.138766,,,,99.59723,0.0,401945576107.963
2172,WB_HI,2016,23.720953,10.899501,,32.051598,,,80.5831754,,,
2173,BGD,2020,4.6353202,15.780735,,20.309568,,,73.29812993,56.43123,75.4,373979442362.193
2174,SAU,2018,38.538772,16.50181,,52.987881,,,76.81092084,95.31542,0.0,886564800000.0
2175,MYS,2004,11.516045,10.944555,8.0,41.191055,0.4,,73.82138244,93.79449,1.9,124749473684.211
2176,LTU,2001,20.277077,8.3135813,8.3,23.987135,,,71.51538807,85.06392,0.0,12260761329.3051
2177,ZMB,2008,5.6634899,4.666267,3.7,16.151346,,,55.35570144,26.75773,83.8,17910858637.9048
2178,MRT,2012,16.192877,7.1632117,6.4,48.957478,,,69.09222123,36.02882,57.4,6728208836.22143
2179,GRD,2000,16.740248,11.619146,6.8,27.257908,,,71.59448817,89.73011,7.8,520044370.37037
2180,AUT,1992,9.8365568,4.9332611,5.0,,,,,,0.0,194314032056.098
2181,SYC,1991,13.749185,10.211983,6.1,,,,,,0.0,398307169.860405
2182,ISR,1991,15.00627,6.9830321,6.2,,,,,,0.0,70998755006.9019
2183,ISR,2000,18.58668,9.2007294,6.7,34.561123,,,78.54383666,100.0,0.0,136512300542.025
2184,AGO,2006,7.0219688,11.522274,4.3,20.564934,,,54.27926946,35.99128,56.8,52381025141.4268
2185,CUB,2005,12.949805,10.82504,8.2,39.023212,,,77.20755679,83.78778,21.4,42643836100.0
2186,CIV,2009,7.431408,5.858089,4.6,22.616604,,,57.18053039,26.79708,82.2,33886813250.2036
2187,AGO,2016,9.5323823,13.98956,,18.088612,,,61.84956314,48.62794,52.0,52761617225.9253
2188,PRT,2001,14.954768,7.1888037,7.3,42.433212,,,76.92951203,97.66663,0.0,121604107164.997
2189,SVK,2007,18.228972,6.7191362,7.3,25.384859,0.2,,74.470327,98.89217,0.0,86587749517.9724
2190,MLI,1995,2.2656843,4.1777015,3.2,,,,,,99.5,2706425157.39397
2191,LSO,2010,15.057442,4.9894948,5.8,9.8065596,59.7,,48.56510587,30.4253,68.7,2234754241.91918
2192,KEN,2017,10.059517,3.8257372,,9.523777,,,65.61126491,34.4882,83.9,82036510877.2599
2193,CMR,1998,5.8351997,4.0597171,3.4,,,,,,91.7,11298144990.4104
2194,SLB,1991,13.455752,5.1681709,5.8,,,,,,91.3,227540473.340087
2195,ARG,2009,23.998891,9.3940407,9.4,35.267036,2.6,,75.85194237,91.85163,0.95,332976484577.619
2196,LBR,2008,8.4987611,10.218769,4.7,24.968428,,,59.75630294,14.9805,99.7,1726000000.0
2197,ARE,2010,32.408139,20.598134,6.4,56.908012,,,80.45344335,99.1242,0.0,300189052688.904
2198,NER,2005,2.8432513,4.8513979,3.4,21.148882,74.9,,54.754071,7.9979,99.0,4383315964.58718
2199,MWI,2013,4.7459509,4.0849429,4.2,5.7349963,,,60.5549131,29.64706,97.7,8031571927.62055
2200,LBR,2015,11.765503,9.6208602,,18.898926,,,60.37754989,18.53513,99.6,3227075700.0
2201,KOR,2006,3.0717768,8.6061604,7.6,34.332561,0.2,,78.96689178,100.0,0.0,1053216909887.56
2202,UKR,1991,16.568819,5.5915941,7.4,,,,,,16.3,77350733982.4458
2203,MDV,2019,15.191363,9.1966011,,24.440554,,,75.44939578,98.26843,0.5,5726094799.37709
2204,MAR,2021,21.259411,18.327008,,24.308657,,,72.61868352,87.38364,1.9,142022058447.231
2205,NAM,1992,6.6642404,5.5024628,2.9,,,,,,70.55,3429521699.4026
2206,BLZ,2002,27.334082,8.5599557,7.5,33.371468,,,71.34369042,83.08857,18.8,1244650000.0
2207,KNA,2002,30.521244,11.566124,9.9,32.91275,,,,87.75898,0.0,481077373.669966
2208,PSE,1993,22.357997,9.0350926,,,,,,,,
2209,GMB,1993,1.9888641,4.9360335,3.0,,,,,,96.3,755040974.087322
2210,KOR,2005,2.9278889,8.3942011,7.5,33.03157,,,78.37092125,100.0,0.0,934901071332.984
2211,ISL,1997,12.918811,4.272249,6.9,,,,,,0.0,7569672925.33739
2212,BWA,1997,8.6587764,5.4855086,4.1,,,,,,61.4,5020265626.66489
2213,DJI,2014,7.8085802,6.4367518,6.2,17.411373,,,63.51525954,60.11818,92.0,2220637966.25047
2214,AMR,2015,29.337296,12.314958,,33.298035,,,76.79070798,90.70642,8.09,
2215,AMR,1992,15.069133,6.8767823,5.7,,,,,,17.65,
2216,MOZ,2022,10.262962,6.0423397,,9.6848192,,,,37.3798,93.1,18883528581.3734
2217,SRB,2008,16.852197,9.7053751,7.8,47.196526,0.1,,73.82988623,96.1735,34.7,54220641201.6474
2218,KAZ,1998,13.395798,7.0042342,8.0,,,,,,17.8,22135245507.3656
2219,KHM,2007,1.5894204,3.6015693,4.8,13.425647,,,65.07853491,28.78298,91.6,10127916459.8983
2220,SLE,1992,1.9883577,5.0116576,3.1,,,,,,100.0,679940813.948366
2221,ALB,1994,11.400405,4.8461061,4.8,,,,,,76.6,1880950864.41311
2222,USA,2017,39.465436,13.619542,,32.951115,,,78.50077044,99.72235,0.0,19612102000000.0
2223,CUB,2022,21.760932,14.606062,,61.075569,,,,92.14941,5.1,
2224,VNM,1993,0.22412459,4.0373169,3.2,,,,,,98.2,13180953598.1716
2225,TON,1998,52.592999,15.733708,14.3,,,,,,71.3,191504892.761394
2226,BRA,2001,12.75318,6.3289277,5.8,32.154335,11.6,,71.80355904,74.03791,10.5,559983634798.981
2227,MDA,2012,22.915208,8.0071144,8.8,12.839599,0.3,,70.25455299,78.26815,5.7,8709138634.82921
2228,SAU,2002,28.216675,19.380961,9.7,57.488186,,,71.0757645,95.18483,0.0,189605866666.667
2229,KAZ,1993,12.438966,6.118023,7.3,,,,,,23.8,23409260879.9427
2230,TKM,1995,9.9294201,10.849971,4.8,,,,,,1.7,2482228439.71407
2231,HUN,2007,22.209014,10.084406,8.9,21.117226,0.0,,73.45839333,98.02054,0.0,140123326896.329
2232,GTM,2016,22.671826,15.366876,,27.859787,,,72.23492224,67.34213,59.4,66053403363.7384
2233,BHR,2012,31.65735,13.748959,8.2,35.401333,,,74.57322126,99.99246,0.0,31963404255.3191
2234,MNE,2005,12.807612,7.6950036,7.7,20.017269,0.2,,73.98743557,,34.1,2257174480.78597
2235,KHM,2006,1.4816516,3.494028,4.6,13.481581,,,64.39387062,25.82359,92.5,8350531016.65753
2236,GAB,2006,12.731597,9.0193525,7.2,24.102425,,,60.2987489,39.87635,25.6,10327598306.4575
2237,BHS,2003,31.724206,12.463041,10.0,37.569695,,,72.01356703,89.15815,0.0,8870090000.0
2238,MEX,2009,27.292368,17.020543,9.3,24.520092,,,75.14215277,84.28833,15.1,943437415024.633
2239,IND,1997,1.4100477,10.607094,5.5,,,,,,81.3,415867563592.829
2240,HTI,2001,5.7320181,10.856134,4.5,22.040249,,,57.13290254,17.8375,97.3,6331970324.31022
2241,SVN,1992,12.023854,6.2306669,6.4,,,,,,0.0,14277261540.7456
2242,BRB,2021,37.28483,27.474651,,43.623028,,,76.8418344,98.09246,0.0,5275242050.0
2243,SVN,2015,16.820741,12.062588,,18.595718,0.0,,80.46318817,98.63136,0.0,42709468274.8137
2244,GLOBAL,2005,10.099633,8.619801,6.8,24.693771,20.7,,68.38661135,61.01864,47.490732661,
2245,ISR,2002,19.48083,9.5919356,6.7,33.937733,,,78.56218757,100.0,0.0,125332331883.997
2246,PNG,1995,12.830894,13.869403,6.2,,,,,,94.9,4636057476.42568
2247,SEAR,2003,2.602373,10.512491,6.1,22.830341,,,65.44284512,31.5961,77.09,
2248,MNE,2010,14.232114,9.163785,8.2,20.491806,0.0,,75.71790981,92.79849,36.7,4142983843.4912
2249,KNA,2006,34.113809,13.340995,11.3,34.759754,,,,90.3752,0.0,644414814.814815
2250,TTO,2002,20.967968,15.929404,7.0,37.04174,,,71.08783441,90.54819,0.0,9008298228.60273
2251,TON,2010,61.022949,20.054778,19.6,30.793163,,,72.11458049,92.02916,40.6,366887374.989696
2252,CRI,1992,12.406457,5.2240923,4.5,,,,,,14.8,8579754757.93237
2253,GNB,2000,4.1154142,5.3801589,3.6,21.181103,,,50.19859342,4.16113,98.6,391345597.488269
2254,IRN,1999,14.346217,6.4039901,5.7,,,,,,10.4,113848450088.686
2255,MKD,1993,14.872459,5.5678997,6.2,,,,,,58.0,2682456896.55172
2256,MLT,2000,26.26121,9.5693946,8.5,55.096519,,,77.81522196,99.96536,0.0,4036809864.64044
2257,CHL,2005,24.228561,9.1709375,9.1,26.020071,,,78.0049121,94.75579,0.0,122294145163.192
2258,LUX,2020,18.318368,7.4752212,,14.888318,,,82.82955161,97.59135,0.0,73670782100.3909
2259,BDI,1994,1.0967639,4.7793493,1.4,,,,,,99.6,925030590.153683
2260,IRL,2006,22.684357,5.1163275,6.4,34.496536,0.1,,79.06563288,90.14873,0.0,232180617162.279
2261,SLE,2004,4.6303026,5.9738301,3.7,16.885317,,,51.79598226,8.94955,99.8,2237350687.46606
2262,ROU,2015,25.324944,10.972132,,29.917267,5.7,,74.90936922,83.16541,0.0,177885131240.315
2263,CAN,2003,21.773404,7.5433642,6.5,27.354744,,,79.5801332,99.86986,0.0,895540646634.787
2264,CZE,2017,23.771556,10.150621,,23.203306,,,78.85473024,99.13755,0.0,221563575696.217
2265,USA,2002,29.471371,9.1675021,7.5,29.95475,,,76.84998093,99.87216,0.0,10929108000000.0
2266,GBR,2003,21.105373,6.4154543,7.0,35.165863,,,78.14795765,99.12697,0.0,2054422857142.86
2267,CHN,2022,8.2795262,13.025579,,23.834757,,,,95.89236,12.8,18316765021690.2
2268,MDV,2016,13.319957,7.6196507,,24.32468,,,77.72035574,95.06129,1.2,4409942623.85538
2269,COD,2002,2.6480639,6.2252291,3.0,18.189032,,,53.2535703,22.84098,98.5,8728038525.14034
2270,SLV,2004,20.52203,8.1818677,7.7,31.792948,10.9,,73.29271781,81.50455,33.9,13724810900.0
2271,NIC,2002,21.05494,6.9710471,6.0,31.609884,,,75.92476263,59.04451,63.8,5223727302.54906
2272,SVN,2022,19.44181,15.702227,,18.972822,,,,98.31116,0.0,59927702746.2843
2273,MKD,2018,25.227001,12.38423,,24.955385,,,76.46395817,97.32968,23.55,12683068114.2388
2274,HND,2002,15.916678,5.6002047,5.0,28.543367,23.4,,70.08108435,66.27617,66.8,7858255412.86038
2275,MOZ,2013,6.4177021,5.3490024,4.5,8.1720505,,,54.24267779,25.17766,96.3,17198073057.1981
2276,PHL,2006,4.437786,4.6976525,5.0,20.305639,14.7,,69.22944541,66.82531,59.7,127652926368.069
2277,BRA,2021,27.151895,13.341188,,39.932476,,,72.38840694,90.81099,3.6,1670647398904.9
2278,CHN,2004,2.738479,6.401667,6.5,20.168175,,,71.93150989,63.94062,54.3,1984196551300.44
2279,EUR,2011,20.156379,8.6714789,8.4,24.977301,,,76.14127866,95.17728,2.89,
2280,BDI,2001,1.6555008,5.2395444,1.8,17.527031,,,45.560229,45.42356,99.7,876794723.068586
2281,CPV,1991,3.6541615,5.8965798,3.8,,,,,,40.9,319827058.592875
2282,MNG,2009,15.677419,7.2043203,7.6,13.504402,,,66.92759176,55.24054,66.9,4583850367.88972
2283,EMR,2007,18.721832,12.240477,8.9,32.668922,,,67.21417049,65.08994,35.96,
2284,COL,2005,14.270094,7.2591528,6.5,27.820591,9.7,,74.43998835,79.89271,18.1,145600529605.803
2285,COK,2010,61.101729,30.981532,25.2,41.530602,,,,83.82629,19.2,
2286,MDA,2008,22.454983,7.1272142,8.1,13.8456,1.3,,67.81121548,75.6828,11.4,6054824248.24221
2287,ASM,2020,74.655461,30.774063,,,,,,,,721000000.0
2288,DOM,2018,26.401326,14.634809,,35.144531,,,73.52093617,86.70101,8.75,84994732049.3461
2289,AFG,2002,4.971119,10.443588,6.0,22.911697,,,55.15447775,22.54134,91.7,3825701438.99963
2290,WB_LMI,1997,4.3722201,8.6637415,5.2,,,,,,,
2291,CZE,2013,22.186781,9.1073662,9.5,23.172478,0.0,,78.1114359,99.1355,0.0,213024360541.119
2292,EGY,2010,35.944986,16.092543,14.1,32.009239,3.0,,69.83444177,94.36547,0.9,218983666061.706
2293,KIR,2007,41.455054,20.392115,18.3,38.904354,,,61.1868882,38.5628,98.1,138054945.643442
2294,SLB,1996,14.620678,5.4690279,6.6,,,,,,91.3,510586430.190127
2295,AFG,2015,12.56313,15.649286,,29.068188,,,60.32951348,44.00131,72.5,19134221644.7325
2296,BLR,1992,16.790934,4.8644174,7.2,,,,,,21.15,16939790093.9054
2297,SWZ,1995,12.419057,5.8808215,4.4,,,,,,81.0,1698989463.99106
2298,EMR,2009,19.946365,13.097608,9.5,33.750721,,,67.91200906,67.28477,34.33,
2299,CAF,1993,1.8583339,9.1395542,3.2,,,,,,99.3,1278781261.55928
2300,AMR,2013,28.146377,11.748548,8.7,32.667698,,8.87153,76.73116014,89.84769,8.55,
2301,WPR,2000,2.622489,5.9362307,5.8,21.033434,,,71.96302959,61.8853,53.7,
2302,KIR,2015,44.099054,18.770613,,34.888,,,61.68537375,42.64361,93.7,191559398.688293
2303,SLV,2021,30.311942,11.781219,,38.787876,,,71.66703998,87.39151,7.1,29043140000.0
2304,RWA,2020,4.2841725,4.3321155,,9.5859909,,,68.26351399,72.53999,95.7,10174386854.812
2305,LCA,2017,29.640269,17.654569,,21.480988,,,76.138896,83.257,5.4,1998503703.7037
2306,EST,2004,18.581708,6.4668335,8.3,13.106291,1.0,,72.26375853,99.59544,0.0,12148595031.0559
2307,NZL,1990,13.262106,5.672092,6.2,,,,,,0.0,45495129385.0475
2308,EST,2019,21.786639,10.79603,,15.451845,,,78.89055582,99.07716,0.0,31873748770.0313
2309,TKL,2003,60.918349,31.437922,,,,,,,67.2,
2310,PRI,1990,17.66936,10.557254,,,,,,,0.0,30603919000.0
2311,VUT,2016,19.40594,16.132709,,8.6338873,,,66.91782394,49.9283,85.7,804323576.861028
2312,TKM,2020,20.571941,13.806926,,12.359842,,,68.47366895,99.41114,0.1,45818000000.0
2313,LVA,2005,19.413035,7.3232852,8.4,19.365244,2.2,,70.49159571,88.82418,0.0,16306935905.4138
2314,GRC,2013,24.931236,11.014895,9.0,32.796104,1.0,,80.77961776,98.8268,0.0,236556279640.705
2315,COG,1991,3.0429609,6.5167554,3.5,,,,,,95.7,2724853505.80336
2316,ZAF,2005,25.900444,11.749574,7.9,49.227913,26.1,,52.03156981,63.92923,32.6,288867217196.534
2317,BRN,2008,20.029496,11.073148,8.1,28.350952,,,76.7179356,82.44793,0.0,15926456491.5178
2318,EUR,2002,17.424583,7.2421864,7.4,25.55229,,,72.70757292,93.27989,4.29,
2319,LBN,1998,18.886994,10.765409,7.4,,,,,,,17247179005.5219
2320,SAU,2007,31.799701,17.731762,11.2,56.429852,,,72.35473902,95.22626,0.0,415964509673.115
2321,AGO,2002,5.8750212,10.573134,3.8,21.644115,,,51.05750193,30.42247,58.6,15285592370.374
2322,AFG,2014,11.748241,15.122415,8.4,28.491848,,,60.42859204,42.2784,74.2,20497128555.6972
2323,KHM,1993,0.62848101,3.0942714,3.3,,,,,,99.2,2533727592.04165
2324,FIN,2002,16.930196,6.149701,7.2,25.383442,,,78.12614307,99.44818,0.0,140360963811.765
2325,TZA,2007,5.6903582,5.4038901,3.7,9.5432367,59.9,,59.37881257,14.9288,99.0,21860434823.4808
2326,IDN,2004,3.4007154,4.5045886,5.6,15.46693,23.9,,66.25106515,48.6862,86.7,256836875295.452
2327,COM,2018,13.796009,4.6987064,,15.298321,,,68.19621524,35.88046,92.9,1188797449.96029
2328,FJI,2018,31.365868,21.268949,,16.38126,,,67.86709271,93.48596,54.2,5581425327.44397
2329,LBR,2014,11.226437,9.7979307,5.6,19.673292,38.6,,58.11259758,18.00048,99.6,3225652000.0
2330,PRI,2010,33.246776,22.592875,,37.071957,,,79.0570999,,0.0,98381300000.0
2331,ARG,1994,14.764766,6.9512092,8.0,,,,,,8.1,257440000000.0
2332,TZA,2013,7.8635812,5.2908048,4.2,6.8521075,,,64.03254511,22.08032,97.6,45648857242.315
2333,SSD,1996,2.2718094,4.9421974,,,,,,,99.3,
2334,ROU,2008,17.79611,6.5694362,7.3,23.970718,4.5,,73.30477662,77.22277,0.0,214315932061.275
2335,ESP,2016,17.54486,7.4540533,,26.93659,,,82.73070599,99.91888,0.0,1243015667917.12
2336,BHS,1992,20.814478,7.8272544,7.0,,,,,,0.0,3109000000.0
2337,SYC,2009,24.019833,15.898399,8.7,21.497557,,,72.84593273,97.60449,0.0,850901620.433301
2338,YEM,2002,5.9059586,8.6536586,5.2,21.710484,,,64.16252882,45.86232,44.3,10693430511.4664
2339,SYR,2015,30.803534,17.809719,,35.520035,,,60.0056598,92.54832,3.8,16466863117.0009
2340,KAZ,2013,16.296773,8.4826812,11.2,23.177502,0.0,9.0,70.6757737,97.60143,7.2,236634603409.089
2341,QAT,2014,37.616661,15.752886,12.8,50.634468,,,76.57011341,99.93655,0.0,206224598571.429
2342,MAR,1991,8.2437046,8.1235893,5.1,,,,,,22.1,32285573573.9185
2343,BDI,2003,1.865576,5.2894998,1.9,16.999811,,,47.93043118,45.84729,99.7,784654423.620476
2344,BRA,2008,16.32579,7.5106293,6.9,34.301922,5.6,,73.71397618,80.15408,6.9,1695855083497.52
2345,SWE,2004,13.459942,5.5200979,6.8,25.216824,0.5,,80.35214323,99.14582,0.0,384547211147.247
2346,ARM,1995,13.476455,7.8534812,8.0,,,,,,37.6,1468317435.20148
2347,SAU,2017,37.997967,16.533911,,53.376663,,,76.74293531,95.30723,0.0,741266133333.333
2348,SVK,2014,21.865351,8.6003326,8.6,24.151825,0.7,,76.83437639,97.51613,0.0,101713075598.862
2349,RWA,2009,1.9796921,3.1752449,2.4,14.58409,,,62.96873523,57.60545,99.8,5674476969.06444
2350,SWZ,1998,14.196797,6.3071631,4.8,,,,,,77.1,1576908856.34674
2351,ASM,1994,65.823513,20.293155,,,,,,,,
2352,UGA,1994,1.3470671,3.103707,1.6,,,,,,99.0,3990430446.71216
2353,MYS,2011,15.492828,14.191014,9.2,40.900738,0.1,,74.23051803,94.88071,3.8,297951668674.835
2354,URY,1998,16.426404,10.095828,9.1,,,,,,0.0,25385886977.5228
2355,WB_LI,1993,2.4614394,5.3943276,2.9,,,,,,,
2356,MNE,1994,10.04896,5.8712352,6.1,,,,,,34.6,
2357,MRT,1999,8.5639387,5.105133,4.8,,,,,,71.5,1985922775.53351
2358,BGR,2004,15.085582,8.5682012,8.4,22.015224,,,72.48173145,85.86799,,26157743368.8716
2359,NZL,2015,30.588284,9.3501568,,19.657415,,,81.31375727,100.0,0.0,178224167087.99
2360,JPN,1990,1.8921275,7.6020569,7.0,,,,,,0.0,3185904656663.85
2361,TON,2002,55.106789,17.148742,16.0,32.028801,,,71.2515614,88.58559,60.9,182764280.828501
2362,GIN,2021,9.0687089,8.0993406,,16.710606,,,61.26251027,30.02585,99.0,17069115737.8259
2363,BLZ,2001,26.468188,8.2614265,7.3,32.953232,,,70.61498891,82.76326,19.5,1172800000.0
2364,COG,2011,7.2577164,9.1408618,5.2,18.456482,37.0,,61.13100658,16.62675,81.6,15655383576.6515
2365,EMR,2018,25.902855,18.180099,,38.454292,,,69.83224713,76.27929,28.65,
2366,CPV,2017,13.258825,7.778576,,28.760609,,,74.91155361,74.61426,22.3,1996741539.95088
2367,LBY,1999,23.534933,12.75411,8.3,,,,,,,35975860857.1164
2368,TLS,2005,0.71623931,3.1699289,3.7,18.803383,,,65.67751029,39.19947,98.0,462268000.0
2369,TJK,2003,11.895979,7.5963162,4.7,26.627136,30.8,,67.57088192,90.8622,52.5,1555318261.4172
2370,MRT,1995,6.5643094,4.7509469,4.4,,,,,,77.4,2091726101.43014
2371,BDI,2004,1.9780904,5.3012162,1.9,16.751289,,,49.43158352,45.86864,99.8,915257323.3961
2372,KHM,2011,2.0869654,4.2562477,5.4,13.233148,,,67.25370356,41.17482,86.9,16032622023.8265
2373,IND,2009,3.431917,14.467418,7.2,32.479912,31.1,,67.04997477,39.74941,66.4,1341888016994.9
2374,JPN,2008,3.4239888,8.4594868,9.7,34.506138,0.2,,82.83288975,99.97894,0.0,5106679115127.3
2375,BHR,2014,32.653922,14.811867,8.5,36.032116,,,75.64496177,100.0,0.0,34772526595.7447
2376,ARM,2019,23.240523,12.576421,,25.895199,,,75.66635568,93.85787,1.6,13619290539.2116
2377,PRI,1996,22.220664,13.339394,,,,,,,0.0,45340835000.0
2378,COM,2004,7.2695151,4.1154258,4.3,10.654003,13.5,,63.97536549,32.14132,98.8,633706110.795614
2379,TKM,2011,16.738339,14.714727,8.7,14.095052,,,69.23413358,95.84313,0.1,29233333333.3333
2380,BLZ,1991,18.336287,6.2132023,5.7,,,,,,34.2,597100000.0
2381,GNB,2018,9.779714,8.1913553,,17.894299,,,58.6003654,23.6323,98.9,1554133593.91699
2382,KOR,2003,2.6657309,8.0361463,7.3,30.522247,,,77.4435747,100.0,0.0,702714855193.904
2383,TTO,2014,25.321722,25.2747,12.5,41.542271,,,74.31626767,93.45694,0.0,29474180442.0125
2384,GMB,2002,4.7394518,5.93068,4.0,22.347389,,,59.58972076,48.78795,96.5,578235309.327198
2385,MDA,2006,22.037861,6.7628272,7.7,14.353007,2.4,,66.7168869,74.41341,16.0,3408255450.5509
2386,CHE,2006,11.573927,5.1239248,5.2,25.733068,0.0,,81.41480541,99.88106,0.0,441634672196.523
2387,GEO,2017,31.002006,11.634862,,21.725925,5.0,,73.50475808,86.75321,15.9,16473125375.0684
2388,WB_HI,2007,20.434155,9.0621136,8.0,31.231298,,,79.13737329,,,
2389,GAB,1998,8.6468384,8.2088381,6.3,,,,,,39.3,4483417309.83011
2390,CAF,2021,8.8611908,15.86055,,16.533957,,,52.30772755,13.75751,99.1,2516498412.46384
2391,NER,1999,1.8286426,4.4228759,2.9,,,,,,99.2,2537789820.69295
2392,BRB,1998,20.6038,14.633764,9.0,,,,,,0.0,2817083478.34734
2393,SLE,1991,1.8435813,4.9331252,3.1,,,,,,100.0,779981987.10656
2394,BGD,2009,1.9446297,12.552692,6.9,20.8759,,,69.60483119,39.00921,88.3,102475158190.998
2395,GEO,2010,25.685254,11.467731,12.8,18.73156,12.2,,71.81805259,87.7419,33.9,12426907967.1578
2396,AUS,2019,28.802299,9.2572935,,25.593658,,,82.64234014,100.0,0.0,1392723834562.64
2397,AMR,2016,29.946208,12.60322,,33.62093,,,76.70935415,91.13087,7.92,
2398,MMR,1996,2.6385915,5.8863696,3.8,,,,,,99.2,6123556716.81329
2399,PRK,2022,10.796098,15.687424,,26.98661,,,,84.76504,86.4,
2400,TKM,2015,18.519367,14.329809,,13.238586,,,68.83222809,97.39979,0.1,35799714285.7143
2401,BLR,2021,21.334897,9.955442,,14.152031,,,73.12324771,99.53949,0.2,69673747131.87
2402,TJK,1990,7.4827209,6.0741819,3.9,,,,,,86.0,2629395066.27017
2403,PLW,2014,39.497992,20.816287,22.8,28.540417,,,,96.93103,0.0,243156500.0
2404,LKA,1990,1.1150667,7.5845778,3.4,,,,,,90.3,8032551173.24014
2405,KHM,2001,1.0459879,3.2854352,4.1,13.860183,,,60.02516946,11.39351,96.0,4145665969.92864
2406,BFA,1994,0.8278369,3.6445949,2.4,,,,,,98.3,1895290637.09504
2407,SOM,1997,4.4553682,5.7188019,3.5,,,,,,99.7,2191749013.58124
2408,VCT,1992,13.76984,6.3199446,5.4,,,,,,3.8,277955555.555556
2409,BRA,2004,14.144631,6.6836946,6.2,33.011127,9.7,,72.50201054,76.69154,8.8,669289424806.307
2410,PSE,1990,20.432501,8.2200266,,,,,,,,
2411,ZWE,2010,9.422984,8.6251803,4.5,18.350643,,,51.41783245,41.15517,69.6,12041602761.7901
2412,BEN,2007,6.873665,4.5197457,4.4,17.050034,,,59.82688455,11.7983,96.7,8169048382.83875
2413,AUT,2000,11.996084,6.3358195,5.5,33.093555,,,78.17598734,99.99998,0.0,196181599831.287
2414,MOZ,1993,1.9837759,4.4748288,2.8,,,,,,98.2,2883161897.42651
2415,ASM,2010,71.625984,32.295671,,,,,,,,573000000.0
2416,BMU,1995,15.133563,10.704197,,,,,,,,2030750000.0
2417,COD,1994,1.594048,5.43871,2.5,,,,,,99.6,5820382248.28202
2418,ALB,2004,14.09398,6.6057973,6.6,20.512486,,,75.42557931,91.71065,51.4,7406645793.44038
2419,CAN,2012,24.65485,8.0035105,7.0,32.082649,,,81.49329928,99.34555,0.0,1828366481521.6
2420,MWI,1991,1.1840504,4.1916605,2.3,,,,,,98.4,3206783830.41779
2421,TCD,1993,1.213696,4.6824921,2.6,,,,,,95.85,1463251163.9188
2422,DMA,2009,22.709201,20.067379,10.0,23.514454,,,,75.3437,12.5,515618518.518519
2423,MHL,2022,45.903134,27.531004,,24.376348,,,,81.45967,34.8,253400000.0
2424,ETH,2007,1.0716909,4.8865329,3.3,12.200999,,,59.72840645,4.92163,98.5,19707616772.7996
2425,ESP,2002,18.86059,10.028367,8.6,39.100513,,,79.48845207,99.82037,0.0,708938227243.923
2426,JOR,1997,27.797848,10.855419,8.3,,,,,,0.4,7245839210.15515
2427,DNK,2013,12.582669,3.7408598,6.1,17.201748,0.2,,80.1645831,99.59723,0.0,344631016965.12
2428,IDN,2020,9.9767804,11.064175,,18.442379,,,69.70367312,84.36121,15.4,1059054842698.48
2429,AMR,1998,18.837476,7.8500941,6.5,,,,,,13.61,
2430,HUN,2012,25.190017,11.759284,9.7,23.631371,0.2,,75.11315879,98.00215,0.0,128470269689.958
2431,MKD,1999,16.591135,6.2441651,6.8,,,,,,47.25,3863619284.77939
2432,GNB,2011,7.6184615,6.6131547,4.9,19.063164,,,55.96327117,14.68599,98.9,1157074319.19388
2433,BMU,1994,14.529811,10.216356,,,,,,,,1867160100.0
2434,LBR,2006,7.5597309,10.054465,4.4,26.779675,,,58.56299111,14.04298,99.6,1119000000.0
2435,BRA,2013,19.921568,9.3131743,7.9,36.297905,3.8,5.0,74.42169527,84.37851,5.0,2472819535557.21
2436,MLT,1999,25.79861,9.293206,8.3,,,,,,0.0,4111891844.77116
2437,AMR,2007,24.62406,9.965349,7.7,30.846483,,,75.82834415,87.18351,9.96,
2438,BHR,2008,29.549199,12.122142,7.6,34.212208,,,72.89097198,99.97292,0.0,25710904255.3191
2439,SEN,2022,10.207136,6.493561,,16.64044,,,,60.18391,66.5,27783332222.6759
2440,MKD,2011,21.73679,9.1586076,8.0,23.43656,8.8,,74.96127325,92.84544,30.7,10494626767.6445
2441,MHL,2018,44.239464,27.791721,,26.454121,,,,81.80905,35.1,220000000.0
2442,KIR,2002,39.316469,19.404875,15.3,41.479488,,,60.60035552,34.45813,99.1,74743869.1313473
2443,BLZ,2022,42.322871,16.549197,,41.519344,,,,88.25108,17.0,2846700000.0
2444,BWA,2010,14.100887,6.034518,5.4,25.628658,,,57.62665956,66.83741,41.7,12637273429.1339
2445,QAT,2017,39.87532,16.620268,,51.711208,,,78.5144035,99.93655,0.0,161099122225.275
2446,AFR,2005,7.321556,6.2950149,4.1,20.643524,,,55.63713976,27.27337,85.85,
2447,NRU,1994,66.436392,25.091404,24.5,,,,,,0.0,39742511.2417848
2448,EMR,1994,11.714125,8.8401988,6.3,,,,,,55.49,
2449,JOR,2013,36.585951,14.999568,12.7,27.808384,,,77.52470069,97.72795,0.1,34454440140.8451
2450,GAB,1997,8.1942476,8.101467,6.2,,,,,,41.6,5326817114.53586
2451,BRA,2006,15.180427,7.0371807,6.6,33.631672,7.2,,73.33073271,78.43291,7.8,1107626541434.92
2452,COD,2012,4.3595489,6.7873709,4.0,15.983815,76.6,,58.3404554,18.75467,96.6,29306235285.2597
2453,WB_HI,2012,22.368704,9.9869631,8.6,31.718201,,,80.14050022,,,
2454,RUS,2005,20.338655,6.7649886,8.2,11.960113,0.5,,65.18978014,85.63744,0.0,764015973481.11
2455,MRT,1996,7.018058,4.8483741,4.5,,,,,,76.0,2132087009.28942
2456,DNK,1992,8.3589956,3.5270054,5.8,,,,,,0.0,152966494259.538
2457,PER,2005,14.241077,4.1507959,5.7,26.987501,15.3,,77.53672089,67.89846,43.5,76060606060.6061
2458,ISL,2018,20.129955,6.0412567,,26.798618,,,82.37332681,98.78165,0.0,26260850582.0687
2459,JAM,1997,14.695667,7.5075343,6.4,,,,,,32.2,8400041723.54861
2460,BGR,2003,14.755198,8.3487011,8.3,21.530668,,,72.29415331,85.85714,,21144957990.4681
2461,VEN,1998,17.880879,7.1910813,6.9,,,,,,2.4,91336763255.0597
2462,DEU,2014,20.42525,10.426543,7.4,14.869249,,,80.7599266,99.22482,0.0,3965800686309.79
2463,AZE,2016,23.496403,11.35165,,23.066959,,,73.96997105,96.12181,2.7,37866996882.9157
2464,ZMB,1999,3.4673132,4.0056832,3.3,,,,,,86.4,3404284890.5306
2465,MDA,2015,23.017193,8.9212708,,12.127333,0.0,,71.14655162,80.25202,3.7,7797667196.73087
2466,SUR,2019,27.028263,19.303529,,47.034279,,,73.02285851,89.24914,5.8,4016040575.08796
2467,CIV,2014,8.6880974,6.9685444,5.0,21.09107,,,60.06789432,30.68639,76.0,48843005613.7091
2468,SWE,2021,15.168309,7.295543,,9.2852068,,,82.6649092,98.86167,0.0,637186904843.636
2469,LCA,2016,28.910741,17.151821,,21.6236,4.7,,76.20059158,83.10351,4.9,1868544444.44444
2470,USA,2016,38.957086,13.235097,,32.800529,1.2,,78.55677254,99.74208,0.0,18804913000000.0
2471,JPN,1991,1.9459462,7.8087963,7.1,,,,,,0.0,3648065760648.88
2472,WB_HI,2004,18.977077,8.5114561,7.7,30.845425,,,78.48672448,,,
2473,EGY,2022,44.2702,25.593847,,33.801437,,,,97.52875,0.1,476747720364.742
2474,SAU,2012,35.023317,16.41767,13.2,55.040752,,,77.02520885,95.26658,0.0,751921333333.333
2475,MEX,2010,27.959147,17.29103,9.5,24.775591,4.2,,74.95254484,84.97098,15.1,1105424238572.81
2476,BIH,2003,14.654256,8.7359801,8.1,15.731976,,,76.3852253,95.10886,49.0,8498894359.38629
2477,AGO,2001,5.5855248,10.336336,3.6,21.915886,,,50.06036648,28.98922,59.0,8936079117.73136
2478,VCT,2009,24.651559,11.392763,8.9,26.667755,,,73.56239685,81.19771,4.4,714300259.259259
2479,MDG,2010,2.0776283,5.8672886,3.6,14.328885,78.5,,62.52359433,8.57423,99.0,9982711338.07029
2480,NRU,1991,66.252083,25.04361,23.4,,,,,,0.0,52533788.5566282
2481,MNG,2018,21.526621,11.079201,,22.565666,,,70.47775442,66.5167,51.1,13178094720.4986
2482,GHA,1991,3.1515677,3.6140244,2.7,,,,,,97.5,6603185267.79643
2483,ETH,1998,0.56750751,4.5748804,2.7,,,,,,99.2,8013274131.69715
2484,BDI,2008,2.4567217,5.3423479,2.1,15.834498,,,57.79081906,45.92326,99.8,1611835857.04588
2485,SGP,1990,4.2203482,10.004286,6.8,,,,,,0.0,36144336768.7023
2486,ARM,2022,24.509035,13.751496,,26.583851,,,,93.97971,1.3,19513506553.1251
2487,DEU,2002,18.617558,9.1384411,6.6,19.638144,0.2,,78.46153264,99.21934,0.0,2102350798305.89
2488,QAT,1999,25.16571,13.185678,10.3,,,,,,0.0,12393131868.1319
2489,JPN,2014,4.14261,9.2699118,10.1,38.539017,,,83.79493082,99.96126,0.0,4896994405353.29
2490,TLS,1995,0.37742099,3.0526362,2.7,,,,,,99.6,262819900.0
2491,TZA,2008,6.0230069,5.3972322,3.8,9.0411806,,,60.43730538,16.12504,98.9,27947821397.9272
2492,TUN,2007,19.730808,10.046377,9.5,25.795904,,,75.74953958,83.63973,1.5,38915353866.757
2493,LBN,2021,29.418176,20.376489,,57.637257,,,74.34207035,99.2,,23131941556.7843
2494,NAM,2004,11.518513,6.8574257,4.2,35.487007,,,51.6479279,29.69821,63.5,6609205994.77406
2495,IRQ,1993,21.278179,10.054558,7.7,,,,,,71.7,1031944881.13189
2496,FSM,1992,34.502324,15.069468,9.0,,,,,,88.4,178100000.0
2497,GRD,1994,13.403788,8.9639477,5.9,,,,,,11.3,325111814.814815
2498,MMR,2005,4.0394451,6.6208199,4.9,21.492491,,,61.61985762,66.21195,96.1,11986972418.5103
2499,SLB,1993,13.919733,5.267258,6.1,,,,,,91.2,300746361.128739
2500,VCT,2001,19.386628,8.4662408,7.2,24.90654,,,71.90344128,68.29329,3.9,462072333.333333
2501,KWT,1996,32.282469,11.8614,10.2,,,,,,0.0,31492373308.7516
2502,URY,2003,19.271488,11.208169,9.6,29.661861,,,74.80937399,93.44702,0.0,12045638351.8507
2503,GEO,2013,27.955663,11.51021,14.4,19.968662,6.6,46.0,72.60327856,87.28168,26.0,17517660143.6859
2504,KHM,2016,2.9347949,5.9786171,,13.146688,,,68.91001703,57.17156,76.2,26556545153.3573
2505,KNA,2008,35.748559,14.375079,12.2,35.662346,,,,91.68331,0.0,777692592.592593
2506,MDV,1996,5.0121173,4.7003999,5.6,,,,,,93.15,450382327.952421
2507,ISL,2000,14.367211,4.4095259,6.9,32.337063,,,79.6920726,98.79801,0.0,9025660361.75842
2508,SLE,2000,3.6183704,5.6301016,3.5,17.694036,,,49.78648969,7.69469,100.0,635866403.776065
2509,TTO,2012,24.738815,23.796561,11.4,40.832935,,,74.64546221,93.08662,0.0,27147349937.4689
2510,BFA,2017,4.9655914,7.3477395,,16.585636,,,61.8809308,21.77792,89.4,14106955615.3442
2511,KWT,1994,30.7109,12.101273,9.8,,,,,,0.0,24848483838.3838
2512,KGZ,1993,9.8509386,6.2534615,4.9,,,,,,57.1,2026019252.61241
2513,VCT,2004,21.41072,9.3810327,7.9,25.551575,,,72.36667565,73.05254,4.1,549900185.185185
2514,NRU,1993,66.438431,24.979243,24.2,,,,,,0.0,43542088.2518269
2515,COD,2016,5.1163998,6.9890492,,15.329649,,,60.43572174,17.3684,96.0,37134801555.3322
2516,MLT,1995,24.104011,8.2324386,8.0,,,,,,0.0,3709360097.081
2517,GMB,1998,3.2084782,5.4585904,3.6,,,,,,96.4,840285264.631545
2518,SWZ,2009,21.380472,7.4259035,6.0,22.0299,42.0,,45.04734029,55.63363,62.4,3580428052.81393
2519,CIV,2006,6.5508656,5.3975824,4.3,23.514196,,,54.91662177,24.55142,83.7,25281413263.3712
2520,AUS,2012,25.741681,7.3773101,7.2,26.056353,,,82.27247326,99.99674,0.0,1547532281116.4
2521,UGA,1995,1.4289617,3.1530339,1.6,,,,,,99.1,5755818842.49246
2522,SWE,2005,13.725463,5.6278095,6.8,24.062237,0.9,,80.4243719,99.12997,0.0,391690329314.475
2523,SUR,1998,14.522663,9.0771422,7.7,,,,,,28.5,1110850000.0
2524,BTN,1993,2.0594159,8.1405073,5.4,,,,,,91.8,225973692.8371
2525,NER,2022,5.9746772,5.1430706,,16.196146,,,,16.40966,95.5,15433852714.4935
2526,AMR,2022,33.771595,14.592686,,35.612125,,,,93.13433,7.16,
2527,LVA,2008,20.498781,7.8510426,8.7,18.413366,1.2,,71.85232762,89.56349,0.0,34135200994.0067
2528,POL,2008,20.328422,7.6348297,8.3,27.029457,0.0,,75.43243412,92.92665,0.0,535612030671.888
2529,GLOBAL,2013,12.430194,10.728714,8.3,27.455151,11.2,41.07077,71.6601959,70.57885,38.944870656,
2530,ITA,1993,12.332071,6.1574563,6.4,,,,,,0.0,1067412587670.73
2531,ISR,2005,20.650384,10.009634,6.7,32.935844,0.5,,79.7067797,100.0,0.0,147519922009.047
2532,GAB,1990,5.6032617,7.2709568,5.2,,,,,,56.0,5952293764.84777
2533,UZB,1994,9.2339464,5.847789,4.4,,,,,,20.9,12899074922.38
2534,COK,2011,61.784524,31.274545,25.6,40.019505,,,,84.02799,19.8,
2535,HND,2008,19.903992,7.1182422,6.0,30.802975,16.5,,70.9858569,72.16579,59.2,13881731875.7466
2536,DEU,2011,20.470724,10.298935,7.1,16.132298,0.0,,80.46331457,99.22473,0.0,3824828563521.41
2537,AND,1994,11.883225,5.8437973,8.3,,,,,,0.0,1017544068.8408
2538,PYF,1990,33.914173,10.040116,,,,,,,,3320159522.36546
2539,POL,1995,14.945045,5.7482671,6.9,,,,,,0.0,142838527115.448
2540,GRL,2004,20.005439,5.8002748,,,,,,,,1822499769.23938
2541,RUS,1998,17.994803,5.9941325,7.8,,,,,,0.0,270955486862.442
2542,MDG,2007,1.7467272,5.7516187,3.3,14.84947,,,61.67182144,7.09405,98.9,8524620889.57747
2543,TGO,2004,4.5542225,4.2403195,3.8,13.752439,,,56.74808404,10.74558,99.1,3191561508.69088
2544,ARE,1999,24.78997,17.139286,7.0,,,,,,0.0,84445473110.9598
2545,UKR,2000,18.399347,6.6856429,7.7,10.238215,,,67.55459596,94.27112,8.8,32375083934.8241
2546,SYR,2018,32.250452,18.647414,,36.526073,,,64.30375249,93.60846,5.7,21497782867.6426
2547,FIN,2012,19.329432,8.3686195,7.6,16.095907,0.0,,80.37588921,99.44801,0.0,257443384492.969
2548,DMA,2000,17.25584,14.89089,7.8,19.890875,,,,64.04257,20.4,333470370.37037
2549,UKR,2022,23.634788,11.51053,,12.760069,,,,97.7453,4.9,161989520721.19
2550,STP,2001,7.0986137,6.425485,5.0,17.680683,,,63.93324972,21.75813,99.7,75951133.3777948
2551,MNG,2005,13.232167,6.5525636,6.5,10.482555,,,65.26255095,49.40515,73.1,2523471601.10421
2552,AGO,1997,4.5032028,9.4050288,3.2,,,,,,60.8,7648380195.59902
2553,COG,2003,5.8617663,8.1386372,4.4,20.951107,,,54.50087703,12.62368,90.1,3503723087.74483
2554,NLD,1990,8.1609145,5.0858773,4.5,,,,,,0.0,318799003993.707
2555,CRI,1996,14.732741,6.2122069,5.1,,,,,,12.8,11678424507.2457
2556,FSM,1997,36.4315,18.221436,11.0,,,,,,88.7,206626300.0
2557,SWZ,2000,15.476055,6.5775506,5.1,24.867817,48.4,,46.7774174,48.73027,75.1,1738093840.36607
2558,LBR,2004,6.6241823,9.7905695,4.2,28.576956,,,56.44158136,13.27253,99.6,897000000.0
2559,FJI,2019,31.96393,21.671176,,16.14188,,,67.86595098,93.70994,52.1,5444407198.13478
2560,PRY,2012,24.825747,9.5088542,6.5,29.577728,3.3,,75.12046624,84.35752,39.3,33271921136.315
2561,BLR,1991,16.70779,4.8000053,7.0,,,,,,23.3,18404907975.4601
2562,UKR,2021,23.426774,11.11827,,12.607649,,,70.90674708,97.74395,4.9,199765859570.935
2563,NAM,1999,9.3877152,6.352336,3.6,,,,,,66.4,3868551730.39163
2564,OMN,1993,14.722401,10.366492,5.7,,,,,,0.0,14230429128.7386
2565,WB_LI,1996,2.8964112,5.8047723,3.2,,,,,,,
2566,UKR,2008,20.91025,7.7860005,8.4,11.045293,0.0,,67.905744,95.85991,5.9,188110390659.515
2567,SVN,1995,12.748887,6.5139897,6.8,,,,,,0.0,21367422159.3207
2568,ARM,1998,14.542158,8.6034089,8.5,,,,,,27.05,1893726437.26462
2569,UKR,2018,22.873433,10.028622,,12.178297,,,72.71826067,97.73629,4.9,130891088293.55
2570,TKM,2019,20.166442,13.870378,,12.513486,,,69.14190532,99.00214,0.1,45232857142.8571
2571,FSM,2003,38.667008,22.231026,13.4,42.252209,,,64.10175678,37.31196,89.1,245432900.0
2572,ATG,1990,12.533799,7.9797223,5.3,,,,,,0.0,478718518.518519
2573,MNE,2011,14.509302,9.4861828,8.4,20.611729,0.2,,75.9899009,93.34305,37.2,4544428421.49513
2574,DNK,2018,12.899646,3.5309352,,14.169099,,,80.82345271,99.59723,0.0,355293374912.393
2575,NIC,1999,19.006807,6.1998352,5.5,,,,,,67.4,4856026259.07657
2576,MEX,2017,32.686862,16.140108,,26.627604,,,75.87022362,89.53789,15.3,1190721475906.0
2577,AZE,2005,17.922281,8.8602565,8.0,22.312048,0.0,,67.44595807,72.27812,14.7,13245421880.834
2578,WB_LMI,1992,3.6067713,7.886821,4.6,,,,,,,
2579,PRI,2000,25.646433,15.686348,,33.36977,,,76.24708096,,0.0,61701800000.0
2580,MYS,2012,16.034755,14.881676,9.4,40.803947,,,74.61637828,95.02211,4.6,314443047642.111
2581,LBR,1997,3.8426351,8.3324522,3.6,,,,,,99.4,295900000.0
2582,ALB,2018,20.816164,11.571691,,23.010658,,,77.93851855,98.97365,19.1,15379508329.7568
2583,UKR,2017,22.701436,9.7151816,,12.048479,,,73.00099017,97.58724,4.9,112090505081.739
2584,GMB,2009,8.0431849,7.0685409,5.0,21.989344,,,61.85818495,46.35349,97.2,1450142508.57808
2585,PAK,1990,3.0040544,8.5179053,5.4,,,,,,89.4,40010423970.4576
2586,LTU,1993,19.769488,6.7674413,8.2,,,,,,0.0,
2587,OMN,2022,31.095415,17.668252,,40.878246,,,,99.32062,0.0,109852795838.752
2588,COM,2014,11.658647,4.2194318,5.9,13.66567,,,67.0710997,34.86743,94.9,1149587623.99594
2589,MDG,2014,2.5960824,6.0817514,3.9,13.802264,,,63.22596923,10.58723,99.0,12522957399.2281
2590,URY,2006,21.019615,11.919502,9.9,30.085468,0.5,,76.33233577,93.92381,0.0,19741420739.8901
2591,CMR,2010,11.2049,6.7404278,4.3,21.620649,,,56.78466995,40.20243,80.8,27507501821.0296
2592,MLI,1991,1.5953165,4.0349703,3.0,,,,,,99.7,2724131458.26216
2593,FJI,2020,32.57589,22.061703,,15.920986,,,67.71119355,93.62156,50.5,4432466219.87685
2594,NAM,2005,11.909445,6.9519117,4.3,34.884972,,,52.83409474,30.13608,62.6,7248374837.72056
2595,MYS,1992,5.7761054,8.6184725,5.3,,,,,,4.5,59167550162.956
2596,BRB,1993,17.372096,12.026225,7.5,,,,,,0.0,2063342117.03873
2597,KIR,2009,42.189044,20.273472,19.5,37.86916,,,61.32259565,39.74502,97.5,140177384.145395
2598,KGZ,2012,20.080732,8.2358062,7.9,17.942005,2.9,,69.96020158,96.03471,26.3,6605142884.36215
2599,MMR,2016,6.0014129,9.8021477,,21.570051,,,67.8624826,71.73594,75.6,63298361996.2153
2600,AFR,1996,4.807251,5.5859409,3.3,,,,,,87.42,
2601,ATG,2021,32.568154,21.776637,,37.70945,,,76.91527032,97.40282,0.0,1602125925.92593
2602,GRC,1996,16.928329,7.9843499,7.4,,,,,,0.0,142502984144.96
2603,MKD,2004,18.642195,7.076434,7.2,22.462807,,,73.62319794,88.55093,39.8,5682784471.69722
2604,BDI,2002,1.7579772,5.2675042,1.8,17.25827,,,46.77202104,45.63437,99.7,825394519.423728
2605,CUB,2009,14.847101,12.103067,8.9,44.253105,,,78.01983317,85.74165,13.8,57481481481.4815
2606,BGR,1997,12.910287,7.4099988,7.6,,,,,,,11316127378.9613
2607,BHS,2017,43.573511,18.62469,,37.32341,,,73.21936648,94.93058,0.0,12446900000.0
2608,NPL,2019,5.7317641,12.878171,,8.4505081,,,71.36142995,72.88013,63.4,34186180699.0255
2609,PER,2007,15.237914,4.845326,5.9,27.557205,11.0,,78.66735579,69.34373,39.4,102170981144.136
2610,ASM,2011,71.947783,32.11523,,,,,,,,570000000.0
2611,IND,1990,0.78880908,9.295205,4.4,,,,,,88.6,320979026420.035
2612,AFR,2020,11.36976,8.1386693,,17.514927,,,63.96143556,35.36403,78.41,
2613,RUS,1993,16.960911,5.5406701,7.8,,,,,,0.0,435083713850.837
2614,BOL,1991,8.9335561,5.6707915,4.1,,,,,,47.3,5343262457.10226
2615,COG,2001,5.366198,7.8446425,4.2,21.546421,,,53.11126203,11.96847,91.5,2796704604.03812
2616,MHL,2021,45.477057,27.360898,,24.866331,,,,81.42211,35.1,258900000.0
2617,KGZ,1990,8.9776509,5.8221895,4.6,,,,,,60.9,2660202622.91006
2618,EST,2010,20.529473,7.7290379,8.9,14.154962,0.7,,75.84300326,99.26791,0.0,19524355419.038
2619,GTM,1998,11.460227,8.5033298,5.4,,,,,,58.2,19395491992.9939
2620,IRN,1995,12.544605,5.9734091,5.3,,,,,,17.3,96419225744.9927
2621,MRT,2019,20.491625,9.0418376,,41.339993,,,70.17546548,49.58939,53.2,7894764885.82312
2622,MAR,1994,9.1171928,8.9722939,5.6,,,,,,17.4,35604137422.5796
2623,COG,2015,7.6582655,9.7923182,,17.306808,,,62.05475682,18.93693,74.2,12434793867.3568
2624,IRQ,2011,33.732191,15.298878,11.9,46.766651,,,71.39863224,84.71907,3.7,185749664444.444
2625,MDA,1996,19.17277,5.6187462,6.1,,,,,,49.1,1695122173.91304
2626,ISR,1998,17.665114,8.8058844,6.6,,,,,,0.0,120547409278.703
2627,HND,1998,13.302219,4.9762074,4.4,,,,,,72.8,6366340265.87888
2628,TTO,2015,25.62941,25.976071,,41.906876,,,74.35412517,93.57151,0.0,26841143094.6765
2629,SYC,2001,19.7143,13.601673,7.4,22.096806,,,72.22760033,95.66373,0.0,662064155.920692
2630,AUS,2009,24.53631,6.7595862,7.1,26.32914,,,81.75260531,99.99524,0.0,928762122698.05
2631,ZMB,2000,3.6711834,4.0458478,3.3,18.018181,,,44.52713939,19.94496,86.2,3600632111.41414
2632,EMR,2001,15.250534,10.426799,7.6,29.814619,,,65.64591089,59.18813,42.95,
2633,DJI,1999,3.6285993,5.3531658,5.4,,,,,,96.3,536080148.097299
2634,LVA,1994,15.747988,5.906605,7.9,,,,,,0.0,
2635,COK,1996,51.828671,21.829742,17.5,,,,,,24.9,
2636,CAF,2017,7.354515,15.218855,,16.706968,,,51.26742466,15.21649,99.3,2072349972.6818
2637,MUS,2010,16.042481,22.173575,13.1,28.171562,,,73.34550791,94.23357,2.4,10003670690.3497
2638,EUR,1996,15.241049,6.4148709,6.8,,,,,,5.94,
2639,ZMB,2005,4.856823,4.3456882,3.5,16.816536,,,50.2612912,24.20593,84.4,8331870169.14977
2640,NLD,2022,14.541821,9.2809781,,9.412878,,,,97.67023,0.0,1046540797548.64
2641,IRN,1998,13.869861,6.3048407,5.6,,,,,,11.9,110276913362.445
2642,BEL,2019,19.246539,8.7978259,,28.013346,,,81.60895006,99.4862,0.0,536726344405.489
2643,DZA,2001,13.869439,9.7870007,6.6,24.047012,,,72.77159448,84.75993,3.0,59413400923.6364
2644,LBR,1991,2.3939708,6.6985153,3.8,,,,,,99.3,348000000.0
2645,AGO,2019,10.430336,14.89688,,17.629074,,,62.49147407,51.39362,50.8,70897962732.0277
2646,GEO,1996,16.395532,9.552896,8.1,,,,,,58.1,3094936177.1918
2647,CAN,2006,23.056756,7.6100193,6.7,29.006403,,,80.37081942,99.84301,0.0,1319264809590.97
2648,DOM,2012,22.295199,11.357193,8.8,32.473068,2.6,,73.71953299,83.60015,12.0,60561635555.6383
2649,PRT,2020,21.076626,11.491241,,50.812702,,,80.81837464,99.66338,0.0,229618773422.577
2650,RUS,2016,23.044908,8.8313408,,15.602393,,,71.6156235,88.01284,0.0,1276786350881.14
2651,DOM,2022,29.34005,17.052992,,37.024555,,,,88.68179,6.8,113478087134.8
2652,HUN,2017,28.300494,13.700622,,26.377239,,,75.90176306,97.99088,0.0,143335098991.862
2653,ARE,2003,27.210394,18.87763,8.5,49.275856,,,78.5604186,99.14909,0.0,124346358066.712
2654,ESP,2020,16.238266,6.411542,,23.449249,,,81.92498871,99.91911,0.0,1289783836971.21
2655,SAU,1998,25.076315,18.985105,8.7,,,,,,0.0,146775466666.667
2656,PRT,1995,12.814702,6.2748671,6.6,,,,,,0.0,118122007430.012
2657,SVN,2012,16.269703,10.708968,9.1,18.693661,0.0,,79.89107651,98.79147,0.0,46167053954.3367
2658,DOM,1999,13.530208,5.797274,5.7,,,,,,17.6,22136579396.9218
2659,CHE,2004,11.329235,5.0095864,5.2,26.695992,,,80.94173199,99.88102,0.0,403912891033.374
2660,MLT,1994,23.763074,7.9436548,7.9,,,,,,0.0,2998505428.14593
2661,LKA,2017,7.8728512,21.011628,,32.323723,,,76.91196371,90.77437,71.4,94369350285.5814
2662,TON,1992,48.79159,13.628708,11.2,,,,,,82.9,137066290.550071
2663,SYC,1992,14.274734,10.556313,6.2,,,,,,0.0,461409398.855893
2664,KWT,2022,41.416967,22.213969,,63.315113,,,,100.0,0.0,183502046669.15
2665,FSM,1996,36.032945,17.673524,10.6,,,,,,88.7,218534700.0
2666,NLD,2015,13.949412,7.9081774,,12.223929,0.0,,81.28069061,97.73522,0.0,775743675302.734
2667,VCT,2002,20.070423,8.75144,7.5,25.121571,,,72.01069433,69.86859,4.0,487763851.851852
2668,MUS,2008,15.539527,20.913452,12.5,27.925182,,,72.86571029,93.39128,2.8,9990356673.73497
2669,GUY,1992,10.107715,7.3996015,4.2,,,,,,0.0,373573141.486811
2670,LAO,2014,5.2452296,6.0418054,5.6,15.580199,,,66.43037564,66.77321,94.8,13279245886.3854
2671,CIV,2004,5.8897905,5.1512435,4.1,24.051155,,,52.80209302,23.09361,83.9,23510575681.3686
2672,COG,2020,8.2400508,10.778023,,16.257454,,,63.35937843,20.45975,64.6,11468687464.0046
2673,KIR,2001,38.802263,18.981002,14.7,41.974129,,,60.39204806,33.69726,99.2,64935850.1573877
2674,NER,2018,4.9689546,5.1270559,,17.030468,,,60.43807872,14.29778,97.0,12837307496.8821
2675,MNG,2003,12.135994,6.3157961,6.1,9.2203255,,,64.44695031,46.47796,75.3,1595297355.78349
2676,BOL,2021,27.774253,15.19859,,22.45323,,,65.41062535,67.53989,11.3,40406111693.1983
2677,ARM,1993,12.791419,7.1499586,7.5,,,,,,44.9,1201312829.27524
2678,WSM,1992,39.719102,9.4369181,9.6,,,,,,88.3,132303041.36253
2679,AFR,2004,7.031208,6.224772,4.1,20.863953,,,54.8859284,26.77706,86.06,
2680,JAM,2005,21.030168,11.176536,8.6,30.329994,,,71.36246208,83.51652,18.3,11243865777.7131
2681,KGZ,1997,11.336508,6.6550642,5.2,,,,,,51.7,1767864035.71943
2682,JOR,1993,25.125721,9.4849117,7.8,,,,,,0.6,5606400221.69269
2683,NIC,2008,24.938738,8.8475488,7.0,33.662216,,,76.35592363,64.96746,57.9,8496967596.77008
2684,AZE,2021,26.022279,13.438772,,23.7516,,,72.9129401,,1.4,54825411764.7059
2685,NIC,2018,31.189147,11.544587,,37.272381,,,78.45090354,72.92057,45.4,13025221974.232
2686,YEM,2008,7.7332266,9.2311479,6.3,23.442245,,,67.19372426,48.93941,41.0,26910855807.288
2687,NIU,1997,53.2915,22.31026,15.6,,,,,,34.1,
2688,WSM,1995,42.37484,10.210586,11.2,,,,,,86.4,224865731.381903
2689,IRQ,2003,28.290159,12.229459,9.2,42.454113,,,68.91366628,72.21387,21.2,21921569478.8163
2690,THA,2021,14.751139,14.200336,,28.131321,,,75.29014364,99.00732,14.8,506194668789.937
2691,PLW,2006,38.04366,21.414216,19.7,32.440784,,,,94.28038,0.0,193679700.0
2692,ATG,1991,13.018544,8.1912816,5.4,,,,,,0.0,504337037.037037
2693,EST,2000,16.719884,5.8452949,8.0,12.291269,,,70.96926531,99.68321,0.0,5686579747.53524
2694,GBR,1993,13.910834,5.7122588,6.2,,,,,,0.0,1061388722255.55
2695,DJI,2003,4.5591775,5.691452,5.6,19.542498,,,59.65312998,47.11587,95.6,622044665.515049
2696,QAT,2012,36.105171,15.339987,12.1,49.957554,,,74.98566602,99.93655,0.0,186833502362.637
2697,ISL,2011,18.526702,5.2832007,7.0,28.988081,0.2,,81.86017778,98.78459,0.0,15221622925.9319
2698,SAU,1997,24.338716,18.523033,8.5,,,,,,0.0,165963684913.218
2699,BEN,2013,8.3623908,6.0666062,5.0,17.121223,,94.0,62.11743236,15.01474,95.0,12517845123.9315
2700,CAN,1992,15.202995,7.4531049,5.4,,,,,,0.0,594387358318.855
2701,JAM,1994,12.706487,6.5985829,5.8,,,,,,39.4,5452558947.03045
2702,NLD,2002,11.946911,6.1195098,5.5,18.756348,,,78.28829662,98.00082,0.0,475529972122.746
2703,GTM,1994,9.3588211,7.4675687,4.8,,,,,,54.7,12983233310.7467
2704,SGP,1994,4.2665668,10.637951,7.5,,,,,,0.0,73688724431.1412
2705,GBR,1990,11.931662,5.4826524,6.0,,,,,,0.0,1093169389204.55
2706,SUR,2006,19.289067,13.096195,9.5,39.248314,,,71.692617,80.57861,16.7,2626380435.17877
2707,MOZ,1996,2.351447,4.8130143,3.0,,,,,,98.2,4030146134.5706
2708,PYF,1992,34.952745,10.550212,,,,,,,,3713785765.42205
2709,IDN,2002,2.9634507,4.3069746,5.3,15.291225,22.8,,67.65122104,44.41497,90.8,195660611165.183
2710,CAN,2015,25.11996,8.3457083,,33.54937,,,81.64860674,99.09378,0.0,1556508816217.14
2711,RWA,2017,3.4696966,3.8553279,,10.661359,,,67.42986245,68.51634,98.3,9252833894.1905
2712,WB_UMI,2016,12.678099,10.501063,,25.022507,,,74.97657756,,,
2713,WPR,2018,6.793101,10.653076,,26.014435,,,77.3741563,89.48089,20.39,
2714,BGD,2021,4.961754,16.067582,,20.300419,,,73.10251672,57.93662,74.1,416271647911.014
2715,GNQ,2002,10.151978,8.5956961,4.7,23.909899,,,55.47366319,56.747,80.5,1806742742.27311
2716,TKL,2021,69.398844,32.054219,,,,,,,71.9,
2717,UZB,2015,23.780942,10.927773,,22.26165,,,69.42591804,95.4498,15.8,86196264755.3105
2718,PLW,1997,35.795802,16.993134,15.7,,,,,,0.0,143860800.0
2719,JAM,2016,29.265657,19.20982,,35.614544,,,72.33025467,86.07016,9.6,14077096676.6213
2720,LTU,1998,19.804321,7.6719716,8.3,,,,,,0.0,11289161847.2162
2721,BRB,2013,31.549388,23.795401,13.7,40.300064,,,76.24143589,95.35517,0.0,5361158350.0
2722,JAM,2015,28.533643,18.459395,,35.12672,,,72.28943851,85.84955,10.2,14188936918.0036
2723,WB_LMI,2019,10.796006,16.286057,,35.745914,,,69.57356781,,,
2724,LBN,2016,27.748063,17.655894,,52.538536,,,78.81840788,95.25223,,51147308774.1294
2725,BFA,1993,0.75887498,3.6332108,2.4,,,,,,98.4,3199536465.23328
2726,PRY,2001,17.909154,6.942977,4.9,23.938675,8.9,,74.99163931,71.68837,52.0,8495806432.18467
2727,ZAF,2019,30.081907,12.463295,,45.621902,,,65.83739077,75.37965,12.7,389330032224.269
2728,GBR,2022,26.820251,11.948617,,18.98419,,,,99.10479,0.0,3114042471144.39
2729,ESP,2019,16.546416,6.659361,,24.287331,,,83.13561895,99.91936,0.0,1403496387686.27
2730,NAM,2021,16.604935,8.9886397,,25.781199,,,60.35994599,35.55342,52.5,12402486183.6396
2731,SUR,1993,11.848606,7.1457319,7.0,,,,,,37.6,428764705.882353
2732,SVN,1994,12.497708,6.42763,6.6,,,,,,0.0,16400767069.6294
2733,AFG,2004,5.7933014,11.098302,6.3,23.680201,,,56.47652053,25.66624,89.2,5224896718.67782
2734,AFR,1995,4.575955,5.4859269,3.2,,,,,,87.55,
2735,ROU,2016,26.518989,11.745111,,30.853821,,,75.08359177,84.00183,0.0,185290759248.844
2736,NIU,1991,49.54626,18.306471,12.2,,,,,,54.1,
2737,PNG,2010,16.261414,17.369847,10.2,14.704563,,,64.88774886,18.62994,92.4,14250786674.7766
2738,GHA,2018,11.686822,7.0744477,,20.18181,,,65.51554359,23.82631,74.7,67259353965.6087
2739,MNE,2003,12.24145,7.2402246,7.4,19.886251,,,73.62012454,,33.2,1707710053.14938
2740,LBY,1993,19.724901,10.309145,7.5,,,,,,,30660051910.5037
2741,SWZ,2020,28.48514,9.4140418,,19.444813,,,55.96824586,64.48912,50.6,4120621324.89015
2742,GRD,1990,11.571085,7.6710366,5.4,,,,,,15.2,278098762.962963
2743,NOR,2019,18.27383,7.1999423,,34.694473,,,82.65752051,98.05215,0.0,408742840909.091
2744,FRA,2009,12.216327,6.3575573,7.6,32.860779,0.0,,81.04063075,98.65624,0.0,2700075882518.98
2745,UKR,2001,18.720657,6.8161234,7.8,10.327003,,,67.7115647,94.43126,8.3,39309580983.2282
2746,ITA,2004,14.59076,7.8152105,7.5,43.249825,0.7,,80.52668865,99.88585,0.0,1812808753294.75
2747,TKL,2019,68.439227,32.385731,,,,,,,70.2,
2748,GHA,1990,2.9238652,3.5791896,2.6,,,,,,97.7,5889106573.46088
2749,BGD,2008,1.7767511,12.211552,6.7,20.942957,,,69.03267464,37.37192,89.0,91636997370.9772
2750,NZL,2010,28.353316,8.3950102,8.2,20.429459,,,80.9444522,100.0,0.0,146887902524.052
2751,ISR,1994,15.981324,7.775487,6.4,,,,,,0.0,90740103828.6058
2752,COG,2017,7.8712493,10.162845,,16.832014,,,62.84312978,20.17288,70.2,11834473039.3645
2753,UKR,2016,22.527543,9.423545,,11.923042,0.1,,72.62863559,97.43325,4.9,93355869403.9223
2754,SLV,2009,23.499033,9.8252542,8.2,33.740242,6.4,,74.00196009,83.37324,25.1,17601620000.0
2755,NIU,1993,50.872123,19.538368,13.3,,,,,,47.2,
2756,IRQ,1998,24.630721,11.071701,8.2,,,,,,46.5,20617405044.2425
2757,DEU,2020,20.374215,10.711733,,12.633183,,,80.79637728,99.22562,0.0,3940142541354.1
2758,SLV,2015,26.984721,11.060803,,36.207546,1.9,,72.73292352,85.54079,14.5,23438240000.0
2759,UKR,1997,17.545162,6.2900752,7.6,,,,,,10.7,50151531591.7317
2760,ALB,1992,11.126864,4.6230976,4.5,,,,,,80.0,652174990.837304
2761,BOL,2013,21.234961,11.392167,6.5,21.900496,6.9,23.0,71.33805685,53.17831,20.0,30659338885.6729
2762,BFA,2007,2.6830565,4.2348519,3.5,16.455421,,,56.71279625,15.57079,95.2,7625722836.76847
2763,GNB,2006,6.1232265,5.8741447,4.3,20.112484,,,52.75265393,8.79676,98.8,634781901.251494
2764,UGA,2001,2.1133436,3.3007562,1.9,11.345756,,,49.78388659,16.5976,99.2,5840503868.51573
2765,MDG,2019,3.5102025,6.6521548,,13.540438,,,63.81664617,13.16934,98.8,14104664678.5063
2766,TUV,1990,46.986511,12.25512,10.6,,,,,,98.9,9542900.90136505
2767,TJK,2019,21.760088,10.514513,,34.12994,,,73.80997068,96.77256,16.2,8300813599.3084
2768,LBN,2018,28.414011,18.900974,,54.626934,,,79.36847038,97.87058,,54901519155.5556
2769,NER,1992,1.0513024,3.6957562,2.2,,,,,,99.3,3386232579.22522
2770,GRD,2008,21.55513,15.000038,8.1,30.041187,,,70.92544169,91.97088,7.0,825976037.037037
2771,ISR,2012,21.934195,9.9899866,7.1,30.142286,0.5,,81.57002049,99.98846,0.0,263589172712.391
2772,BLR,1995,17.187323,5.0593022,7.4,,,,,,14.9,13972683273.5692
2773,HND,2006,18.564241,6.5296449,5.7,30.023884,22.5,,70.7448816,70.24775,61.3,10917477066.1429
2774,PAN,2010,24.923046,7.5924613,8.0,45.236336,4.5,,76.99379194,72.96414,0.0,30231009500.0
2775,ZWE,2003,7.4989706,8.3788559,4.3,19.658266,,,45.01274563,44.8626,66.8,5727592261.17634
2776,POL,2022,27.499697,14.993295,,36.96788,,,,98.95708,0.0,695607522884.822
2777,GIN,2004,3.74244,5.3166941,3.7,18.976807,,,56.03427492,12.20687,99.2,5300767960.51572
2778,CAN,2021,26.048982,9.3751371,,36.63905,,,81.58276248,98.58857,0.0,2022378748423.23
2779,ARE,1994,21.462153,14.344811,6.2,,,,,,0.0,59305093979.842
2780,GTM,1996,10.366763,7.9512842,5.1,,,,,,56.6,15674835615.3139
2781,EUR,2019,21.896556,10.536763,,24.77557,,,78.09893217,96.62258,2.6,
2782,TON,2005,57.098371,18.310191,17.3,31.416433,,,71.97193468,89.16473,53.2,261823805.433238
2783,MKD,2003,18.224844,6.8736061,7.1,22.365179,,,73.22933201,88.57577,41.2,4946296599.08467
2784,BTN,2014,7.9302266,11.890329,9.2,10.226284,,,72.91360226,68.58685,22.3,2089079570.58285
2785,VEN,2015,22.937085,10.709047,,43.034115,,,73.93795547,94.57854,3.9,
2786,CYP,1997,16.882697,6.6751026,6.2,,,,,,0.0,9547816419.61231
2787,SAU,1992,21.054868,15.538467,7.3,,,,,,0.0,137087850467.29
2788,IRN,2016,21.766122,12.366756,,41.569874,0.3,,77.37336206,88.75182,3.0,459042684192.698
2789,KIR,1993,33.49036,13.716611,10.1,,,,,,99.7,58953595.9090414
2790,PYF,2020,47.013238,17.52162,,,,,,,,5574821989.38239
2791,TGO,2020,10.456193,7.331524,,14.507744,,,63.84914267,18.93937,89.4,7400284167.78479
2792,TUR,1994,20.549414,6.5169767,6.6,,,,,,16.5,130650447499.071
2793,LUX,1992,13.185316,5.4302614,6.2,,,,,,0.0,15518702634.8808
2794,KHM,2004,1.2867316,3.3555679,4.4,13.609497,,,62.73254827,19.97785,94.1,5883297159.87352
2795,ARM,2003,16.491486,9.2522375,9.4,23.46755,11.4,,71.70802942,88.10732,12.9,2807061008.69084
2796,LVA,1996,16.208513,6.1233249,8.0,,,,,,0.0,5799465288.41246
2797,CHN,2000,2.2108342,5.6924239,5.6,19.844213,,,70.83886138,56.82011,59.7,1223754919971.05
2798,SWE,2015,14.743261,6.4643688,,13.662836,0.5,,81.74239456,98.96687,0.0,501698263620.663
2799,MYS,1997,7.7908099,9.3315937,6.4,,,,,,2.6,100005323301.867
2800,SYR,1998,21.486852,11.254883,6.7,,,,,,2.0,15200846153.8462
2801,WPR,2011,4.637444,7.900919,8.2,23.608578,,,75.55207918,79.23073,36.7,
2802,LAO,1993,1.6278587,4.4237226,3.4,,,,,,98.8,1327748689.88094
2803,ZWE,2002,7.268887,8.324834,4.2,19.904263,,,45.11250007,44.82097,66.5,6342116910.65686
2804,MEX,1991,15.199074,8.932475,6.0,,,,,,24.7,313139656145.745
2805,AZE,2008,19.342588,9.3291767,9.0,22.367666,,,68.71279885,79.72526,9.0,48851293785.4483
2806,RUS,1992,16.856073,5.4435432,7.7,,,,,,0.0,460290556900.726
2807,HTI,2004,6.5022402,12.095792,5.0,22.81439,,,57.54298421,21.05167,96.9,6087360684.2969
2808,KNA,1997,25.776803,9.6801035,8.3,,,,,,0.0,374641307.974641
2809,GAB,2021,20.368621,11.667068,,20.905771,,,65.09380891,49.86127,9.5,19444935097.2333
2810,MOZ,2014,6.7552239,5.3660009,4.6,8.2826395,62.4,,55.02757929,26.49849,95.9,17978246586.0662
2811,WB_LI,2008,5.5528481,6.8973534,4.2,17.900217,,,59.5862953,,,
2812,IRQ,1994,21.907221,10.251833,7.8,,,,,,67.5,3991349282.75729
2813,SYC,2005,22.052652,14.843751,8.1,21.858887,,,72.35775752,96.63411,0.0,977899381.818182
2814,VNM,1990,0.20777541,4.1303802,3.0,,,,,,99.5,6471740805.56984
2815,ISL,2019,20.391612,6.1728492,,26.546124,,,82.4706163,98.7811,0.0,24681343649.2952
2816,KIR,1999,37.677419,17.915528,13.4,,,,,,99.4,77323978.1928449
2817,MOZ,2005,4.1606136,5.3961676,3.9,7.687016,,,51.92845833,15.43416,97.6,8868504899.94673
2818,CRI,2022,31.387609,24.644156,,49.658787,,,,98.38362,3.7,69243626028.6698
2819,BLR,2004,19.486922,5.7922818,8.2,17.795839,0.3,,68.80163482,92.42999,3.6,23141566292.9462
2820,IRN,2020,23.461124,13.913387,,44.730412,,,75.18860837,90.26677,3.6,262186179355.944
2821,BWA,2011,14.417088,6.086608,5.6,25.279247,,,58.41247242,68.59232,40.2,15110643612.1729
2822,DMA,2010,23.298711,20.632187,10.2,23.959967,,,,76.59938,11.9,519859259.259259
2823,MKD,1990,14.289565,5.1947709,5.9,,,,,,62.5,4699646643.10954
2824,PNG,2022,20.517364,18.764621,,12.471538,,,,19.30473,89.8,31653185952.609
2825,ALB,1996,11.751956,5.1177405,5.1,,,,,,72.6,3234486232.04392
2826,BHR,1995,20.634502,9.423288,6.5,,,,,,0.0,6651180851.06383
2827,MKD,1991,14.470437,5.2972361,6.0,,,,,,60.7,4938775510.20408
2828,EGY,2005,32.115844,12.778829,12.1,31.340603,,,69.52274009,92.80032,4.3,89660339660.3397
2829,UZB,2006,15.929183,7.3968425,6.1,12.702197,,,64.19601086,94.29619,14.8,17330833852.919
2830,ROU,2017,27.732185,12.562549,,31.80575,,,75.11122981,84.84359,0.0,210147385855.419
2831,PAN,2007,22.421618,6.9147579,7.3,42.192837,7.8,,76.98645861,69.62596,0.0,21717433800.0
2832,NRU,2016,68.415689,21.390553,,37.436462,,,,65.90744,0.0,97276023.0784346
2833,GTM,2001,13.201177,9.487538,5.8,11.319703,,,68.64112754,61.7928,60.1,18405220247.4412
2834,HND,2005,17.899923,6.2647671,5.5,29.644791,26.5,,70.54437222,69.27195,62.4,9757012696.56212
2835,PHL,2017,7.0713088,8.3327681,,36.795116,,,69.6392585,78.93576,51.5,328480736802.76
2836,COD,2013,4.5323662,6.8263397,4.2,15.79393,,95.0,58.89523659,18.39536,96.4,32679745048.4427
2837,GRC,2000,18.919265,8.7084584,7.7,28.708836,,,78.42147917,97.61342,0.0,125760166224.805
2838,PHL,1996,2.6348811,4.1373175,4.1,,,,,,68.0,94648084429.0341
2839,LBY,1994,20.315132,10.676278,7.6,,,,,,,28610549763.4685
2840,GRD,1999,16.147561,11.171041,6.6,,,,,,8.1,482009370.37037
2841,CYP,1998,17.278503,6.8114795,6.3,,,,,,0.0,10248618778.2805
2842,LBR,2001,5.3019546,9.2544645,3.9,31.258757,,,53.93145331,12.35389,99.5,906000000.0
2843,PAN,2002,18.654697,5.8766894,6.4,37.468807,11.2,,76.2835354,64.17116,0.0,12800851300.0
2844,RUS,1990,16.735494,5.232536,7.6,,,,,,0.0,517014446227.929
2845,HND,2001,15.257439,5.4197144,4.9,28.187176,21.3,,69.91583233,65.25662,68.1,7651162302.3456
2846,KOR,2008,3.3834297,9.0937018,8.0,37.010056,0.2,,79.90917941,99.99051,0.0,1047339010225.25
2847,POL,2001,17.059608,6.1006121,7.3,22.835081,0.1,,74.09873292,88.25683,0.0,191823200371.284
2848,MMR,1997,2.7733484,5.9413653,3.8,,,,,,99.0,4722288495.66085
2849,WB_LMI,2016,9.6255004,14.544638,,33.246601,,,68.75196172,,,
2850,ATG,2017,29.939744,19.569743,,36.117493,,,75.565575,97.394,0.0,1534855555.55556
2851,GIN,2010,5.3845137,5.8726348,4.3,17.952267,,,58.26432378,17.82589,99.2,6853467145.53089
2852,DZA,2015,20.248681,14.43619,,27.013802,,,76.06909233,86.74252,0.4,187493855609.345
2853,TCD,1996,1.5586318,4.8525378,2.9,,,,,,96.5,1607345355.78298
2854,DMA,2002,18.49228,16.016287,8.2,20.627802,,,,66.55393,18.0,375200000.0
2855,SDN,2018,14.437759,8.9360096,,19.295975,,,69.24813878,36.6727,42.4,32333780383.2924
2856,UGA,1993,1.2733232,3.058604,1.5,,,,,,99.0,3220439044.18949
2857,WB_LMI,2001,5.2208651,9.4805039,5.8,22.000635,,,62.98194731,,,
2858,GBR,2005,22.26671,6.7766801,7.1,33.502773,0.5,,78.91215,99.12445,0.0,2543180000000.0
2859,KGZ,1999,12.240116,6.7733489,5.5,,,,,,48.5,1249061487.01457
2860,TKM,2009,15.804884,14.678246,7.9,14.56936,,,68.42683026,95.07841,0.1,20214385964.9123
2861,ISL,2005,16.63893,4.8235465,7.1,30.930351,0.0,,80.90304444,98.79173,0.0,16852963067.0496
2862,MWI,1994,1.4199484,4.5233522,2.6,,,,,,98.2,1719864761.30628
2863,MLI,2014,8.1942141,5.0355542,5.0,32.244583,,,59.77561439,36.17624,99.0,16943434590.8343
2864,BFA,1999,1.3158878,3.7035614,2.7,,,,,,97.5,3389566712.66037
2865,PAK,2004,7.5833045,11.471505,7.8,29.289034,18.0,,62.44387744,38.48022,72.1,132216048339.413
2866,KAZ,2021,18.118279,10.388984,,27.640347,,,70.27511981,97.86417,5.8,197112255360.612
2867,LTU,2002,20.493564,8.5502408,8.4,23.778648,,,71.6891841,85.48361,0.0,14282292664.6004
2868,FIN,2016,20.08328,9.4405681,,13.106375,,,81.11659919,99.44797,0.0,238777818792.608
2869,SSD,2019,7.4338667,7.0115604,,16.280205,,,58.99663561,15.74728,100.0,
2870,VUT,1998,15.651292,6.2472366,7.9,,,,,,87.5,262293410.708334
2871,GRL,2009,22.216699,6.4116895,,,,,,,,2529963903.22685
2872,SAU,2000,26.618603,19.571446,9.1,57.821392,,,70.56634565,95.16802,0.0,189514933333.333
2873,HRV,2012,22.972018,10.049555,9.5,20.003172,0.7,,77.35911283,96.41401,0.0,57551963753.2104
2874,MMR,1991,2.0435223,5.661425,3.3,,,,,,99.7,2069832686.98061
2875,COL,2014,19.296189,10.597628,8.0,31.26589,5.0,,77.36559952,87.8159,11.9,381240864422.407
2876,BLR,2018,21.255928,8.6114712,,14.637081,,,74.34647413,98.85227,0.3,60031026576.26
2877,PSE,2006,31.219253,12.441351,,38.982914,,,69.22549809,91.94369,,5348300000.0
2878,TKL,2016,66.944718,34.028894,,,,,,,68.9,
2879,MDA,2007,22.262886,6.9376759,7.9,14.099367,1.1,,67.22688687,75.04617,13.7,4401173151.93767
2880,CHE,1999,10.510088,4.7793955,5.0,,,,,,0.0,297873643323.126
2881,MLI,1996,2.4796747,4.202411,3.2,,,,,,99.5,2780422049.21204
2882,PHL,2003,3.8514182,4.3325402,4.7,16.789516,13.1,,69.52481782,65.52639,60.1,87039092974.2272
2883,ETH,2021,2.6391458,5.3105511,,9.5258837,,,67.83909086,9.25478,93.5,111261888668.864
2884,IRQ,2002,27.562267,11.978231,9.0,41.905758,,,70.04461594,71.64557,25.5,32928454672.4246
2885,UKR,1993,16.782676,5.8066107,7.5,,,,,,14.2,65648559903.0571
2886,TUV,1997,51.295018,15.229702,14.5,,,,,,95.9,13734210.096632
2887,BRB,2017,34.385505,25.750217,,41.965946,,,76.33626177,97.27938,0.0,5517340450.0
2888,EST,2008,20.038155,7.2573431,8.7,13.840662,0.5,,74.24703915,99.37636,0.0,24342935403.5447
2889,QAT,2021,42.556888,18.168902,,53.169777,,,76.7101384,99.93655,0.0,179732009560.44
2890,ERI,2003,1.5439027,5.5591248,2.6,13.607918,,,57.22781288,9.32209,95.2,870248267.550163
2891,WB_LI,1991,2.2255858,5.1219631,2.8,,,,,,,
2892,NLD,2007,13.248114,6.791757,5.8,16.25947,0.0,,80.12725056,97.87048,0.0,853499460872.552
2893,DNK,2003,11.369256,3.927812,6.0,24.343687,0.2,,77.31785032,99.59724,0.0,218421193436.252
2894,BDI,1992,0.98590478,4.445482,1.3,,,,,,99.6,1083037670.60484
2895,KGZ,1995,10.541891,6.5226391,5.0,,,,,,54.4,1661147035.24388
2896,SRB,2019,21.048439,14.26848,,45.198715,,,75.91665371,97.89702,21.5,53864693664.5568
2897,LAO,1991,1.4572518,4.4166476,3.3,,,,,,98.7,1028087972.31085
2898,WB_UMI,2009,9.8692842,8.1545785,8.1,23.16931,,,72.7546341,,,
2899,DJI,2013,7.4633986,6.3378662,6.1,17.547405,22.7,17.0,63.13924805,58.82006,92.4,2044440443.16654
2900,CMR,2008,10.530217,5.8922943,4.2,22.200645,,,55.69426406,39.73291,82.5,27715142032.913
2901,KAZ,1994,12.633489,6.3018881,7.4,,,,,,22.8,21250792886.1054
2902,BDI,2012,2.9680599,5.4654792,2.4,15.046533,,,61.17471181,45.92132,99.8,2333341334.45753
2903,SVK,2001,15.633595,5.9718914,6.5,26.760927,,,73.45130702,99.83239,0.0,30726659550.9717
2904,GTM,1999,12.032274,8.8053517,5.5,,,,,,58.9,18318412251.3642
2905,SRB,2015,19.334002,12.323027,,45.807137,0.1,,75.27946837,97.34002,26.8,41297410634.9586
2906,WPR,2010,4.395635,7.6531254,8.0,23.314796,,,75.2467766,77.66969,38.79,
2907,IRQ,2012,34.378171,15.781836,12.3,47.283726,2.5,,71.6393156,86.48265,2.9,218002476129.472
2908,BMU,2016,28.890324,23.22596,,,,,,,,6899911000.0
2909,CRI,2009,22.908989,13.351676,7.4,45.109367,2.4,,80.60955741,95.66656,8.0,30745714312.6417
2910,SRB,2006,16.193469,9.1153279,7.5,47.616508,0.5,,73.38118952,95.83953,36.6,33298057361.7412
2911,GMB,2003,5.188657,6.0634281,4.2,22.328552,45.3,,59.85443013,47.72431,96.5,487038685.045496
2912,AUS,1994,15.404768,4.3003555,6.0,,,,,,0.0,322806641300.588
2913,AFR,2008,8.148853,6.518922,4.5,19.95676,,,58.09440209,28.83326,85.2,
2914,MDA,1995,18.950033,5.5207394,6.0,,,,,,51.3,1752999370.46158
2915,PRT,2022,21.791112,12.095226,,51.65369,,,,99.66126,0.0,256898675068.927
2916,SWZ,1996,12.984288,6.0239773,4.6,,,,,,79.8,1602741833.70552
2917,BLR,2008,20.413925,6.2670335,8.7,16.829414,0.0,,70.33830973,94.18629,1.8,60752106347.126
2918,CUB,2021,21.163715,14.45654,,59.850304,,,73.67333077,91.65103,5.1,
2919,DEU,2018,20.380101,10.537098,,13.335649,,,80.64820055,99.22519,0.0,4052008447223.53
2920,PRT,2011,18.419355,9.234482,8.7,47.136684,0.5,,80.24005801,98.87503,0.0,245426767676.002
2921,ALB,1998,12.204875,5.4322533,5.4,,,,,,68.1,2600356999.20614
2922,LBR,1995,3.2728631,7.8110531,3.7,,,,,,99.4,134800000.0
2923,BEN,2015,8.8467419,6.8178922,,17.187584,49.5,,62.62662,16.1754,94.8,11388160996.7738
2924,BFA,2011,3.4963064,5.0352309,3.9,16.513754,,,59.07175267,18.23802,93.6,12080295977.5632
2925,ZMB,1996,2.934994,3.8971595,3.2,,,,,,87.0,3597220962.00017
2926,TKM,2013,17.646919,14.575824,9.6,13.650701,,,69.11794049,96.61643,0.1,39197543859.6491
2927,COG,2004,6.094728,8.2645625,4.4,20.649948,,,55.40549068,13.08153,89.5,4656974940.12721
2928,TUN,2017,24.455029,14.541583,,30.768181,,,77.03145853,94.2525,0.1,42163530590.9462
2929,NIC,2022,33.627293,12.496296,,38.748055,,,,,41.4,15634572502.2294
2930,CAF,2002,3.4457643,11.942077,4.0,19.323488,,,44.77185837,20.50059,99.5,996068144.884889
2931,GTM,2015,22.001392,15.211864,,26.450174,,,72.0454314,67.02927,60.3,62186064757.9334
2932,PRK,2001,3.7289593,6.864579,5.1,20.847706,,,62.62928485,,98.4,
2933,JPN,2011,3.7712935,8.765889,9.9,36.472191,,,82.82691604,99.9701,0.0,6233147172341.35
2934,BIH,1997,13.131744,7.5308964,6.4,,,,,,43.9,3671909673.04401
2935,TGO,1998,2.8012857,3.8894016,3.3,,,,,,99.9,2241650112.33333
2936,CHN,1999,2.0993307,5.5407669,5.4,,,,,,60.6,1103843203575.64
2937,TUN,2009,20.641784,10.721885,10.2,26.736242,,,76.07616117,85.75264,0.9,43455740497.3061
2938,SVN,2010,15.995561,9.8974235,8.7,18.819365,0.0,,79.54577335,98.8982,0.0,47793117240.9001
2939,PHL,2005,4.2368181,4.5511745,4.9,19.07896,,,69.36187224,66.39151,59.7,107419977318.166
2940,NIU,2019,64.861149,28.787717,,7.9834757,,,,97.59123,1.7,
2941,USA,2000,27.53754,8.8076495,7.2,29.332796,0.7,,76.65847648,99.87273,0.0,10250952000000.0
2942,MLT,2022,32.287985,13.323025,,40.712742,,,,99.96442,0.0,19239187083.5194
2943,SWE,1990,8.7173961,4.1175734,6.2,,,,,,0.0,261469578630.804
2944,BHS,1994,22.617011,8.5068844,7.4,,,,,,0.0,3259000000.0
2945,ETH,2022,2.8227715,5.4535873,,9.4297638,,,,9.33622,93.1,126772707851.339
2946,CRI,2021,30.705613,23.766682,,49.3167,,,78.63053412,98.21147,3.9,64960725734.2362
2947,BRB,1994,17.963146,12.493009,7.8,,,,,,0.0,2151344901.30761
2948,MOZ,2010,5.5012558,5.3655781,4.3,7.9185472,,,53.33150279,21.31701,96.9,11411894723.864
2949,IRN,1991,11.017451,5.3675078,4.8,,,,,,26.3,131637664957.524
2950,DEU,2012,20.467617,10.351488,7.2,15.705011,,,80.59346041,99.22476,0.0,3597896500945.31
2951,SSD,2016,6.4081252,6.4334378,,16.43022,,,59.18616055,12.02581,100.0,
2952,CIV,2021,11.194982,9.0242736,,19.786116,,,63.5174083,36.29104,60.65,72794636649.4342
2953,GRD,1995,13.912626,9.3680777,6.0,,,,,,10.6,342172518.518519
2954,MUS,2015,17.121787,25.05441,,28.705423,,,74.12593279,95.46851,1.5,12007291045.6489
2955,IRQ,1990,19.467054,9.5442325,7.6,,,,,,82.45,180408064516.129
2956,PRT,2003,15.722115,7.5529143,7.5,43.456486,1.0,,77.31485554,97.92198,0.0,165226175536.793
2957,SAU,1999,25.838199,19.380677,8.8,,,,,,0.0,161717066666.667
2958,CMR,2014,12.265695,8.9975581,4.7,20.411648,23.8,,58.43615921,41.16336,77.9,36386544706.0806
2959,ZWE,2019,12.769172,9.3020648,,17.650299,,,59.07171997,35.77434,69.9,25715657177.4682
2960,JAM,2008,23.388015,13.183008,9.6,31.784296,,,70.6377363,84.23371,15.4,13709401520.0326
2961,CUB,2011,15.823519,12.684435,9.4,46.90522,,,78.52888871,86.72211,11.2,68990000000.0
2962,LBN,2001,20.725244,11.619086,8.0,35.978352,,,76.1562609,76.92373,,17649751243.7811
2963,KHM,2013,2.3896115,4.7880679,5.7,13.171944,,88.0,68.09456793,47.52402,83.6,19807135252.8649
2964,GLOBAL,2012,12.125423,10.414793,8.1,27.084133,12.8,,71.30778194,69.38805,40.35481655,
2965,WB_UMI,2020,14.691496,12.412457,,26.245312,,,74.89743849,,,
2966,THA,2019,13.548583,13.000649,,26.690542,,,76.92495279,98.42052,16.8,543976691793.886
2967,SGP,1991,4.2169075,10.179692,7.0,,,,,,0.0,45466164978.2923
2968,LBN,1992,15.544112,8.9225501,7.0,,,,,,,5843579160.90122
2969,KAZ,2019,17.639442,9.850549,,26.485956,,,73.20279408,97.86969,6.0,181667184854.501
2970,CYP,1996,16.50335,6.5238357,6.1,,,,,,0.0,10011914680.0502
2971,ISR,2010,21.784584,10.110938,7.0,30.996958,0.2,,81.53399975,100.0,0.0,239679036634.372
2972,ALB,2001,13.075367,5.9665672,5.9,20.348841,,,76.04202157,90.03095,60.7,4059064033.13379
2973,MWI,2009,3.8105052,4.5627765,3.9,8.0239534,,,55.72789905,20.703,97.7,9009887946.82039
2974,NIU,2015,62.674397,29.27506,,9.1585131,,,,98.25469,2.7,
2975,MLI,2011,7.3380135,4.7008354,4.6,33.497734,,,59.04750126,31.27028,99.1,15506843901.5459
2976,GNB,1993,2.3951547,5.0529733,2.9,,,,,,98.1,615779518.807114
2977,NLD,1997,10.224826,5.8246017,5.0,,,,,,0.0,417506211881.635
2978,IRL,2003,21.06296,4.9097426,6.2,36.896561,0.2,,78.02379273,90.35136,0.0,164670771259.602
2979,CYP,2011,21.427646,7.8834996,7.5,42.132275,0.0,,81.38772648,99.55045,0.0,27641547909.7011
2980,EST,2011,20.72363,8.0005601,9.0,14.301578,1.0,,76.28720152,99.21396,0.0,23303915794.7569
2981,NPL,2022,6.989485,14.368285,,8.2337427,,,,80.3927,58.9,41182939600.6209
2982,LUX,2009,18.144529,7.0195206,6.6,21.578672,0.0,,80.92194389,97.6465,0.0,54467289897.5582
2983,MRT,2021,21.94069,9.7459257,,39.430592,,,68.86843813,53.78156,51.9,9222536364.01272
2984,ARM,2010,19.463408,10.205108,11.0,24.271294,1.9,,73.01384261,90.88682,4.3,9260285755.62424
2985,PSE,2018,36.426532,14.503983,,32.035831,,,75.71172174,97.67959,,16276600000.0
2986,AND,1991,11.276915,5.2651234,8.2,,,,,,0.0,1106891361.53948
2987,GEO,1997,16.926669,9.8485984,8.3,,,,,,57.1,3510520231.21387
2988,PRT,2017,20.120077,10.660832,,49.567997,,,81.14657369,99.52031,0.0,220862990767.229
2989,VUT,2012,18.475892,13.799623,12.2,9.8463221,,,66.43172159,51.98299,87.0,747839697.746593
2990,IRQ,1992,20.66685,9.8677926,7.6,,,,,,75.6,553671957.671958
2991,CPV,2013,11.666516,7.6868847,6.7,27.034971,,31.0,74.70386595,66.09924,26.9,2028910915.16446
2992,CUB,2006,13.418125,11.157347,8.3,40.314693,,,78.02512407,84.27533,19.3,48835925925.9259
2993,MYS,1993,6.1365057,8.7230794,5.5,,,,,,4.1,66894966968.9736
2994,OMN,2012,24.863085,13.547802,7.5,36.239124,,,73.59906631,97.75339,0.0,87408842652.7958
2995,ALB,2022,23.360185,13.729645,,24.279688,,,,99.29927,14.6,19017244116.7203
2996,IRN,2011,19.549605,9.4545253,8.9,37.561588,,,76.87171379,85.78981,3.1,629082257472.368
2997,TUV,1995,50.165522,14.45058,13.4,,,,,,97.2,11922614.1984666
2998,SLE,1990,1.7091373,4.856202,3.0,,,,,,100.0,649644097.566129
2999,SWE,2011,14.597413,6.1132856,6.8,17.460331,0.5,,81.52274171,99.03382,0.0,570541353128.724
3000,ITA,2015,16.375813,9.9165916,,41.418053,2.0,,82.20433624,99.88546,0.0,1845428048839.1
3001,WPR,2022,8.460883,12.965392,,27.68153,,,,94.77709,14.0,
3002,ATG,2001,19.496109,11.264273,7.4,30.250439,,,74.69656338,,0.0,877774074.074074
3003,SVN,1991,11.797857,6.139522,6.3,,,,,,0.0,14454495058.907
3004,TZA,2002,4.1885335,5.2514486,3.3,12.376668,,,54.24829544,8.88565,99.3,14129651895.6911
3005,SYC,2016,26.60358,15.647241,,20.697405,,,73.07491735,99.15259,0.0,1568513348.14463
3006,TTO,2013,25.027981,24.549748,11.9,41.18578,,,74.31731073,93.34237,0.0,28560536917.4602
3007,HTI,1998,4.9361363,9.7428501,4.1,,,,,,97.7,3723903723.63772
3008,RUS,1997,17.729619,5.8954515,7.8,,,,,,0.0,404928954191.876
3009,BLZ,2015,37.278429,13.541083,,38.638065,,,74.30568158,87.21298,16.5,2193050000.0
3010,GUY,2019,26.19327,19.49821,,33.638718,,,68.73185311,89.14989,0.0,5173760191.84652
3011,BFA,1996,0.99072773,3.6685914,2.5,,,,,,98.1,2586550595.41013
3012,PHL,1998,2.9649753,4.1430291,4.2,,,,,,65.2,74492416329.9142
3013,LTU,2012,23.000419,11.257199,9.3,21.902224,1.0,,73.83806492,90.14628,0.0,42709372066.8627
3014,FJI,1995,20.434791,9.9867895,8.6,,,,,,72.1,1970301486.20561
3015,UGA,1990,1.0824892,2.9232835,1.4,,,,,,99.0,4304399310.30967
3016,SLV,1996,15.574068,5.8766127,6.2,,,,,,51.3,9586327800.0
3017,EMR,2012,21.793936,14.591348,10.4,35.341022,,,68.39586296,70.3857,32.14,
3018,CZE,1999,19.106445,6.6956304,7.9,,,,,,0.0,65586562604.8621
3019,GIN,1995,1.7923618,4.6752997,2.9,,,,,,99.5,5385704166.43341
3020,TKM,1993,9.3273774,9.9882022,4.6,,,,,,2.3,3179225948.58114
3021,ASM,1993,65.229076,19.380507,,,,,,,,
3022,PNG,2014,17.418428,17.78677,11.8,13.592094,,,65.75249158,18.82328,91.3,23210823987.308
3023,EMR,2010,20.556132,13.567816,9.8,34.286339,,,68.14019842,68.34034,33.66,
3024,EGY,1993,21.724097,9.0866499,8.7,,,,,,52.1,46578631452.581
3025,TZA,2012,7.4604489,5.3210173,4.1,7.2456031,,,63.07821297,20.89372,98.0,39650394362.9287
3026,BLR,2020,21.299523,9.4856843,,14.300471,,,73.01027649,99.48878,0.3,61371673344.7424
3027,EMR,1998,13.628393,9.7345665,7.0,,,,,,48.14,
3028,PYF,2007,40.881532,14.770918,,,,,,,,6631156405.59637
3029,COG,2009,7.0148692,8.8828325,4.9,19.091969,,,60.08941536,15.55069,84.45,9723299915.25312
3030,KOR,2016,5.0933383,11.596381,,48.571693,,,82.73176167,99.89124,0.0,1499679823909.61
3031,UGA,2017,5.663712,3.2220889,,6.2362919,,,65.21733648,19.99878,98.9,30744473841.424
3032,BTN,2019,10.446334,13.034026,,9.9505091,,,73.93027807,75.40367,13.0,2735683570.46155
3033,AUS,1991,13.403188,3.9069481,5.7,,,,,,0.0,325975319455.531
3034,FIN,1995,14.691009,5.2180972,6.8,,,,,,0.0,134060457516.34
3035,PNG,2001,14.119515,15.022071,7.5,18.642168,,,63.3735659,18.13217,94.6,3081024212.42924
3036,GNB,2014,8.4370054,7.1943395,5.2,18.4475,,,57.18296664,18.41614,98.9,1135250721.0374
3037,YEM,2017,11.278841,11.843415,,26.922899,,,67.67597451,52.61741,45.0,26842229044.5848
3038,AGO,1998,4.7576677,9.6374817,3.3,,,,,,60.4,6506221615.78722
3039,ROU,1991,8.5701302,3.8016066,5.7,,,,,,0.0,28850634899.856
3040,VNM,2001,0.32587268,3.928639,3.7,16.447779,,,71.97988323,51.8723,84.0,32685198808.5549
3041,GRC,1991,15.157802,6.9309644,7.2,,,,,,0.0,103680863712.844
3042,GAB,2010,14.660004,9.4448164,7.6,23.029163,,,61.73354089,44.01846,19.5,14372593020.2885
3043,SWE,2008,14.325191,5.9023142,6.8,20.677679,0.5,,80.9280163,99.08229,0.0,514616528348.834
3044,SVK,2002,16.027084,6.050415,6.6,26.509909,,,73.72313973,99.83486,0.0,35243658398.7546
3045,TJK,2001,10.971191,7.3755555,4.4,25.961697,,,66.35716048,90.22558,60.05,1080772551.29433
3046,COD,2015,4.9091328,6.9241852,,15.465877,,,59.96244072,17.70228,96.1,37917706497.1793
3047,SOM,2008,7.9984888,6.4607337,4.4,19.528761,,,50.31128296,25.90049,99.2,5913620292.90573
3048,FIN,2020,20.992588,10.8094,,10.63608,,,81.54461744,99.44796,0.0,270000311606.226
3049,GHA,2001,6.4944707,3.9813578,3.7,17.267477,,,59.15248936,6.34853,93.1,5314872854.4405
3050,ISL,1995,11.986017,4.1204385,6.9,,,,,,0.0,7123633418.19739
3051,EMR,2014,23.122464,15.74809,11.1,36.417191,,,68.82634221,72.45765,31.02,
3052,LBR,2016,12.356378,9.4198905,,18.169487,40.9,,62.21305435,19.07878,99.5,3398419600.0
3053,TGO,1995,2.1779923,3.7803873,3.1,,,,,,100.0,1849110468.19569
3054,THA,2020,14.1396,13.585182,,27.403921,,,76.50524949,98.71312,15.6,500461898480.246
3055,TKM,2021,20.982787,13.770767,,12.218757,,,69.12049331,99.81926,0.1,50007428571.4286
3056,DJI,1994,2.7632372,4.8484474,5.0,,,,,,96.7,491689220.744875
3057,SEAR,2010,4.077017,12.724541,7.1,28.736805,,,68.21992604,48.73943,66.13,
3058,HRV,2007,19.559102,8.5498609,8.4,16.557072,,,75.91802017,97.33779,0.0,59298265769.9946
3059,RWA,2013,2.6162062,3.3859093,2.8,12.419007,56.8,,66.2811484,63.07411,99.4,7819964024.13272
3060,TUR,2019,32.258266,15.671013,,43.740292,,,77.61966184,98.69299,4.9,761005915750.925
3061,LUX,2022,18.434404,7.7009417,,13.918783,,,,97.58593,0.0,80801680397.0139
3062,EUR,2015,21.002463,9.4802774,,24.791786,,,77.02127407,95.98554,2.65,
3063,ISR,2014,22.001614,9.8404959,7.2,29.299587,0.5,,81.37964957,99.97446,0.0,315017088116.716
3064,EUR,1994,14.642303,6.1364204,6.7,,,,,,6.6,
3065,GRD,2014,25.108254,17.936148,9.8,32.345509,,,72.54366171,91.49389,9.0,911496296.296296
3066,QAT,2015,38.301104,16.054839,,50.934158,,,77.79140376,99.93655,0.0,161739955576.923
3067,RWA,2016,3.2320216,3.7168656,,11.062975,55.5,,67.17638437,67.16185,98.7,8695272060.67925
3068,KGZ,2014,21.424668,8.8929623,8.6,18.265907,1.3,,70.89588242,96.76477,24.5,7468102412.68237
3069,SLB,1994,14.150652,5.3276841,6.2,,,,,,91.2,402837005.272596
3070,CRI,1998,15.982796,6.8307884,5.5,,,,,,11.9,13684255946.5765
3071,BLR,2016,21.199833,7.9155721,,15.015784,0.0,,73.8924593,97.88647,0.5,47723545321.259
3072,HUN,2018,28.959036,14.106758,,26.959616,,,76.08502162,97.98852,0.0,161184691013.835
3073,TCD,2014,4.8062664,6.9908001,4.6,19.40353,,,57.46459955,11.23775,96.2,18144336903.7175
3074,MKD,1994,15.100731,5.7077389,6.4,,,,,,55.7,3559608639.98379
3075,FJI,2011,27.476418,18.476537,15.0,18.622915,,,67.39745191,91.6111,65.9,3779411899.37483
3076,ZMB,2004,4.599835,4.2669732,3.5,17.043383,56.7,,48.77289416,23.34272,84.5,6221110219.45542
3077,SAU,1991,20.514935,14.885063,7.0,,,,,,0.0,132223230974.633
3078,FIN,2008,18.580849,7.4987248,7.5,19.576191,0.0,,79.5834765,99.44811,0.0,285698662071.094
3079,COG,2005,6.3141853,8.3866708,4.5,20.345779,53.4,,56.51057672,13.55111,88.6,6650001680.48544
3080,IRQ,2006,30.394214,13.15373,10.1,44.090271,2.1,,67.66517621,76.12196,11.2,65147051918.0219
3081,ASM,1990,63.024157,16.898513,,,,,,,,
3082,THA,2014,10.898519,10.501011,9.6,23.352156,0.0,,76.7567559,96.75388,22.3,407339040197.651
3083,MNG,1993,8.2380749,5.3658046,5.1,,,,,,79.2,768401634.154573
3084,LVA,2000,17.481056,6.6160381,8.1,21.008883,,,70.21458573,87.53536,0.0,7761252607.18424
3085,SLB,2019,21.426918,5.6782711,,19.269913,,,65.67290557,34.49241,91.4,1619155017.3924
3086,SRB,2005,15.878081,8.8531241,7.4,47.83091,0.9,,72.78382532,95.67314,37.4,28334256180.8801
3087,MMR,2008,4.5631796,7.1601287,5.4,21.516615,,,56.90830711,67.84164,93.4,31862554101.9378
3088,CPV,2021,15.22658,7.8811631,,30.713943,,,73.16097765,83.00309,17.9,2051842618.70539
3089,BRA,2011,18.356983,8.5041352,7.5,35.448753,4.7,,74.01518436,82.70058,5.6,2616156223917.69
3090,ATG,2004,21.585049,12.657759,8.2,31.332661,,,75.37748429,,0.0,1026329629.62963
3091,HRV,2018,27.369842,12.311999,,24.81008,,,78.33929688,96.14063,0.0,61668130122.5878
3092,DZA,2020,22.782825,16.968784,,28.429821,,,74.02004217,85.96547,0.3,164873415325.201
3093,SLB,2021,22.195581,5.5476967,,18.032318,,,64.79245685,35.01829,91.4,1522794913.0914
3094,ZAF,2008,27.420485,12.041607,8.6,48.840973,16.9,,53.91253666,66.50274,26.1,316131258616.309
3095,BIH,2007,15.8077,10.339998,8.6,16.449348,0.1,,76.26128187,95.1679,53.4,15778734264.3787
3096,ROU,2020,31.462517,15.38851,,34.738079,,,74.09623224,87.39567,0.0,252033792712.145
3097,GTM,1993,8.8910386,7.2459459,4.7,,,,,,54.1,11400017301.4587
3098,POL,1994,14.704412,5.7389267,6.8,,,,,,0.0,110803635287.621
3099,ISL,1996,12.446824,4.2060308,6.9,,,,,,0.0,7426082270.67669
3100,ZAF,1990,16.086629,8.353547,5.2,,,,,,57.6,126048140141.869
3101,ROU,2012,21.920428,8.8661835,8.0,27.233696,6.7,,74.34204624,80.69239,0.0,179117323107.087
3102,TKL,2002,60.478193,30.323824,,,,,,,67.4,
3103,BFA,1997,1.0874837,3.6804434,2.6,,,,,,97.9,2447669101.95178
3104,HRV,1994,12.780319,6.3517541,6.7,,,,,,0.0,15062911616.8222
3105,GRL,1999,17.421436,5.0530896,,,,,,,,1131555107.04907
3106,MNE,1992,9.712676,5.6617942,5.8,,,,,,35.7,
3107,EGY,2020,43.006209,24.120729,,33.491852,,,70.12068297,97.52156,0.1,383817841547.099
3108,UZB,2004,14.440919,7.0461117,5.6,11.110698,,,63.42369036,94.00229,15.4,12030023547.8807
3109,WSM,2012,55.66783,15.179808,21.4,22.758753,,,70.27478818,94.34551,71.5,773141661.165548
3110,ERI,1992,0.75003915,4.4978183,1.8,,,,,,98.4,477101651.648376
3111,USA,2014,37.944382,12.518023,9.1,32.508202,,,78.80026105,99.78305,0.0,17608138000000.0
3112,MUS,1998,11.8066,14.838244,9.7,,,,,,9.4,4225813976.36359
3113,BIH,1992,12.286405,6.5226845,5.1,,,,,,41.0,4735044707.23969
3114,SYR,2002,23.935741,12.219881,7.5,31.404638,,,72.00814832,88.74929,1.3,20669357462.3831
3115,SDN,2014,12.372776,9.6270986,,19.790491,,,68.08985985,33.66852,54.25,49516748617.9775
3116,GAB,1992,6.2538818,7.5124592,5.4,,,,,,51.5,5592390827.39854
3117,NGA,2019,11.007848,8.073847,,18.239992,,,63.06578367,43.27675,84.3,474517490844.461
3118,ISR,2016,22.080271,9.7074039,,28.515005,0.2,,82.22430729,99.96102,0.0,321940971558.016
3119,GAB,1996,7.7634081,7.989379,6.0,,,,,,43.3,5694040002.89863
3120,TTO,2003,21.441276,16.615018,7.4,37.448296,,,70.96473433,90.80047,0.0,11305459802.0683
3121,WB_UMI,2018,13.646598,11.400834,,25.619061,,,75.50618266,,,
3122,COL,1997,10.461181,5.0936088,5.3,,,,,,25.2,106656492293.614
3123,SYR,2001,23.327692,11.984171,7.3,31.092632,,,71.76491508,88.59343,1.3,20237024724.7039
3124,PLW,1995,35.150337,15.977253,14.9,,,,,,0.0,121018500.0
3125,CZE,1996,19.060718,6.5259755,7.8,,,,,,0.0,67804105329.8557
3126,PRT,2012,18.694066,9.4464347,8.8,47.54388,0.7,,80.21024339,98.98661,0.0,216536676771.973
3127,ALB,1995,11.565158,4.9763542,4.9,,,,,,74.5,2905092798.61916
3128,MRT,2000,9.1334887,5.1862333,4.9,61.101395,19.6,,62.9207429,17.99972,70.2,1779520886.47015
3129,BLZ,2019,40.123248,15.123735,,40.263264,,,74.86586064,88.1985,16.6,2388300000.0
3130,ASM,2016,73.475349,31.35514,,,,,,,,671000000.0
3131,TUV,2022,64.199525,13.380449,,24.441936,,,,83.54633,23.25,59065982.0873657
3132,NAM,1991,6.3314572,5.3949464,2.9,,,,,,71.1,2996869281.48364
3133,SEN,2010,7.2646976,6.2795371,4.8,18.764486,,,65.56526204,47.47462,66.7,16121315909.0758
3134,NGA,1990,2.2518495,4.8333202,2.7,,,,,,99.3,54035795387.8086
3135,MMR,2010,4.9023073,7.6249301,5.8,21.506086,,,64.64371806,68.82982,90.7,49540813342.4834
3136,TUR,1995,21.121465,6.7500755,6.8,,,,,,15.3,169319579016.25
3137,ZMB,2012,6.8440765,5.4478142,4.0,15.332421,,,58.68526361,30.05341,84.6,25503060420.026
3138,WB_LI,2022,9.6243791,8.7524705,,17.044704,,,,,,
3139,SWZ,2011,22.580491,7.621634,6.2,21.420279,,,48.07568339,57.37449,59.4,4820478680.18375
3140,MNE,2019,16.910724,12.944128,,22.010254,,,76.83999351,97.5023,38.5,5542054181.12616
3141,SWE,2012,14.634913,6.1856858,6.8,16.446316,0.5,,81.46624768,99.01735,0.0,549742183874.355
3142,SYR,2008,27.205315,13.275482,9.3,33.262268,,,73.54815311,90.4261,1.4,52557913568.9549
3143,PRT,1994,12.532493,6.1301451,6.5,,,,,,0.0,99688641304.3478
3144,WB_HI,1994,13.841213,7.1568482,6.6,,,,,,,
3145,SLV,2012,25.268918,10.58831,8.5,34.956669,4.1,,75.27280087,84.49298,19.6,21386150000.0
3146,TCD,2021,6.3923098,8.7898634,,17.970995,,,59.08581443,12.82352,92.0,16871937697.5854
3147,GIN,2016,7.0846222,6.8331912,,17.001173,,,59.83918056,24.14984,99.1,8595955222.49719
3148,COM,1998,5.0250083,4.0113766,3.7,,,,,,99.6,370106745.930146
3149,CRI,2015,26.813278,18.84997,,47.272511,1.5,,80.57423676,97.06902,5.7,56441920820.5538
3150,TLS,2007,0.81786634,3.3182058,3.8,19.488777,47.0,,66.33184634,41.5834,97.2,542795400.0
3151,PRI,2020,39.782196,28.859267,,40.801857,,,79.93442802,,0.0,103130900000.0
3152,MDA,2014,22.994339,8.5633971,9.3,12.357495,0.0,,71.10984715,79.58419,4.2,9402090137.7423
3153,CAF,2015,6.7192227,14.913799,,16.900335,,,50.96983096,15.96319,99.4,1695825714.19282
3154,NAM,1998,8.9582726,6.2361225,3.4,,,,,,67.1,3873109865.55683
3155,CRI,2001,17.896299,8.0118179,6.0,42.151588,4.7,,78.07165726,93.92662,10.7,15976174336.9721
3156,BGD,2002,1.0050887,10.106643,5.7,21.42046,,,66.35390682,27.65545,91.7,54724081490.5102
3157,SDN,2003,7.8691348,10.837287,,22.276091,,,63.67737719,20.63883,87.3,21355298459.5955
3158,PHL,2002,3.6660563,4.261237,4.6,15.727784,,,69.42147225,65.09507,60.7,84307345887.543
3159,CYP,2007,20.607986,7.7581033,7.1,42.489197,0.0,,80.21271187,99.63653,0.0,23968727073.6381
3160,KHM,2020,3.8321856,8.289136,,13.20397,,,69.84097141,70.2491,59.4,34818073901.4851
3161,IRN,2006,17.61557,7.5093776,7.2,33.772709,0.4,,75.20305104,82.5614,4.4,265602187406.199
3162,PYF,2018,45.961571,16.920291,,,,,,,,6135116253.33452
3163,NOR,2001,12.381049,6.191428,6.4,32.171249,,,78.74570455,98.07087,0.0,174239354070.977
3164,CHE,1994,9.6719697,4.411428,4.8,,,,,,0.0,301375055202.164
3165,TUV,2017,61.450106,14.072253,,26.700148,,,,83.43375,28.7,45276595.3533146
3166,BWA,2008,13.419144,5.9324116,5.2,26.320862,,,56.1793813,63.34246,44.1,10730829116.4105
3167,ISL,2003,15.775628,4.6412501,7.0,31.525045,0.0,,80.56916041,98.79495,0.0,11429333037.8443
3168,BTN,2007,5.3042028,10.668398,7.9,11.103434,8.0,,70.47630807,57.88901,45.1,1255767964.00491
3169,SWZ,2002,16.810453,6.8145648,5.3,24.212793,,,43.63857902,49.98035,72.2,1432221739.12342
3170,MLT,1990,22.793818,6.8397418,7.4,,,,,,0.0,2547328747.50761
3171,TKL,2004,61.405706,32.590866,,,,,,,67.0,
3172,AMR,2009,25.812206,10.58998,8.0,31.452482,,,76.16933635,88.08926,9.46,
3173,MDG,2001,1.1892941,5.3543527,2.9,16.134918,68.7,,59.24814899,4.27624,98.8,5438332601.90798
3174,UGA,2012,4.1658923,3.0942898,2.6,7.3619275,35.9,,61.8009059,18.95618,99.1,27305915910.7877
3175,ZAF,2020,30.315068,12.505317,,45.339386,,,64.30356494,76.13945,11.9,337974655408.055
3176,POL,2018,25.256565,12.27043,,33.902809,,,77.56054122,98.95542,0.0,594616632477.019
3177,PRK,2020,9.817116,14.063311,,26.170551,,,72.37904945,84.66547,87.9,
3178,DEU,2017,20.388296,10.480399,,13.702951,,,80.75116875,99.22504,0.0,3763092263752.95
3179,PHL,1999,3.1343009,4.1537598,4.3,,,,,,63.7,85640171045.1254
3180,DNK,2005,11.809556,3.9564949,6.0,22.905769,0.2,,78.13130379,99.59724,0.0,265150087711.985
3181,AMR,1997,18.17465,7.6874964,6.3,,,,,,14.19,
3182,PNG,1996,13.043863,14.001815,6.4,,,,,,94.9,5155311077.38998
3183,MNE,2007,13.380612,8.216998,7.9,20.181864,0.4,,74.67252275,91.17759,35.3,3680711743.77224
3184,BTN,1994,2.2128647,8.3445176,5.7,,,,,,90.0,258954708.048533
3185,MUS,1990,8.476422,11.331166,7.7,,,,,,25.6,2689212760.18576
3186,SUR,1997,13.954967,8.6045265,7.6,,,,,,30.1,926422500.0
3187,BRN,2007,19.185632,10.872632,7.9,28.063038,,,76.66441769,81.23129,0.0,13432029495.6785
3188,CIV,1993,2.6966283,4.292959,3.2,,,,,,83.9,11045760288.1206
3189,ERI,2014,2.9839834,6.1600357,3.4,11.886258,,,62.18741649,11.73668,90.1,
3190,GNQ,1992,6.2522113,6.9226675,2.8,,,,,,84.7,134707183.84662
3191,PHL,2018,7.3764674,8.9353979,,38.502628,,,69.67627942,80.09069,49.8,346841896587.313
3192,BDI,1999,1.4668674,5.1603761,1.7,,,,,,99.7,808077223.365746
3193,LAO,2006,3.3999126,4.7488891,4.9,16.008717,,,61.98382706,45.84715,97.7,3455030060.9785
3194,USA,2009,35.220352,11.139276,8.4,31.739649,,,78.42393798,99.87024,0.0,14478067000000.0
3195,NER,2020,5.4369494,5.1197782,,16.581678,,,60.39192551,15.28808,96.2,13744653103.058
3196,ECU,1999,13.118266,5.1765822,4.9,,,,,,12.6,19645272636.3182
3197,NIU,2012,61.179197,29.660538,25.2,10.393975,,,,98.75229,4.3,
3198,THA,2002,6.2767617,7.2378129,6.5,16.807274,1.1,,71.71439141,92.96899,37.1,134300904400.022
3199,BLZ,2016,37.989432,13.908361,,39.042126,,,74.39638983,87.53478,16.6,2240200000.0
3200,PAK,2019,19.606707,23.053446,,42.831306,,,67.02931501,65.38994,52.1,320909472770.669
3201,PYF,2014,43.952248,15.953255,,,,,,,,6151996560.84289
3202,MOZ,2009,5.2189287,5.3762127,4.2,7.8559017,,,53.32648003,20.06456,97.1,12263894790.0125
3203,MLT,2012,30.308446,12.438929,9.9,47.74416,0.2,,80.93951926,99.96467,0.0,9609532105.58909
3204,BGD,2017,3.7338804,14.989088,,20.384554,,,73.37868377,51.82404,79.4,293732446624.596
3205,PRI,2015,36.490139,25.776652,,38.898365,,,80.5149692,,0.0,103375500000.0
3206,BWA,2021,17.868389,6.9218591,,22.465147,,,61.23119159,80.29223,34.4,18750182234.5317
3207,GIN,2022,9.5341817,8.4204085,,16.701309,,,,31.27074,99.0,19910452541.9219
3208,ISL,2001,14.847779,4.4667423,7.0,32.072006,,,79.99493866,98.79718,0.0,8234846804.60582
3209,GIN,1991,1.3090242,4.4519976,2.5,,,,,,99.6,4396178694.1535
3210,WB_UMI,1992,5.9663802,5.0451759,5.0,,,,,,,
3211,VCT,2012,26.558062,12.670892,9.7,27.398199,,,72.98728933,86.2035,4.9,730032592.592593
3212,ZMB,2011,6.531591,5.2096792,4.0,15.524549,,,58.02295113,29.24151,84.2,23459515275.5776
3213,ARE,2018,32.003281,20.066649,,63.210701,,,81.16639668,99.10102,0.0,427049432157.931
3214,AZE,1992,12.747079,6.6807851,5.8,,,,,,53.9,444658671.586716
3215,CMR,1994,4.3098211,3.9507195,3.2,,,,,,94.1,8902446252.18372
3216,GBR,2009,23.997702,7.8076772,7.3,29.965765,0.2,,80.03183927,99.11956,0.0,2412840006231.5
3217,AUT,2008,13.807473,6.9665045,5.8,28.163496,0.5,,80.26667316,99.98933,0.0,429234399096.173
3218,MNG,2008,15.041535,7.0042402,7.3,12.686999,,,66.90211117,53.78757,68.7,5623216608.04288
3219,CPV,2012,11.324172,7.6747373,6.5,26.642101,,,74.4642814,63.95307,28.2,1913081210.41411
3220,PRT,2021,21.425664,11.79179,,51.23217,,,81.17961003,99.66232,0.0,256055879091.139
3221,AFR,2007,7.882395,6.4396963,4.4,20.189066,,,57.29451181,28.2978,85.45,
3222,BEL,2015,18.358223,7.4458882,,31.791275,0.0,,80.70631194,99.48616,0.0,461044767544.531
3223,MOZ,1997,2.4989201,4.9131308,3.1,,,,,,98.2,4873663774.93019
3224,BMU,2003,20.525794,14.979455,,,,,,,,4186525000.0
3225,WB_UMI,2022,15.828548,13.515185,,26.899572,,,,,,
3226,AUS,1990,12.763855,3.7772872,5.6,,,,,,0.0,311426665219.971
3227,TKM,2000,11.730001,12.838252,5.5,17.13912,,,65.56917712,92.96776,0.7,2904663310.9825
3228,DJI,2010,6.5167904,6.1297204,5.9,18.05238,,,62.01403181,54.93259,93.5,1128611700.3618
3229,WB_UMI,2021,15.249,12.94824,,26.571098,,,74.23577164,,,
3230,COM,2010,9.8140709,4.0495038,5.1,12.313942,,,65.96560133,34.32662,96.8,907979446.419588
3231,NER,2019,5.1939301,5.1211692,,16.797136,,,60.57303502,14.79004,96.6,12889555561.2299
3232,KEN,1990,2.2550955,3.0736344,2.1,,,,,,99.8,8572359038.16958
3233,GAB,2022,21.018523,11.996814,,20.818705,,,,49.89623,9.0,20440655695.229
3234,MNG,2010,16.320732,7.4344955,7.9,14.360735,0.8,,67.10227644,56.68923,65.1,7189481998.90094
3235,MDV,1999,5.9000164,4.8365649,6.1,,,,,,82.5,589239753.610875
3236,JOR,2014,36.873448,14.535999,13.1,27.87953,,,77.96984738,97.64909,0.1,36847643521.1268
3237,PRY,1999,16.750753,6.5914623,4.6,,,,,,52.0,8837070235.51892
3238,VEN,2000,18.986607,7.664571,7.2,35.721725,,,74.03248641,86.39916,2.4,117146466002.661
3239,PYF,1999,37.877765,12.70417,,,,,,,,3911602004.14205
3240,SRB,2018,20.601805,13.747931,,45.338448,,,75.88354818,97.84061,23.1,52787520248.9242
3241,VNM,1991,0.21244807,4.0937997,3.0,,,,,,99.2,9613369520.41885
3242,PAK,1997,4.7376446,9.3622588,6.6,,,,,,80.0,62433340468.0228
3243,PYF,2021,47.551656,17.820045,,,,,,,,6150640646.38319
3244,MDA,2000,20.276162,6.0413674,6.6,15.922764,35.7,,65.65922366,71.59462,36.9,1288429391.79951
3245,CHE,1990,9.1681086,4.0252645,4.5,,,,,,0.0,265763573999.424
3246,DEU,2008,20.250171,10.113311,6.9,17.389458,0.0,,79.87792037,99.22297,0.0,3808786022312.5
3247,LAO,2012,4.7175355,5.5181954,5.4,15.638524,22.7,,65.52691412,61.63042,95.7,10192846339.4029
3248,SDN,1995,5.1834218,8.9271985,,,,,,,97.8,13830363899.9163
3249,TKL,2001,60.001159,29.262778,,,,,,,67.75,
3250,STP,1992,3.7341803,5.6048077,4.7,,,,,,99.9,94861780.6228352
3251,CAF,2008,4.8997458,13.513476,4.7,18.083235,66.3,,48.29879732,18.71103,99.5,1993407888.49838
3252,TUN,2010,21.09876,11.123253,10.6,27.216513,2.0,,76.21500138,86.81155,0.7,46206091937.9628
3253,IND,2002,2.108432,12.068912,6.2,24.358248,,,64.16827815,19.53662,75.1,514939140318.756
3254,ARG,1999,17.672749,7.8317285,8.4,,,,,,4.7,283523000000.0
3255,SLE,1999,3.3663776,5.5548944,3.4,,,,,,100.0,669386623.951402
3256,IRL,2011,24.72886,6.1138399,6.9,30.423418,0.5,,80.38545702,89.81554,0.0,241337364609.738
3257,IDN,1993,1.7278515,4.0580109,4.0,,,,,,97.0,158006700301.533
3258,GAB,1994,6.9700949,7.7575468,5.7,,,,,,47.4,4190819344.22255
3259,MDA,1991,18.309431,5.1380187,5.8,,,,,,59.4,3094565870.64237
3260,AFG,2017,14.325637,16.831511,,30.270641,,,60.8752198,47.47762,69.85,18753456497.8159
3261,KNA,2020,44.270447,20.843081,,40.826981,,,,,0.0,883922222.222222
3262,GNB,2009,7.0646398,6.2807761,4.7,19.503386,,,54.71780339,12.28236,98.9,890167833.369849
3263,KIR,2021,45.981333,17.173323,,32.297047,,,60.87345633,44.50616,86.7,285259893.983064
3264,YEM,2010,8.4176399,9.634757,6.8,24.119707,,,67.95702862,49.75451,40.8,30906749533.221
3265,BLZ,1998,23.86588,7.3697887,6.9,,,,,,22.6,929500000.0
3266,UGA,2002,2.2596002,3.3003315,2.0,10.906897,65.1,,50.65046911,16.81515,99.2,6178563591.12051
3267,GBR,2017,25.767446,9.9736489,,22.829102,,,80.92411386,99.1103,0.0,2680148052335.3
3268,LCA,2008,23.198394,12.935403,10.5,23.055822,,,75.53396399,84.06635,5.3,1437731111.11111
3269,BLZ,2017,38.701493,14.278729,,39.448395,,,74.56128899,87.85852,16.6,2266300000.0
3270,YEM,2011,8.7788574,9.8660514,7.0,24.478291,,,68.13030665,50.14319,40.9,32726417878.2975
3271,AMR,2001,20.843913,8.3898291,6.9,29.01474,,,74.30398059,84.4976,12.04,
3272,PAK,1998,5.0635546,9.5639721,6.7,,,,,,78.8,62191955814.3478
3273,AFR,1993,4.140109,5.2630991,3.1,,,,,,87.88,
3274,WB_LI,2002,4.0451106,6.4426087,3.7,18.587784,,,55.01066748,,,
3275,TZA,2011,7.0764832,5.3495333,4.0,7.6622443,49.1,,62.26370092,19.70431,98.3,34657140096.4836
3276,SYR,1992,18.110941,9.7104199,5.6,,,,,,4.3,13253565861.1424
3277,IND,2013,4.36376,15.726691,7.6,37.502468,,64.0,68.51609058,51.69445,57.6,1856721507621.58
3278,ITA,2012,16.080904,9.2584915,8.2,42.064499,1.2,,81.83712041,99.88564,0.0,2097929495121.68
3279,LBY,2002,25.828162,13.871434,9.0,35.070961,,,73.4501765,90.5347,,20481889763.7795
3280,PER,2019,24.375686,13.655005,,32.851173,,,78.29293866,76.70944,15.6,228346006003.648
3281,GIN,2002,3.2137517,5.1884804,3.5,19.292494,62.2,,55.1808226,10.61144,99.2,4301608752.51396
3282,FRA,2007,12.355767,6.4746857,7.5,34.327606,0.0,,80.79627532,98.65774,0.0,2655816911866.56
3283,DMA,2022,31.340772,25.527015,,30.515839,,,,,13.2,623062962.962963
3284,CRI,2020,30.037138,22.917359,,48.975903,,,79.99304212,98.03481,4.1,62395610759.9798
3285,RWA,1997,0.8472438,2.8194381,1.5,,,,,,99.9,1851558197.31088
3286,ITA,1992,12.289067,6.0539193,6.4,,,,,,0.0,1323204350353.5
3287,IRN,2008,18.40712,8.1520349,7.8,35.283783,,,75.92719356,83.88698,3.6,406070949550.867
3288,CAN,2005,22.663845,7.5704567,6.6,28.462738,,,79.95094625,99.86396,0.0,1173108598778.68
3289,FSM,2013,42.798719,28.948975,17.7,34.754787,15.4,41.0,65.16296685,78.19037,87.9,317214400.0
3290,OMN,2001,18.847424,11.95211,6.6,32.135468,,,72.18472491,89.15278,0.0,22205721716.515
3291,NRU,1990,66.083664,25.546494,23.0,,,,,,0.0,55572375.5290496
3292,ETH,1995,0.46826233,4.2910125,2.5,,,,,,99.2,7855205206.93405
3293,TZA,1996,2.8495841,4.6223793,2.8,,,,,,99.6,9433528150.36609
3294,HTI,1996,4.4382848,9.0758733,3.8,,,,,,97.9,2907517603.76719
3295,ISR,2020,22.314496,9.4730459,,27.141121,,,82.36508912,99.93602,0.0,410768352657.612
3296,SDN,2007,9.4650909,10.783222,,21.2936,,,65.760154,24.3296,76.9,59440139774.8128
3297,SSD,2021,8.1932627,7.3029824,,16.249422,,,58.57353884,15.94723,100.0,
3298,PYF,2010,42.14502,15.258518,,,,,,,,6086644798.55982
3299,EGY,2001,28.74904,11.215538,10.9,30.779848,,,68.84530776,91.54473,13.8,96684636118.5984
3300,PER,2010,17.048934,6.2632963,6.3,28.623602,5.5,,78.21420603,71.26425,34.3,147527631520.729
3301,SLE,2003,4.3843564,5.8825996,3.7,17.098318,60.6,,51.5179057,8.39095,99.9,2142618045.93129
3302,GAB,2005,12.214858,8.9217208,7.1,24.361561,8.0,,59.68914077,38.86724,27.4,9582783990.85345
3303,ZMB,2017,8.6750649,7.1329638,,14.550792,,,61.28533224,33.97176,87.2,25873601260.8353
3304,CZE,2002,19.403131,7.0187137,8.2,23.878506,,,75.36384265,99.11503,0.0,82607869609.574
3305,BEL,1992,12.490756,4.4111609,6.7,,,,,,0.0,234781652446.675
3306,MMR,2021,7.162372,12.777536,,21.9055,,,67.84580637,74.1055,55.5,66345291160.1683
3307,JPN,2013,4.0109433,9.0800211,10.0,37.831394,,,83.56021789,99.96421,0.0,5212328181166.18
3308,YEM,2018,11.728492,12.159506,,27.358828,,,66.38937201,53.12702,45.9,21606160663.0131
3309,DNK,2016,12.746185,3.6017679,,15.310444,,,80.71406105,99.59723,0.0,312181849372.233
3310,CHE,2019,11.94336,5.9856843,,19.953806,,,83.47957563,99.89987,0.0,721369112726.724
3311,IDN,2021,10.590944,11.858141,,18.716705,,,68.26167935,86.65564,13.1,1186509691086.73
3312,BRB,2016,33.667246,25.302583,,41.548119,,,76.32461251,96.85555,0.0,5330761500.0
3313,TLS,2017,1.6186684,4.5854669,,23.934874,,,68.23558592,53.01337,88.8,1584878400.0
3314,COD,2021,6.3491486,7.506936,,14.904122,,,61.62552641,16.14617,95.4,55328482783.5393
3315,ITA,1997,12.874654,6.6902541,6.8,,,,,,0.0,1244988176443.84
3316,MDV,2002,6.9538504,4.9485918,6.7,25.177256,10.0,,71.06296933,77.65151,58.5,897031250.0
3317,DZA,2022,23.814993,17.990856,,29.036757,,,,85.82629,0.3,225638456572.143
3318,FSM,2008,40.608403,26.499471,15.7,38.340935,,,64.49273801,57.75117,88.75,263145100.0
3319,CIV,1990,2.1585548,4.1250356,2.9,,,,,,84.0,10795850582.779
3320,NAM,1993,7.0112661,5.6211304,3.0,,,,,,70.1,3251188833.14533
3321,JOR,2017,37.659955,14.746532,,28.054565,,,79.14251842,97.39147,0.2,41608435915.493
3322,CMR,2006,9.7058058,5.24172,4.0,22.713194,,,54.52792524,39.27077,84.4,20910512974.933
3323,KNA,2015,40.827677,18.170406,,38.649147,,,,94.95359,0.0,957222222.222222
3324,FJI,1998,21.460678,10.865013,9.4,,,,,,71.6,1653146716.58235
3325,TUN,1991,12.330975,6.8197399,5.6,,,,,,44.5,13074782608.6957
3326,CRI,2019,29.380527,22.086181,,48.636703,,,80.30073211,97.85322,4.4,64417670521.3339
3327,IND,2015,4.9092956,16.619599,,40.110416,,,69.3779891,57.77572,51.6,2103588360044.94
3328,PYF,2016,44.935206,16.377093,,,,,,,,5497036476.8031
3329,LUX,2003,16.987529,6.5625951,6.6,25.507832,0.0,,79.03207074,97.68866,0.0,29667268248.1305
3330,BLR,1998,17.829415,5.283206,7.6,,,,,,9.8,15221352698.8944
3331,SOM,1994,3.8103223,5.3481456,3.3,,,,,,99.8,1481205097.98113
3332,AUT,2015,14.404292,7.1475372,,23.59984,0.7,,80.98621911,99.9767,0.0,379546097300.633
3333,GTM,2004,14.97687,10.704154,6.3,13.757281,,,69.65899192,63.08791,61.9,23577298094.6571
3334,THA,2008,8.3575502,8.5335441,8.0,19.871111,0.1,,74.46372111,94.75303,29.2,291382982430.951
3335,EUR,1999,16.294427,6.8226896,7.1,,,,,,5.04,
3336,BGD,1997,0.62073204,8.8674955,4.9,,,,,,92.8,48244309133.4895
3337,MNE,1993,9.8765768,5.7626963,6.0,,,,,,34.7,
3338,BWA,2007,13.046628,5.8916882,5.1,26.656675,,,55.77024629,61.60233,45.2,10567270655.5027
3339,BEL,2016,18.567449,7.7473156,,30.81691,,,81.07460591,99.48618,0.0,474271566739.729
3340,AFG,1996,3.0997425,8.9024022,5.0,,,,,,96.8,
3341,MMR,1995,2.5099404,5.8331449,3.7,,,,,,99.3,5289174942.53404
3342,IRN,2013,20.347933,10.476518,9.8,39.117985,0.1,,77.19669632,87.00301,3.0,500399839839.877
3343,PER,2008,15.79605,5.2674629,6.0,27.883539,9.0,,78.86141336,70.00359,37.8,120550599815.441
3344,MNG,2012,17.636368,7.982178,8.7,16.195513,0.4,,67.84058521,59.14789,61.4,12292770631.565
3345,SWE,2016,14.79968,6.5714248,,12.828642,,,82.00943962,98.94971,0.0,514218206628.325
3346,BRN,2012,23.280893,12.176163,8.7,29.461521,,,76.89700471,87.31447,0.0,19048443339.9457
3347,BEL,1997,13.759227,4.8003875,6.6,,,,,,0.0,252708051420.839
3348,MDV,2011,10.764404,5.8624025,8.0,24.416893,,,75.10252928,89.08443,5.0,2774350240.04918
3349,DMA,1998,16.04155,13.604812,7.4,,,,,,22.7,322411111.111111
3350,UZB,2019,27.358216,14.46842,,27.520666,,,72.27007322,95.93922,18.05,67293639798.3996
3351,BGR,2001,14.100829,7.9673357,8.0,20.595387,,,71.85118008,85.83529,,14183446025.7389
3352,LUX,2017,18.222183,7.2551481,,16.492136,,,82.70166924,97.60054,0.0,65712180342.9836
3353,GNQ,2014,14.496323,10.00877,7.6,20.776119,,,61.53172347,66.11511,76.1,21765453081.9826
3354,DZA,2003,14.743079,10.114248,7.1,24.384834,,,73.27414327,85.29916,2.2,73482264190.9245
3355,LSO,2000,10.765009,5.0611485,4.9,13.077026,,,47.38127672,8.05081,84.1,887291687.920796
3356,TGO,2013,7.4530482,5.5276688,4.8,14.00191,,95.0,60.71230247,15.01993,94.8,6021732977.26584
3357,MOZ,2002,3.4494415,5.3003028,3.6,7.6502876,81.0,,51.47014119,12.25726,97.9,5950769426.60213
3358,MMR,2002,3.5304707,6.2746257,4.4,21.453787,,,60.19994618,64.56597,97.7,6777632512.0781
3359,AUS,2011,25.353968,7.176879,7.1,26.150757,,,81.93172968,99.99624,0.0,1398610616772.97
3360,ROU,2003,13.548703,4.7693957,6.7,20.516998,,,71.23111832,74.46314,0.0,57806384143.166
3361,NIU,2021,66.046768,28.943664,,7.5590305,,,,97.42536,1.5,
3362,SLB,2004,16.738185,6.2705852,8.2,32.295219,,,63.61418491,21.21868,91.6,468005318.551977
3363,GAB,2017,17.990433,10.58315,,21.417599,3.4,,64.52552888,49.20331,12.3,14929487485.1623
3364,URY,1993,13.743259,8.9625828,8.9,,,,,,0.0,15002136971.1745
3365,AMR,1999,19.506013,8.0175623,6.6,,,,,,13.05,
3366,AZE,2009,19.849706,9.4981492,9.4,22.419443,,,69.37470529,82.23722,7.8,44292427184.9492
3367,KIR,2020,45.663396,17.369729,,32.708973,,,61.87697198,44.26763,88.1,220897998.732518
3368,TON,2012,62.774438,20.491633,20.7,30.677296,,,72.2449478,92.6148,35.1,471122971.305043
3369,MLI,2000,3.5776753,4.2392086,3.5,36.903286,,,53.05862872,15.41019,99.3,2961484953.86444
3370,HTI,1997,4.6819009,9.4000325,4.0,,,,,,97.7,3338949151.59927
3371,MDG,1993,0.72666593,4.4940725,2.5,,,,,,98.6,4063298919.2868
3372,IRN,2019,23.061267,13.581844,,43.95628,,,77.78361908,90.02109,3.5,333519146339.191
3373,VNM,1999,0.28830336,3.9315354,3.6,,,,,,89.3,28683659006.7752
3374,ROU,2000,11.591985,4.1269898,6.4,18.835167,,,71.14174922,,0.0,37253739511.1273
3375,USA,1990,18.605965,7.4968576,5.8,,,,,,0.0,5963144000000.0
3376,ARG,2017,30.572641,10.666595,,37.095299,0.4,,76.64354126,,0.2,643628393281.364
3377,UGA,1999,1.8470351,3.2798585,1.8,,,,,,99.2,5998563257.94659
3378,SLV,2013,25.846514,10.778337,8.7,35.36948,3.2,19.0,74.78717919,84.84975,17.85,21990960000.0
3379,MNG,1997,9.5081411,5.689697,5.3,,,,,,78.4,1180934202.83801
3380,QAT,1994,21.125554,11.242121,8.4,,,,,,0.0,7374450769.23077
3381,MEX,1995,18.035282,10.425007,6.6,,,,,,21.1,380157469866.849
3382,GBR,2013,24.967778,8.8008769,7.6,26.288063,0.2,,80.68571114,99.11486,0.0,2784853502534.29
3383,COM,2013,11.173488,4.1409478,5.7,13.302046,17.9,74.0,66.72653391,34.80212,95.5,1116223107.03168
3384,TON,1996,51.348317,15.125792,13.5,,,,,,76.0,222100576.345483
3385,HRV,2004,17.602542,7.8730188,7.9,14.724196,,,75.62048664,97.90027,0.0,41836292157.3335
3386,MUS,2016,17.369857,25.553173,,28.836771,,,74.15809377,95.46355,1.4,12594155464.4136
3387,NRU,2005,66.100061,23.714362,27.1,42.167053,,,,65.63678,0.0,30282840.1864799
3388,GEO,1990,13.647959,7.6871499,7.4,,,,,,65.35,7735927263.59261
3389,GRL,2020,26.199615,7.1752645,,,,,,,,3089625554.40473
3390,MHL,1996,36.26537,22.820304,13.4,,,,,,97.0,110858000.0
3391,KIR,2003,39.793223,19.756442,16.0,40.971226,,,60.80039427,35.21906,99.0,96105619.3795504
3392,ARG,2010,24.722156,9.5577314,9.6,35.452991,1.1,,75.76938267,92.31283,0.8,423627422092.49
3393,GIN,2017,7.4361354,7.0494086,,16.907207,,,60.25359445,25.27932,99.1,10324668271.1362
3394,UGA,2009,3.497117,3.147617,2.4,8.2623053,44.6,,59.05814244,18.32081,99.2,25127805566.6584
3395,LAO,2011,4.4754315,5.320821,5.3,15.684737,,,65.03889894,59.03639,96.1,8750104617.17303
3396,PRI,2002,27.330205,16.999429,,34.128723,,,77.12054839,,0.0,71623500000.0
3397,HTI,2008,7.4458458,13.971716,5.7,23.863192,,,60.2556984,25.08643,96.5,10432962634.8748
3398,FJI,1993,19.799125,9.5459446,8.1,,,,,,72.3,1636101246.9394
3399,QAT,2016,39.081308,16.396588,,51.306618,,,78.22428304,99.93655,0.0,151732181868.132
3400,FJI,2000,22.213936,11.676497,10.1,24.221161,,,65.82507716,87.59058,71.6,1678219507.89829
3401,DZA,2011,18.280864,12.526605,9.4,25.991594,0.5,,75.4488721,87.18924,0.7,218331946925.304
3402,MWI,2021,7.3281646,3.6857385,,2.9224184,,,62.48652597,47.10713,98.3,12378129750.9872
3403,NOR,2008,15.390398,6.6819325,6.6,33.526432,0.2,,80.49471477,98.06442,0.0,464917553191.489
3404,COK,2004,57.015634,28.38729,22.2,51.045864,,,,82.61614,17.7,
3405,MLT,2014,30.625662,12.773478,10.1,46.277828,0.0,,81.45292313,99.96462,0.0,11888032861.804
3406,NIC,2003,21.716596,7.2636403,6.1,31.946951,,,75.81400954,60.0286,62.8,5322228350.58068
3407,PRI,2013,35.207483,24.508487,,38.155739,,,79.37939532,,0.0,102450000000.0
3408,CMR,1996,5.0146531,3.9827488,3.3,,,,,,93.0,11093538846.4483
3409,MKD,2016,24.159172,11.312832,,24.455803,,,75.56274435,96.06481,25.0,10672467073.2873
3410,KGZ,2013,20.754609,8.5576192,8.2,18.099611,3.3,26.0,70.72932374,96.40026,25.5,7335033800.59056
3411,OMN,2000,18.237899,11.880258,6.4,31.708553,,,71.65888476,89.15584,0.0,22259557867.3602
3412,SEN,1997,3.6818188,5.4243062,3.9,,,,,,69.9,6041478725.90443
3413,PRK,2004,4.3948129,7.3045909,5.3,21.423948,,,69.49692995,75.21635,97.5,
3414,NOR,2000,11.905953,6.1142582,6.3,31.942532,,,78.53510862,98.07194,0.0,171457201935.968
3415,LCA,2015,28.188327,16.652729,,21.77594,,,76.39243252,82.91354,4.6,1807640740.74074
3416,URY,2014,26.535496,14.177349,11.1,31.664064,0.1,,77.15013883,96.32264,0.0,61496186973.902
3417,YEM,2007,7.4083954,9.0795241,6.1,23.124004,,,66.73494764,48.51373,41.1,21650528674.0933
3418,CYP,2020,22.58715,8.560314,,41.006145,,,82.06263041,99.39596,0.0,25555093854.2968
3419,NER,1997,1.5541602,4.2398293,2.7,,,,,,99.2,2290318910.20658
3420,WB_HI,2001,17.415181,8.0552995,7.4,30.50242,,,77.77308056,,,
3421,JAM,2011,25.648004,15.444627,10.7,33.223301,,,72.86139713,84.93845,12.6,14444661522.1463
3422,NZL,2001,22.218163,6.8867646,7.4,21.142921,,,78.46853865,100.0,0.0,53872425916.6248
3423,ERI,2001,1.3465472,5.4676689,2.5,14.07845,,,56.20141934,8.64048,96.1,752371688.743186
3424,CUB,1998,9.8264426,8.3025359,7.1,,,,,,45.2,25736331200.0
3425,PSE,1998,25.827804,10.429868,,,,,,,,4067800000.0
3426,MDV,2020,15.867653,9.8442733,,24.496216,,,76.1908817,99.15534,0.4,3712604583.36665
3427,EUR,1991,13.906333,5.7126477,6.5,,,,,,7.69,
3428,SUR,1992,11.362616,6.9188394,6.9,,,,,,39.2,404600000.0
3429,SDN,2000,6.7453273,10.3645,,23.078972,,,62.48898469,20.59194,92.8,12257299147.2936
3430,NOR,2007,15.027523,6.6483036,6.6,33.380161,0.2,,80.35099102,98.0653,0.0,402643260487.572
3431,MUS,2001,13.060118,16.427955,10.5,26.625887,,,71.43968836,90.48839,6.3,4675755867.17657
3432,SUR,1990,10.450149,6.5386593,6.7,,,,,,43.4,388400000.0
3433,GLOBAL,2003,9.549824,8.1888683,6.5,24.115499,,,67.61658,58.65551,49.004325563,
3434,MYS,2005,12.099713,11.256242,8.2,41.197796,,,74.06194883,93.95906,2.1,143534405818.501
3435,GMB,2000,3.9147042,5.6844756,3.8,22.387257,,,59.15410966,51.06271,96.4,782913871.80966
3436,LAO,1997,2.0310955,4.4761043,3.8,,,,,,98.9,1747011857.33107
3437,VEN,2008,21.995229,9.5512375,8.0,39.872017,,,74.27958667,90.7615,3.0,315953388510.678
3438,WSM,2002,48.185217,13.23646,15.3,35.692371,2.0,,69.93318688,91.54998,80.7,281790134.211972
3439,NGA,1998,4.0807761,5.2927278,3.2,,,,,,99.4,218416200672.727
3440,SVK,2018,24.237783,10.24569,,23.645903,,,77.19646571,97.53177,0.0,106611673364.837
3441,CAN,2019,25.721297,8.9626104,,35.581528,,,82.0216251,98.75733,0.0,1743725183672.52
3442,ITA,2005,14.837205,8.0066554,7.6,43.14566,0.7,,80.51057716,99.88583,0.0,1864982261286.85
3443,LBN,1995,17.140032,9.8509401,7.1,,,,,,,11718795528.5556
3444,SWE,1997,11.015153,4.8985284,6.4,,,,,,0.0,268251974485.586
3445,HUN,1990,13.323268,7.5866096,7.5,,,,,,0.0,34478360678.756
3446,GTM,1995,9.8505303,7.7011511,5.0,,,,,,55.8,14655404433.2771
3447,PAK,1999,5.4150738,9.790758,6.9,,,,,,77.6,62973857068.5113
3448,ZAF,2002,24.068749,11.378396,7.3,49.380459,,,54.31987896,61.29867,39.3,129087556612.449
3449,GIN,2012,5.8982551,6.1329171,4.5,17.57745,35.3,,58.88851718,19.85357,99.2,7638044556.84656
3450,BGD,1991,0.36191749,7.8123897,4.1,,,,,,93.9,30957483949.5798
3451,GRD,1998,15.563168,10.708187,6.4,,,,,,8.6,445903592.592593
3452,IRQ,1997,23.921466,10.860136,8.0,,,,,,52.3,20764857056.3795
3453,KEN,2002,4.7847688,3.7051253,2.8,12.722529,,,54.58698847,28.73359,97.5,13147736898.5176
3454,VEN,1999,18.446507,7.4292764,7.0,,,,,,2.4,97972842461.5131
3455,BLR,2012,20.961779,6.9068611,9.2,15.880728,0.0,,72.11133932,96.0032,0.8,65685890438.8922
3456,IDN,2007,4.2054664,4.9914699,6.0,15.834768,22.4,,68.63781807,55.20996,75.4,432216737774.861
3457,TCD,1994,1.3175669,4.7673851,2.7,,,,,,96.0,1179837963.22213
3458,UKR,2010,21.39525,8.12525,8.6,11.255825,0.0,,70.14904515,96.28588,5.5,141209170427.233
3459,BEN,2003,5.5324845,4.0282305,4.0,16.821571,48.8,,58.45855402,9.87677,98.5,5349258094.48239
3460,MDV,1991,3.7836455,4.6193749,4.8,,,,,,98.9,244396761.92334
3461,SWE,1991,8.9950763,4.2354506,6.2,,,,,,0.0,273834608019.843
3462,SYC,1994,15.398267,11.27592,6.5,,,,,,0.0,517570058.151034
3463,NGA,1993,2.8119626,5.0514285,2.9,,,,,,99.4,56721051402.4732
3464,COL,1991,8.0159433,4.0772095,4.5,,,,,,35.4,49637993948.8402
3465,HND,2022,29.492417,11.045235,,36.775093,,,,84.39699,49.95,31426041806.7985
3466,GEO,1994,15.402792,8.9266419,7.8,,,,,,60.1,2513867645.13316
3467,TUR,2020,32.604021,16.329417,,43.954906,,,76.17525576,99.22494,4.7,720338490327.248
3468,SGP,1993,4.2395551,10.514811,7.3,,,,,,0.0,60603815716.2653
3469,BGD,1990,0.33200018,7.657481,3.9,,,,,,94.1,31598340778.2164
3470,MDV,2015,12.74277,7.1960047,,24.307623,,,77.25297582,93.97349,1.5,4129505319.12921
3471,NIC,2012,27.499872,10.117222,7.7,35.095154,,,77.05200653,68.91116,53.0,10532017231.8253
3472,ISR,1996,16.778441,8.3512887,6.5,,,,,,0.0,115116595544.694
3473,AMR,1991,14.494124,6.6987343,5.6,,,,,,18.44,
3474,ARG,2021,34.36501,11.373015,,38.212456,,,74.56898059,,0.1,486564085480.036
3475,TON,2014,64.555115,20.776993,21.9,30.596458,,,72.38182372,93.17623,29.35,440997734.928723
3476,ESP,2012,18.883239,8.4189944,9.2,30.690443,1.0,,81.9595375,99.89191,0.0,1330994811670.31
3477,LAO,2016,5.842144,6.6813029,,15.588673,,,67.33210713,71.85881,93.7,15912501722.6143
3478,SWE,1995,10.278252,4.6978578,6.3,,,,,,0.0,267052836695.499
3479,IRN,2021,23.862085,14.229374,,45.504551,,,74.71077692,90.31623,3.8,383436202446.695
3480,LVA,2018,23.220201,11.078875,,15.43459,,,75.05473366,92.40346,0.0,33247935477.3576
3481,MHL,2010,41.266471,28.43954,19.3,31.878046,,,,85.43103,43.75,161100000.0
3482,LUX,2000,16.001849,6.3138783,6.5,27.384129,,,78.4163246,97.71136,0.0,21230182989.3036
3483,SLE,2018,6.4654015,8.3579883,,13.399826,,,59.8662114,19.20548,99.3,6390514688.52816
3484,AUT,1996,10.866218,5.7915043,5.2,,,,,,0.0,235952581232.129
3485,GRD,2021,29.572204,21.084943,,35.402946,,,72.77322454,,13.7,1122800000.0
3486,COK,2007,59.031951,29.901615,23.8,46.190872,,,,83.22122,17.5,
3487,JPN,1994,2.1260666,8.2961857,7.6,,,,,,0.0,4998797547740.97
3488,SVK,2012,20.777263,7.9295732,8.2,24.467308,0.2,,76.13275335,97.9115,0.0,94724394278.052
3489,SSD,2011,5.0682563,5.792575,,17.0529,,,58.95406766,6.86819,100.0,14907308932.7534
3490,KIR,2000,38.25621,18.48215,14.0,42.457897,,,60.08437065,32.79977,99.3,74910527.2586758
3491,COK,2008,59.710956,30.275017,24.3,44.607601,,,,83.42291,18.0,
3492,SVK,2015,22.435758,8.9748524,,24.010689,0.7,,76.59625031,97.52083,0.0,89178548717.3324
3493,LCA,1993,12.285482,7.1288124,5.7,,,,,,26.2,684814814.814815
3494,GRC,2017,26.215902,11.608341,,33.822765,,,80.69403193,98.98319,0.0,200381103984.298
3495,BIH,1990,12.032045,6.0245097,4.8,,,,,,40.0,7753478260.86957
3496,GIN,2001,2.9621525,5.1060006,3.4,19.444328,,,54.67176541,9.88629,99.2,4125527603.22908
3497,ROU,1999,11.047156,3.9812826,6.3,,,,,,0.0,35953156753.739
3498,NGA,2003,5.7825197,5.4734375,3.5,21.169943,53.5,,55.58470303,29.35926,99.2,104738954264.226
3499,TZA,2022,12.583247,5.1471613,,4.2993827,,,,30.61795,91.3,75769974505.0106
3500,JOR,2007,34.220171,14.095406,10.8,27.285122,,,74.97453582,98.22613,0.1,17110437235.543
3501,DEU,1996,16.147427,7.9976164,6.2,,,,,,0.0,2506576553158.31
3502,NGA,2011,8.40123,6.3549526,4.1,19.60737,,,60.1981229,35.54994,97.8,414466676831.16
3503,HRV,1998,14.26636,6.8518788,7.2,,,,,,0.0,25890228429.7214
3504,CPV,2000,6.6683605,7.2274752,4.9,21.794584,,,71.69763358,36.82795,37.7,539227277.626411
3505,KOR,1998,2.1305198,7.3634706,6.8,,,,,,0.0,383331833681.821
3506,NRU,2015,68.121213,21.566282,,37.790634,,,,65.88283,0.0,84383388.6448573
3507,GNB,2016,9.0665072,7.6648019,,18.131042,,,58.02773484,20.9889,98.9,1245074264.10396
3508,VUT,2005,17.134981,9.3812458,9.6,13.0234,,,65.24030241,55.23984,86.5,394962433.029368
3509,MMR,2003,3.6964316,6.3684799,4.6,21.465536,,,60.64224077,65.11636,97.2,10467109977.6717
3510,BOL,2016,23.551302,12.675533,,22.026154,7.1,,72.22076039,58.39891,16.7,33941126193.9219
3511,GAB,2002,10.634333,8.6184442,6.8,25.125742,,,58.05614161,35.90373,32.2,5335451099.88223
3512,NOR,2020,18.553396,7.3308878,,34.826424,,,82.83923455,98.05108,0.0,367633418886.627
3513,KNA,2013,39.437395,17.106213,14.4,37.789337,,,,94.95359,0.0,874548148.148148
3514,GNQ,2016,15.157253,10.377201,,20.340139,,,60.85942801,66.24854,75.9,11240808847.8878
3515,MWI,1995,1.5110966,4.6230033,2.7,,,,,,98.1,2033701497.97085
3516,COM,2011,10.256834,4.0638104,5.3,12.628743,,,65.80471815,34.53138,96.4,1023087475.68355
3517,CAF,2018,7.6994449,15.368837,,16.637239,,,52.13733768,14.84784,99.3,2220979146.11241
3518,IDN,2011,5.543277,6.0639434,6.5,16.430374,13.3,,69.52313433,64.05155,53.9,892969104563.171
3519,CMR,2022,14.882499,15.505216,,18.814741,,,,43.11917,70.6,44347206072.5513
3520,ARM,2017,22.429684,11.827537,,25.492775,1.4,,75.18435169,93.46773,1.9,11527458709.0158
3521,MWI,2001,2.2696432,5.0122596,3.3,14.656973,,,45.39400815,9.35303,97.9,2498008664.6691
3522,BEL,2011,17.652149,6.4581782,6.4,35.898949,0.2,,80.16687766,99.48613,0.0,527196649048.639
3523,KOR,1997,2.0417422,7.230255,6.6,,,,,,0.0,569755022973.035
3524,GNQ,1990,5.6183044,6.5924138,2.6,,,,,,84.7,112119411.489965
3525,SVK,2017,23.628342,9.7966485,,23.759882,,,77.09456027,97.5324,0.0,95978130734.9766
3526,EGY,1999,26.93083,10.615523,10.3,,,,,,22.3,90710704806.8416
3527,PRY,2018,29.535466,11.479358,,33.343018,,,75.22367023,90.67739,31.9,40225448340.6322
3528,NRU,2000,66.14725,24.411784,25.8,45.057941,,,,65.51375,0.0,26930980.3429002
3529,SWZ,2001,16.137441,6.6999696,5.2,24.536535,,,44.97441053,49.24984,73.6,1542477308.89408
3530,BRB,2018,35.103178,26.171875,,42.382004,,,76.28319327,97.2835,0.0,5629916200.0
3531,CHL,1991,14.057642,4.9338929,6.8,,,,,,0.0,38232330917.2011
3532,BDI,2020,4.4698246,6.5379322,,14.279121,,,64.59433751,45.72751,99.9,2649680261.44299
3533,SLB,1997,14.862236,5.5496268,6.8,,,,,,91.2,526554005.954357
3534,NGA,1994,3.0277209,5.1129956,2.9,,,,,,99.4,80399613063.6364
3535,TTO,1997,18.368034,12.836079,5.6,,,,,,0.0,5737771523.10148
3536,SYR,1994,19.17351,10.219743,5.9,,,,,,3.4,10122020000.0
3537,MDV,2022,17.297679,11.429624,,24.620359,,,,99.70054,0.2,6177118113.94637
3538,WB_LMI,2002,5.4581832,9.7322144,5.9,22.643845,,,63.35215132,,,
3539,JOR,2012,36.277151,15.197231,12.4,27.741018,,,77.13092988,97.80773,0.1,31634561690.1408
3540,VCT,1999,18.01441,7.880716,6.8,,,,,,4.1,390718518.518519
3541,MAR,2017,19.233605,16.887151,,23.598238,,,73.53352195,84.47591,2.0,118540573367.844
3542,DMA,2020,29.920894,24.643344,,29.33427,,,,,12.3,528944444.444444
3543,GIN,1998,2.3001956,4.8823845,3.1,,,,,,99.3,5232118046.3713
3544,WSM,2016,58.407652,15.298256,,18.547474,,,69.92083473,95.76794,67.2,843924796.697421
3545,GBR,1992,13.228662,5.6417339,6.1,,,,,,0.0,1179659529659.53
3546,TUN,2015,23.466316,13.465731,,29.718245,0.3,,76.78627015,92.1234,0.2,45779494041.9295
3547,LSO,1998,9.9813446,4.9396973,4.6,,,,,,86.8,928460893.108965
3548,NZL,1992,14.728439,5.9150469,6.3,,,,,,0.0,41649829859.6342
3549,CZE,1994,19.180612,6.506031,7.8,,,,,,0.0,48188478339.4129
3550,PAN,1994,13.294272,4.5825034,5.1,,,,,,0.0,9365289800.0
3551,COL,2019,21.974038,11.754382,,33.219482,,,77.9535847,92.15109,9.4,323031701192.84
3552,SYR,1996,20.300844,10.738613,6.3,,,,,,2.6,13789560878.2435
3553,CPV,2003,7.9335764,7.4650615,5.3,23.072206,,,72.33302782,43.86641,36.4,813260468.873834
3554,RWA,2010,2.1225287,3.2109432,2.5,14.006701,62.3,,64.20018842,58.9727,99.7,6124756654.12346
3555,KEN,2010,7.4170448,3.602672,3.5,10.834311,,,61.28276083,31.7427,92.9,45405615063.7551
3556,MHL,2014,42.714071,28.484637,20.7,28.964001,,,,83.67295,35.9,186000000.0
3557,AUT,1994,10.330434,5.3722207,5.0,,,,,,0.0,202738023129.743
3558,VEN,2007,21.739085,9.3017906,7.9,39.382275,,,74.52946535,90.2162,3.1,230364012575.687
3559,IRL,2002,20.469193,4.8470087,6.1,37.65572,,,77.48003704,90.41756,0.0,128596035288.401
3560,ETH,1990,0.35778345,3.7447158,2.1,,,,,,99.3,12478943895.1691
3561,MLT,2018,31.365338,12.88828,,43.401714,,,82.26456738,99.96452,0.0,16153779511.1559
3562,SLB,2001,15.890858,5.9389908,7.6,35.495842,,,63.45373664,20.62504,91.5,409508552.979972
3563,ISL,2012,18.737908,5.3903673,7.0,28.64587,0.0,,81.9847692,98.78442,0.0,14751508133.5443
3564,BRB,2002,23.551401,16.940266,10.1,35.583904,,,74.85759375,89.85375,0.0,3106500000.0
3565,NRU,1996,66.391355,25.087664,25.1,,,,,,0.0,37458801.2139605
3566,LTU,2018,24.363852,13.321878,,20.833952,,,75.75173506,93.25247,0.0,54261795148.5372
3567,TKL,2007,62.649661,35.214522,,,,,,,67.0,
3568,CHN,1994,1.6285254,4.7399994,4.5,,,,,,65.3,566929539493.172
3569,BRA,2002,13.199334,6.4316712,6.0,32.432144,10.3,,72.03662703,74.92798,9.9,509795273806.715
3570,LTU,2020,24.840726,14.079852,,20.516188,,,74.89538008,94.28306,0.0,57412038533.2718
3571,WB_UMI,2002,7.8921594,6.6453248,6.5,21.794121,,,70.1811273,,,
3572,PAK,2011,11.950167,15.451406,9.2,35.134171,7.9,,64.54188869,51.32672,63.4,230586581059.665
3573,HTI,2012,8.3101414,15.986416,6.5,24.950228,25.0,,61.52991507,29.26475,96.2,13708925477.1304
3574,NPL,2005,1.8961731,8.5533679,7.2,10.420341,,,68.18944823,27.18324,86.7,8130258377.90964
3575,PSE,2011,33.748323,13.415995,,36.184166,,,72.78320408,94.34364,,11186100000.0
3576,COM,2005,7.6781794,4.0998973,4.4,10.903718,,,64.27700657,32.61811,98.6,653845169.168576
3577,AZE,1990,12.071865,6.2300656,5.7,,,,,,59.2,8884848484.84848
3578,SGP,1992,4.2225312,10.354239,7.1,,,,,,0.0,52131320032.8797
3579,GHA,1999,5.6677431,3.9092503,3.5,,,,,,94.4,7718109982.26093
3580,MYS,2002,10.373452,10.421535,7.6,41.150047,,,73.78194217,93.45575,1.9,100845526315.789
3581,COL,2004,13.766444,6.9181621,6.3,27.481117,10.9,,73.98320442,79.00256,18.8,117092416666.245
3582,AGO,1994,3.8133733,8.7012045,2.9,,,,,,62.3,4438321017.39068
3583,NIC,1992,14.336888,4.9807724,4.8,,,,,,77.7,1792800000.0
3584,BLR,2001,18.643154,5.5252295,7.8,18.539808,3.2,,68.38068954,92.04609,6.2,12354820143.8849
3585,DMA,2016,27.156505,22.612125,,27.039146,,,,80.36642,11.0,612711111.111111
3586,BRB,2014,32.248685,24.323276,14.1,40.714531,,,76.24311034,95.85529,0.0,5365976700.0
3587,BHR,2017,34.059319,15.387081,,36.958015,,,75.71095601,100.0,0.0,37204813829.7872
3588,BRN,2005,17.502837,10.25038,7.5,27.492544,,,76.47714892,78.79802,0.0,10547202612.4295
3589,UGA,2022,7.9045609,3.6312334,,5.5496364,,,,21.01213,98.4,45565333216.4142
3590,YEM,2014,9.9524066,10.728168,7.7,25.6353,18.8,,68.71723916,51.23211,42.2,43228585321.3737
3591,GNQ,2019,16.28966,11.045355,,19.825209,,,61.38714512,,76.7,11364133549.7478
3592,KOR,2020,6.4759851,13.417628,,54.888184,,,83.79726372,99.8416,0.0,1644312831906.17
3593,CAF,1990,1.5239673,8.2331091,2.9,,,,,,99.3,1440711459.16967
3594,WSM,2015,57.725555,15.226611,,19.537304,,,70.01944065,95.41098,68.2,824150498.653536
3595,WB_UMI,2006,8.9403607,7.434082,7.4,22.499678,,,71.61510574,,,
3596,ISL,2004,16.216481,4.7413524,7.1,31.236597,0.2,,80.76637117,98.79332,0.0,13825302535.7699
3597,AUS,2006,23.104127,6.1514176,7.0,26.534281,,,81.04245453,99.99375,0.0,748417562769.636
3598,MDV,2007,9.0375893,5.3195238,7.5,24.745422,,,73.714686,84.0726,16.3,1868383460.9375
3599,PRK,1991,2.1816894,5.7092309,4.6,,,,,,99.5,
3600,LTU,2007,21.791668,9.8136239,8.7,22.841946,1.2,,70.61092139,87.69205,0.0,39729151614.6689
3601,GLOBAL,2002,9.281762,7.9826042,6.4,23.851969,25.5,,67.35830321,57.4973,49.714176728,
3602,BHS,2020,45.784289,19.782838,,37.218197,,,72.61586296,,0.0,10363200000.0
3603,SDN,2001,7.1074039,10.559972,,22.803381,,,62.9787096,20.60757,91.2,15716361792.1926
3604,SYC,1997,17.28594,12.428682,6.9,,,,,,0.0,598966982.350186
3605,JPN,1997,2.3356551,8.4907249,8.0,,,,,,0.0,4492448605638.94
3606,ISR,2004,20.291843,9.8974347,6.7,33.281197,,,79.54240915,100.0,0.0,140047984605.087
3607,OMN,1998,17.085399,11.646312,6.2,,,,,,0.0,16044213263.9792
3608,KNA,2012,38.738459,16.571493,14.0,37.366215,,,,94.29954,0.0,824585185.185185
3609,GRL,2012,23.253562,6.5860972,,,,,,,,2609678486.36749
3610,SOM,1999,4.976226,5.9235938,3.7,,,,,,99.6,3045751527.66005
3611,TUV,2006,55.887133,16.891779,19.1,33.662086,,,,82.46542,77.6,24096875.4635825
3612,TKM,2002,12.56482,13.452768,5.9,16.500187,,,65.87608131,93.08243,0.5,4462029108.72349
3613,CZE,2010,21.186854,8.4334716,9.1,23.242044,0.0,,77.55051822,99.13021,0.0,211168667286.27
3614,QAT,1997,23.52224,12.554309,9.3,,,,,,0.0,11297802115.3846
3615,ITA,1994,12.412993,6.3311316,6.5,,,,,,0.0,1101750159702.21
3616,MDV,2008,9.4623595,5.3919658,7.6,24.651953,,,74.09191071,85.33349,12.1,2271646187.5
3617,BRA,1991,8.948873,5.1647298,4.8,,,,,,22.3,342534090909.091
3618,LUX,2014,18.1905,7.1393199,6.8,18.269407,0.2,,82.1608587,97.61614,0.0,68804811897.6445
3619,UZB,2013,21.955667,9.7037457,8.3,19.826954,,12.0,68.3723982,95.20868,15.3,73180037914.9104
3620,MDA,2001,20.59128,6.1474651,6.8,15.649279,27.2,,66.20689138,71.95209,32.9,1480673594.05602
3621,GLOBAL,2020,14.938761,13.724971,,30.373615,,,72.45043871,78.47942,29.142460897,
3622,MKD,2001,17.399547,6.5286167,6.9,22.186956,,,73.26733128,88.62522,43.85,3709636030.66578
3623,IRQ,2020,39.329401,19.828424,,51.153214,,,70.41410059,98.49327,0.7,180898797516.874
3624,BRA,2007,15.73599,7.256896,6.7,33.958897,6.8,,73.5789865,79.29598,7.3,1397114486368.67
3625,WB_HI,2019,24.796899,11.698682,,32.376087,,,80.90566753,,,
3626,TKM,2014,18.087298,14.457677,10.2,13.440405,,,68.91649587,97.00678,0.1,43524210526.3158
3627,ZAF,1998,21.547717,10.58656,6.4,,,,,,46.9,152982984557.233
3628,IDN,2010,5.1796578,5.7450384,6.3,16.27178,15.7,,69.23625966,61.8457,59.7,755094157621.936
3629,BLZ,2018,39.410514,14.682238,,39.854828,,,74.57665716,88.18442,16.7,2293250000.0
3630,MDA,2009,22.614965,7.3340327,8.3,13.591759,1.0,,68.02716399,76.32331,9.7,5439434271.78807
3631,NZL,2005,25.315058,7.4018829,7.8,20.960028,,,79.93637338,100.0,0.0,114720129550.095
3632,FIN,2005,17.823435,6.7934312,7.4,22.401548,0.0,,78.98273143,99.44815,0.0,204859368790.661
3633,SEAR,1992,1.198776,8.19951,4.5,,,,,,88.21,
3634,MLT,2005,28.423962,10.934232,9.3,52.367199,,,79.12587951,99.96488,0.0,6393234964.93061
3635,ETH,1994,0.44160429,4.1831072,2.4,,,,,,99.2,7100806753.92942
3636,HND,2004,17.236936,6.0215909,5.3,29.271416,27.2,,70.3400508,68.28507,64.0,8869299234.3377
3637,WSM,2006,51.286268,14.599404,17.8,30.199799,,,70.43219518,92.23782,77.0,499923757.780736
3638,BGR,2017,19.087683,13.245523,,29.141287,,,74.71989724,86.00395,,59167647387.606
3639,ATG,2018,30.585235,20.085986,,36.508934,,,75.62352245,97.39702,0.0,1661529629.62963
3640,IRL,2017,26.633778,7.9094097,,25.551418,,,81.60361469,89.3966,0.0,348532394023.595
3641,BMU,2001,19.161707,13.673711,,,,,,,,3680483000.0
3642,TTO,1993,16.34855,10.726275,4.7,,,,,,0.0,4669491134.2478
3643,NLD,2001,11.617865,6.0276303,5.4,19.239494,,,78.21818271,98.03166,0.0,432536219668.898
3644,ARM,2005,17.319734,9.5232904,9.9,23.644396,4.5,,72.0754129,88.8985,9.2,4900469511.10191
3645,BRB,1995,18.581913,12.991579,8.1,,,,,,0.0,2216974096.35559
3646,AMR,2019,31.804284,13.524017,,34.58115,,,77.07402622,92.0369,7.43,
3647,LBY,1990,18.033232,9.3017705,7.2,,,,,,,28904183602.4818
3648,KIR,2006,41.066253,20.348373,17.8,39.421928,12.9,,61.1004495,37.61166,98.4,112338353.264712
3649,BGR,2006,15.752271,9.0627238,8.8,23.019466,5.5,,72.62332365,85.88941,,34380536495.6739
3650,GLOBAL,2018,14.163043,12.743396,,29.505184,,,72.88886288,76.33427,31.82858329,
3651,PRY,1998,16.175066,6.4158656,4.5,,,,,,52.1,9260481572.42462
3652,PAK,1996,4.4353418,9.1868721,6.4,,,,,,81.4,63320170084.4076
3653,TKM,1999,11.335666,12.492183,5.3,,,,,,0.8,2450564100.18292
3654,MLI,2012,7.6156639,4.8010219,4.7,33.069065,,,59.27099434,32.88169,99.1,14891957623.4895
3655,OMN,2019,28.999919,16.403124,,39.214653,,,75.28986006,99.32004,0.0,88060858257.4772
3656,CHL,2009,27.173176,10.549415,10.0,28.44071,2.6,,79.00490643,96.63702,0.0,171777900623.892
3657,GLOBAL,2000,8.744372,7.6054499,6.1,23.355831,,,66.77085146,55.54098,51.055957328,
3658,IRQ,2010,33.080718,14.833257,11.5,46.243137,,,71.06507591,82.96585,4.6,138516722649.573
3659,LVA,2012,21.687561,8.9268617,9.2,17.149649,1.0,,73.86536335,90.58126,0.0,27116149948.6683
3660,WB_LMI,2008,7.0416719,11.458153,6.8,26.895159,,,65.5652106,,,
3661,LTU,2015,23.668543,12.154509,,21.346294,0.7,,74.36612877,91.70107,0.0,41540954817.2039
3662,NPL,1990,0.49864519,6.2262572,4.0,,,,,,99.8,3627560239.48997
3663,CPV,2007,9.5760174,7.6271534,5.9,24.722649,8.1,,73.46976452,53.00935,33.2,1649621738.63689
3664,SRB,2013,18.572606,11.482774,8.4,46.172825,0.3,31.0,75.22896744,97.0087,29.2,50455529604.0696
3665,GBR,2012,24.769516,8.5494019,7.5,27.201212,0.2,,80.64107832,99.11602,0.0,2707089726614.64
3666,MHL,1992,34.666067,20.319785,11.5,,,,,,98.6,91063000.0
3667,JPN,1993,2.0630844,8.1670068,7.4,,,,,,0.0,4536940479038.25
3668,BGR,2007,16.088066,9.3292877,9.0,23.538982,1.7,,72.92323217,85.90002,,44431257128.8618
3669,IDN,1998,2.293729,4.1199114,4.7,,,,,,94.8,95445547872.715
3670,KEN,2005,5.7301644,3.7,3.0,11.986805,43.7,,56.3951405,29.84805,96.1,18737895512.7378
3671,TUR,1992,19.430359,6.0963009,6.2,,,,,,19.4,159104772991.851
3672,CIV,1991,2.3247387,4.1822776,3.0,,,,,,84.0,10492628580.7484
3673,MOZ,2015,7.1125194,5.3984564,,8.4076529,,,55.85530982,27.83605,95.7,16208985769.615
3674,BDI,2016,3.5942536,5.907619,,14.504001,,,63.24117705,45.85102,99.8,2644487776.50077
3675,FIN,1990,13.44673,4.6417441,6.4,,,,,,0.0,141446120354.533
3676,LBN,2009,24.953011,14.12966,10.9,44.867153,,,77.79033646,86.08798,,35399582928.6899
3677,USA,1994,21.889888,8.1757329,6.3,,,,,,0.0,7287236000000.0
3678,UZB,1999,11.382782,6.3811556,4.8,,,,,,17.2,17078465982.0282
3679,WB_LMI,2021,11.647269,17.554115,,37.386696,,,67.21688028,,,
3680,SAU,2005,30.465892,18.467423,10.7,56.946053,,,71.81634573,95.20973,0.0,328459608764.111
3681,KHM,1992,0.59423167,3.1357002,3.2,,,,,,99.4,2491486594.18917
3682,SGP,2001,4.8681539,10.52845,8.5,24.934271,,,79.14204312,100.0,0.0,89793790669.6515
3683,CHE,2010,11.812952,5.2601758,5.4,23.767481,0.0,,82.19541207,99.88113,0.0,598851027947.721
3684,TUR,1997,22.289601,7.2502293,7.2,,,,,,13.0,189878399894.643
3685,NRU,2022,69.918603,21.349189,,35.451496,,,,,0.0,152190818.868952
3686,BHR,2001,25.128773,11.0918,7.2,32.017952,,,70.36971635,99.93873,0.0,8976196808.51064
3687,ZWE,2000,6.848117,8.146029,4.1,20.448212,,,45.74529001,44.51701,66.4,6689958138.66446
3688,AND,2000,13.713376,7.4662976,8.4,35.909992,,,,100.0,0.0,1432606188.69324
3689,JPN,2020,5.1280685,10.680816,,43.12188,,,84.66324868,99.94358,0.0,5054068005376.28
3690,URY,2016,28.145823,14.810412,,32.172649,0.1,,76.84527198,96.90315,0.0,57480787465.2716
3691,KIR,2011,42.866999,19.902194,20.5,36.844852,,,61.40193967,40.82073,96.5,195970140.170383
3692,FRA,2013,11.528161,5.861171,7.9,29.739136,0.0,,81.81996075,98.65317,0.0,2816077607875.26
3693,GRC,2015,25.56676,11.331553,,33.30468,1.5,,80.41608244,98.97597,0.0,194567373678.099
3694,CHL,2022,38.914612,16.019334,,38.213932,,,,100.0,0.0,301226575540.242
3695,AGO,2020,10.761428,15.235479,,17.512449,,,62.64827403,51.66033,50.6,48501561203.5686
3696,DJI,2005,5.0892171,5.8717661,5.7,19.083061,,,60.0931017,48.44528,95.2,708633194.726566
3697,TLS,1998,0.45391261,3.0910844,3.3,,,,,,99.3,325729800.0
3698,MYS,2020,20.78255,22.866313,,40.061394,,,76.78965822,95.93881,12.45,337456163961.211
3699,GNB,2010,7.3479183,6.4416043,4.8,19.284864,67.1,,55.34491742,13.47606,98.8,940112538.936436
3700,OMN,2020,29.753733,16.863723,,39.844971,,,73.88668102,99.32025,0.0,75909492847.8544
3701,IRQ,2014,35.668409,16.823065,13.2,48.30415,,,70.22637913,90.04056,1.9,228415656174.957
3702,AMR,2008,25.222397,10.27798,7.9,31.149261,,,75.93790985,87.63672,9.7,
3703,AMR,1994,16.26246,7.2136432,5.9,,,,,,16.19,
3704,SEAR,2014,5.13949,14.157589,7.7,32.451134,,,69.73314803,58.93899,55.59,
3705,UKR,2007,20.634075,7.6362148,8.3,10.939392,0.1,,67.5915603,95.64326,6.1,148733861386.139
3706,BHR,2011,31.156132,13.456893,8.0,35.122742,,,74.19533253,99.98758,0.0,29914680851.0638
3707,LKA,2001,2.6105788,9.2134453,4.9,18.990988,,,72.65351771,77.56523,82.7,15749753804.8344
3708,MLT,2021,32.039562,13.000856,,41.358128,,,81.81193837,99.96445,0.0,19723563354.6779
3709,CPV,1990,3.4114189,5.7464689,3.7,,,,,,41.4,306890962.649533
3710,GMB,2014,10.265999,8.2830466,5.8,21.389757,,,63.57797414,46.56603,97.8,1229461721.40861
3711,KIR,1992,32.666466,12.954296,9.6,,,,,,99.7,61491369.281929
3712,MAR,2022,21.784347,18.708649,,24.509108,,,,87.51635,1.9,130951926351.241
3713,EGY,2014,38.910556,19.343002,16.2,32.592697,,,70.46262161,95.61779,0.2,305595408895.265
3714,KWT,1997,33.088434,12.276027,10.4,,,,,,0.0,30350190704.4361
3715,GHA,1997,4.9063202,3.8344339,3.3,,,,,,95.3,6891443192.24985
3716,RWA,2000,1.0416498,2.9732913,1.9,20.651655,77.2,,46.89447249,44.90537,99.9,2068836754.37431
3717,BTN,1997,2.7447622,8.9486279,6.3,,,,,,83.1,352229076.707627
3718,NIC,1996,16.942874,5.5597529,5.1,,,,,,71.4,4308351902.78601
3719,WB_LI,2012,6.4962171,7.2031073,4.6,17.449554,,,61.39453419,,,
3720,LBN,2008,24.497226,13.744196,10.5,43.750675,,,77.52542218,84.7788,,29118916105.4726
3721,BRB,2001,22.803551,16.368344,9.8,35.152248,,,75.05768919,89.35362,0.0,3054500000.0
3722,TUN,2011,21.566531,11.539259,10.9,27.702579,,,76.36110917,87.87215,0.5,48123325825.0739
3723,AUT,1999,11.712212,6.2241763,5.4,,,,,,0.0,216421809125.916
3724,NOR,1992,8.6692929,5.3397637,5.8,,,,,,0.0,130838040067.584
3725,TGO,1997,2.5733413,3.8536541,3.2,,,,,,99.9,2116818622.95834
3726,COM,2008,8.946722,4.0519707,4.8,11.719378,,,65.33611843,33.77931,97.7,915659107.965823
3727,BLZ,2004,29.027584,9.214586,7.8,34.208691,,,72.03089544,83.73926,17.6,1400850000.0
3728,PAK,2001,6.1987597,10.325789,7.2,27.069511,28.6,,61.67754226,32.80767,75.4,97145618479.9038
3729,COM,1993,3.7357315,3.6387052,3.2,,,,,,99.9,452881475.071813
3730,PER,1990,8.7522738,2.8468942,4.7,,,,,,92.8,26410386962.8019
3731,NOR,2002,12.854809,6.2702,6.5,32.398911,,,78.85942368,98.0698,0.0,195914852576.467
3732,DNK,2002,11.118694,3.9106239,6.0,25.059446,,,77.0288458,99.59724,0.0,178788209558.311
3733,TJK,2016,19.764823,9.6136935,,32.553272,,,72.72427435,95.68755,20.3,6992416096.89018
3734,SUR,2020,27.671951,19.731757,,47.638885,,,72.80157877,89.95421,5.4,2911807496.20227
3735,TZA,1993,2.3782263,4.1943517,2.6,,,,,,99.7,6182872707.82523
3736,ZWE,1998,6.4725012,7.925576,3.9,,,,,,66.0,6401968715.47602
3737,QAT,2009,33.563146,14.330335,11.8,48.448296,,,72.77133296,99.93655,0.0,97798351648.3516
3738,PRK,2016,8.0906846,11.322497,,24.693483,,,71.62258579,82.40861,90.7,
3739,LBN,2002,21.330711,11.896757,8.3,37.074451,,,76.55400992,76.92373,,19152238805.9701
3740,ESP,2001,18.540064,9.9210419,8.5,39.794926,,,79.39483865,99.81324,0.0,627798682378.741
3741,NZL,2018,31.879407,10.007632,,19.212887,,,81.75540508,100.0,0.0,211985631173.205
3742,THA,2006,7.6041847,8.0551997,7.5,18.793829,0.7,,73.40943067,94.13754,31.8,221758296021.621
3743,GNB,1991,2.0566666,4.9978763,2.7,,,,,,97.9,668470890.785147
3744,BEL,2003,15.634738,5.2463055,6.5,44.134106,0.2,,78.11449295,99.48512,0.0,318082528506.588
3745,PYF,2015,44.436082,16.154407,,,,,,,,5325846361.81186
3746,JOR,2004,32.62541,13.296431,10.0,26.892653,,,73.56285182,98.49476,0.2,11411706629.055
3747,IRL,2001,19.851993,4.8098065,6.0,38.396519,,,77.04413457,90.48185,0.0,109346669229.695
3748,MDV,2012,11.218479,6.1156657,8.2,24.361244,,,75.84622735,90.32412,3.6,2886163997.20531
3749,GNB,2003,5.1026005,5.5857208,4.0,20.65484,,,51.43513822,5.64179,98.8,553614800.145707
3750,USA,1996,23.693518,8.3856277,6.6,,,,,,0.0,8073122000000.0
3751,MYS,1995,6.9162793,8.9884847,5.9,,,,,,3.2,88705342902.7113
3752,SWE,2000,12.143698,5.1418278,6.6,29.916931,,,79.57418828,99.2071,0.0,262905197441.662
3753,GNQ,2011,13.620134,9.5773019,6.9,21.566109,,,59.83129965,64.62837,76.7,21357343668.9447
3754,GTM,2007,16.782556,12.107956,6.7,16.627567,,,70.68269963,64.27271,63.1,33567850824.1039
3755,KWT,2001,36.187318,13.677739,11.5,59.312469,,,78.81293796,100.0,0.0,34889559869.8326
3756,JAM,2022,33.807024,23.988913,,38.614437,,,,86.5526,7.0,17097760686.7775
3757,AUS,2002,20.80567,5.401608,6.9,26.639679,,,80.19005718,99.99175,0.0,395788696012.059
3758,CYP,1991,15.039085,5.6145377,5.2,,,,,,0.0,5770197348.48485
3759,KOR,2021,6.8892844,13.971068,,56.478672,,,83.79982334,99.82919,0.0,1818432106880.04
3760,QAT,2004,29.504678,15.131938,12.4,47.123634,,,70.84074247,99.93655,0.0,31734065934.0659
3761,PRK,1990,2.0682184,5.6483209,4.6,,,,,,99.5,
3762,WPR,2003,3.02815,6.3616574,6.4,21.544554,,,72.71503181,66.0722,50.36,
3763,NER,2009,3.5121113,5.0546966,3.7,19.904896,,,57.84177819,9.97724,98.7,7352131309.73341
3764,MDV,2014,12.194919,6.7968458,8.5,24.30636,,,76.80961188,92.7865,2.1,3697353039.20043
3765,KAZ,2002,14.143485,7.495752,8.6,18.383083,6.8,,65.03142074,96.86237,13.6,24636598527.4437
3766,SVN,2011,16.13026,10.295088,8.9,18.751562,0.0,,79.84960348,98.84484,0.0,51199194599.3094
3767,SRB,2009,17.188558,10.031781,7.9,46.988354,0.1,,73.97356349,96.34104,33.6,46955984409.7271
3768,CYP,2000,18.098167,7.0610113,6.5,42.380756,,,78.83247264,99.73975,0.0,9985847313.85485
3769,KHM,1996,0.75397408,3.2752,3.6,,,,,,98.4,3506695719.57259
3770,SEN,2020,9.5683575,6.3707523,,16.812077,,,68.56112195,58.09821,69.3,24530513037.7518
3771,SEN,2002,5.1596973,5.820993,4.2,20.549204,,,59.79580137,38.81865,63.1,7006402319.75856
3772,ROU,2004,14.300156,5.0494283,6.8,21.143118,,,71.76511513,74.51304,0.0,74973656851.8076
3773,DEU,1997,16.577204,8.1987724,6.2,,,,,,0.0,2218790886532.82
3774,PHL,2022,8.7417305,11.721153,,45.463844,,,,84.75716,42.4,404353369604.631
3775,NZL,2000,21.374531,6.7600846,7.3,21.155128,,,78.57519182,100.0,0.0,52623281956.7031
3776,BGD,2000,0.82735484,9.5249012,5.3,21.657143,34.8,,65.36178128,24.51319,92.3,53369787318.6245
3777,DEU,2009,20.371605,10.199649,7.0,16.978846,0.0,,79.99437865,99.22356,0.0,3479800820863.28
3778,NOR,2017,17.744565,6.9914095,,34.448559,,,82.33383151,98.05439,0.0,401745275035.261
3779,LBN,1996,17.704694,10.161908,7.2,,,,,,,13690217333.5879
3780,ECU,1994,11.010873,4.5205396,4.3,,,,,,19.8,22708673336.6683
3781,NIU,2014,62.161911,29.339525,26.4,9.5334892,,,,98.42056,3.1,
3782,UZB,2001,12.488211,6.6339985,5.1,9.0809298,,,62.16554368,93.53769,16.5,11401421329.1974
3783,AUT,2010,14.02496,7.0505954,5.8,26.842659,0.5,,80.39157197,99.98583,0.0,389827789217.634
3784,ATG,2015,28.659719,18.503022,,35.349339,,,75.61540401,97.3864,0.0,1437485185.18519
3785,GIN,1993,1.5294055,4.5627985,2.7,,,,,,99.5,4781166116.51789
3786,AZE,2017,24.000728,11.717032,,23.190073,,,74.6254737,96.12412,2.4,40866627351.9817
3787,GNQ,1994,6.9322713,7.270132,3.1,,,,,,83.7,100807002.540195
3788,ZAF,2001,23.438729,11.222371,7.0,49.405437,,,55.86714584,60.41514,41.4,135429905922.526
3789,STP,2017,13.792217,11.513779,,17.777681,,,71.25615442,42.46884,97.4,322002845.229335
3790,SWE,1996,10.641625,4.8044238,6.3,,,,,,0.0,291952430659.111
3791,CHL,2015,32.248336,12.964945,,32.674786,1.3,,80.12508082,99.36589,0.0,242450355830.884
3792,CHE,1996,9.9878512,4.5901518,4.9,,,,,,0.0,340103959546.926
3793,BRB,2010,29.439732,22.047031,12.6,39.052982,,,75.95734033,93.85478,0.0,5191188500.0
3794,BRA,2012,19.121417,8.8968478,7.7,35.867138,3.8,,74.28196582,83.54222,5.2,2465227802806.76
3795,MEX,1998,20.178491,11.755888,7.2,,,,,,18.8,557461102630.658
3796,SYR,2011,28.709683,14.416285,10.6,34.207355,,,71.88413217,91.36616,2.0,67539428159.4474
3797,CZE,2016,23.353016,9.8746732,,23.184597,,,78.93030378,99.13726,0.0,198160659303.939
3798,SRB,2017,20.167436,13.250613,,45.486752,,,75.57063328,97.67283,24.3,45972834713.8077
3799,MUS,2021,18.871538,27.513516,,29.672108,,,73.41967032,,1.0,11484348857.8529
3800,PHL,2016,6.7783259,7.7782996,,35.109131,,,69.24553796,77.78701,53.4,318627003016.731
3801,VUT,1991,14.19832,5.3098351,6.5,,,,,,90.2,201334169.054441
3802,LVA,2002,18.244994,6.8838298,8.2,20.334908,,,70.10625692,87.92899,0.0,9249030241.01864
3803,MAR,2005,13.472904,12.042389,8.6,22.101387,,,71.23383994,73.17732,6.0,68852658068.6673
3804,EMR,2000,14.698896,10.192178,7.4,29.37499,,,65.45448064,58.4009,44.62,
3805,PSE,2010,33.296052,13.241048,,36.766319,,,72.64524424,93.86457,,9681500000.0
3806,CHN,2009,3.7292685,7.3938839,7.8,20.923281,,,74.38654953,73.90606,44.7,5189577094997.58
3807,TUR,2008,28.067222,10.496544,10.8,41.154377,0.6,,76.65466357,91.93026,6.2,770449132861.373
3808,WB_HI,1992,12.996505,6.8282455,6.3,,,,,,,
3809,GRC,2014,25.248349,11.172707,9.1,33.049496,1.5,,80.83818972,98.91147,0.0,233911581521.062
3810,MMR,2019,6.6679314,11.480097,,21.741774,,,68.80517618,73.16532,64.1,75065106227.6892
3811,ZWE,2014,10.750912,8.8531733,4.6,17.88361,,,56.95717402,38.71709,70.2,19495547522.9895
3812,TZA,2005,5.0534256,5.3906184,3.6,10.610069,,,56.55203228,12.53382,99.2,18395383647.4975
3813,VUT,2019,20.266366,18.121542,,7.9804258,,,67.13030878,48.34087,83.9,936526267.622513
3814,COG,1999,4.8652425,7.6108962,4.1,,,,,,92.6,2354772960.28296
3815,EST,1990,13.662484,4.8154466,7.4,,,,,,0.0,
3816,SRB,2012,18.214916,11.09577,8.3,46.370579,,,74.84163486,96.84334,30.3,45103269969.4112
3817,COM,2006,8.0956541,4.0815759,4.5,11.16499,,,64.55149646,33.05024,98.3,698431793.872776
3818,PLW,1991,33.479092,14.114444,13.2,,,,,,0.0,106555300.0
3819,WB_UMI,1994,6.2631376,5.3335067,5.2,,,,,,,
3820,AND,2001,14.049263,7.7778772,8.5,35.523819,,,,100.0,0.0,1548265808.05802
3821,NZL,1997,18.799794,6.4082853,6.9,,,,,,0.0,66075143415.4952
3822,LBN,2005,23.021062,12.754275,9.2,40.405388,,,77.17133641,80.85126,,21497336498.8391
3823,CZE,2020,25.056922,11.064156,,23.280848,,,78.12978194,99.1369,0.0,251109660602.536
3824,ECU,2009,18.227142,7.2402351,6.3,21.569071,7.2,,74.93359345,79.2796,6.7,60094978000.0
3825,TUR,1999,23.478943,7.7554271,7.7,,,,,,11.1,256395932738.435
3826,BGD,1994,0.47126943,8.3041504,4.5,,,,,,93.4,33768660882.793
3827,MRT,1998,8.0183506,5.0234757,4.7,,,,,,73.1,2032347664.94993
3828,KNA,2010,37.281445,15.506837,13.0,36.528229,,,,92.99143,0.0,778718518.518518
3829,AFR,1990,3.567541,4.9105085,2.8,,,,,,88.44,
3830,MLI,1997,2.7171673,4.2208508,3.3,,,,,,99.4,2697105823.4661
3831,AGO,2014,9.0023339,13.438985,5.6,18.487064,,,61.13534716,46.11703,53.2,135966802586.713
3832,ARM,2020,23.651728,12.977898,,26.110691,,,69.32859192,93.93674,1.5,12641698583.2152
3833,UZB,2014,22.868882,10.265299,8.7,21.02582,,,68.81484391,95.32891,15.5,80845385809.4529
3834,BTN,2013,7.4976094,11.704211,9.0,10.321371,,36.0,72.72164626,67.14089,25.1,1943696951.65411
3835,ASM,2009,71.296936,32.345843,,,,,,,,675000000.0
3836,WB_HI,1998,15.802178,7.6886594,7.0,,,,,,,
3837,PHL,1997,2.798433,4.1387454,4.2,,,,,,66.4,94106317565.0846
3838,GTM,2018,24.015495,15.57622,,30.761364,,,72.72918484,67.94962,57.7,73328365862.4329
3839,TLS,2000,0.51563676,3.1087598,3.6,17.403919,,,62.86576561,,99.1,366924300.0
3840,SVN,2000,14.132999,7.1759291,7.2,19.492331,,,76.05440169,99.11168,0.0,20159190701.6789
3841,EGY,2003,30.485877,11.911958,11.5,31.071213,,,68.78353005,92.17182,7.9,80288461538.4615
3842,ESP,2018,16.870522,6.919989,,25.149954,,,82.76765981,99.91959,0.0,1431642809327.06
3843,URY,1991,12.775016,8.4915787,8.8,,,,,,0.0,11206176650.9075
3844,BGR,2000,13.778119,7.8023463,7.9,20.144463,,,71.6428836,85.82711,,13245990274.4581
3845,MHL,2005,39.43094,27.302089,17.2,35.93576,,,,86.51533,72.3,138000000.0
3846,NPL,1993,0.6450553,6.5055467,4.5,,,,,,99.4,3660041666.66667
3847,TCD,2004,3.0078379,5.5054162,3.6,22.477848,,,52.48451206,10.02424,97.7,4422855660.82592
3848,SGP,2000,4.7194038,10.591541,8.4,25.195631,,,78.52088806,100.0,0.0,96076539925.7409
3849,TKL,2014,66.059566,34.028229,,,,,,,68.4,
3850,ECU,2012,20.107205,8.1555679,6.9,21.685707,4.5,,75.807667,82.5813,6.0,87735048000.0
3851,SLB,1999,15.359664,5.7318587,7.2,,,,,,91.5,488024514.369359
3852,MLI,2010,7.0514925,4.6133421,4.5,33.919476,,,58.64806217,29.6838,99.1,13196527458.3156
3853,GMB,1992,1.8188389,4.8581354,2.9,,,,,,96.3,714254256.122189
3854,VEN,2013,22.831604,10.550873,8.6,42.189445,,,74.60132769,93.48796,3.5,371005379786.566
3855,ARM,2006,17.740956,9.6603326,10.1,23.748884,3.2,,72.0117653,89.29506,7.7,6384452066.5146
3856,KHM,1997,0.80299675,3.3045072,3.7,,,,,,98.0,3443413388.65696
3857,TCD,1990,0.95189754,4.5296982,2.4,,,,,,95.0,1738605557.76313
3858,ROU,2011,20.841889,8.2413323,7.8,26.382589,5.7,,74.44084112,79.85591,0.0,192623977894.173
3859,GUY,2022,28.45774,21.056096,,35.081787,,,,90.98921,0.0,14718388489.2086
3860,GEO,2005,21.984124,11.243303,10.5,16.879557,10.9,,72.04358005,88.62561,45.85,6410912049.87105
3861,YEM,2015,10.379971,11.091446,,26.052835,,,68.25299786,51.56879,43.0,42444490073.7255
3862,BFA,1995,0.9046426,3.6561955,2.5,,,,,,98.2,2379517975.28056
3863,JPN,2007,3.3074062,8.3855428,9.6,33.865177,,,82.7592849,99.98188,0.0,4579750920354.81
3864,HND,2014,24.029779,8.93723,7.2,33.297329,15.9,,69.52157081,77.65918,54.6,19756533971.8698
3865,MLT,2003,27.608997,10.370668,9.0,53.504379,,,78.67686,99.96506,0.0,5418315225.49353
3866,ARG,2007,22.632539,9.0705693,9.1,34.930912,2.9,,75.05610078,90.92704,1.4,287530508430.568
3867,CAF,2013,6.1486293,14.484367,5.6,17.16638,,,49.31139043,16.72504,99.4,1691544110.18543
3868,ALB,2019,21.41809,12.073886,,23.305368,,,77.9406744,99.18307,17.9,15585111614.0376
3869,CAN,2007,23.415799,7.6651998,6.7,29.543549,0.2,,80.38195578,99.76076,0.0,1468820407783.26
3870,AUT,1997,11.14428,5.9592597,5.2,,,,,,0.0,211724812267.448
3871,COK,2019,67.052567,31.68245,,28.958221,,,,85.43983,23.2,
3872,FIN,1996,14.990586,5.3414494,6.8,,,,,,0.0,131991975148.848
3873,COD,2018,5.5681154,7.1463004,,15.108739,,,61.4317933,16.72563,95.8,47568210009.8172
3874,SVK,2005,17.295092,6.3902497,7.0,25.805416,0.2,,74.09775351,99.27787,0.0,62547753148.4638
3875,GRC,2016,25.889155,11.478297,,33.562603,,,80.71256832,98.97961,0.0,193097239005.87
3876,ASM,2021,74.937004,30.481344,,,,,,,,750000000.0
3877,WB_LMI,2015,9.2545606,14.015457,,32.413521,,,68.38628464,,,
3878,GRL,2005,20.490588,5.9466854,,,,,,,,1849802648.36391
3879,TKL,2010,64.077455,35.161969,,,,,,,67.4,
3880,BOL,2005,15.848163,8.7204091,5.4,22.006931,19.3,,68.73158288,40.47531,31.5,9549122905.32852
3881,MDG,1994,0.76823784,4.6128012,2.5,,,,,,98.6,3522227092.22839
3882,BGD,1998,0.68251695,9.0744913,5.0,,,,,,92.5,49984559471.3656
3883,LTU,2006,21.521351,9.5633321,8.6,23.023565,1.5,,70.89301238,87.23198,0.0,30116192746.8942
3884,LAO,2001,2.5454205,4.5595195,4.3,16.536835,,,58.88681637,31.32642,98.6,1768619058.34647
3885,YEM,2000,5.3509843,8.5283957,4.9,21.218632,,,63.08164608,45.23872,45.75,9679316770.18633
3886,VNM,1997,0.26034748,3.9566718,3.4,,,,,,93.5,26843700441.5482
3887,IDN,1991,1.5540621,4.0723532,3.8,,,,,,97.5,116621996217.133
3888,LBN,2012,26.212105,15.390609,11.9,48.187809,,,78.05803939,90.01551,,44016799515.7546
3889,NIU,2018,64.249015,28.924617,,8.2154493,,,,97.7571,1.9,
3890,GEO,2016,30.253759,11.582849,,21.280918,3.9,,72.63239027,86.87499,18.3,15444548901.9637
3891,BFA,2013,3.9218128,5.6222528,4.1,16.501362,,95.0,59.96461158,19.48161,92.4,13444300485.8412
3892,MNG,2007,14.419717,6.8329237,7.0,11.910376,1.3,,66.37749458,52.32919,70.3,4234999703.90059
3893,IND,1991,0.85884305,9.4571099,4.6,,,,,,87.7,270105341879.226
3894,PRY,2017,28.715715,11.115742,,32.698212,1.2,,75.34684774,89.64469,32.8,38997129473.5558
3895,BTN,2016,8.8756934,12.319373,,10.078754,,,73.28424565,71.39454,17.8,2357504760.78592
3896,WB_UMI,1991,5.8202211,4.9196482,4.9,,,,,,,
3897,SAU,2003,29.015076,19.13397,10.0,57.322075,,,71.30662801,95.19317,0.0,215807733333.333
3898,MAR,1997,10.136448,9.8254018,6.3,,,,,,13.5,39147844526.0838
3899,PRT,2002,15.340389,7.3644556,7.4,42.948147,,,77.14647451,97.79516,0.0,134795565549.419
3900,NPL,2001,1.3306713,7.6704279,6.1,11.238417,,,66.16930825,16.51269,93.5,6007055042.17687
3901,EGY,1995,23.365848,9.5596947,9.2,,,,,,43.5,60159245060.4541
3902,FIN,1994,14.407736,5.0982267,6.7,,,,,,0.0,103182697780.307
3903,LAO,2019,6.8515815,7.9151444,,15.673491,,,68.35701918,78.94809,91.9,18740561512.5555
3904,ATG,1994,14.715263,8.8322304,5.9,,,,,,0.0,625081481.481481
3905,WB_LMI,1990,3.3533599,7.6294333,4.3,,,,,,,
3906,FSM,2019,45.596629,30.083635,,30.953568,,,65.9434567,90.4539,86.9,394000000.0
3907,AFR,2022,12.084236,8.5818119,,17.290684,,,,36.39706,76.55,
3908,MMR,2015,5.7964545,9.3274742,,21.531542,6.2,,67.42672255,71.25587,78.9,59607290407.6191
3909,SVN,2005,15.237048,8.3141893,7.9,19.19796,0.0,,77.44125575,99.11168,0.0,35947936823.7781
3910,SGP,2021,13.142091,13.696636,,23.143036,,,83.85708962,100.0,0.0,436591382250.464
3911,TKM,1990,8.5244223,8.735206,4.3,,,,,,3.75,3189539641.3171
3912,DZA,2004,15.177245,10.302447,7.4,24.561886,,,73.76320427,85.55907,1.9,91913680985.1708
3913,GHA,2007,8.9053534,4.408361,4.2,18.550148,,,60.66755486,11.94375,88.2,24827339138.4906
3914,SEN,1996,3.4235984,5.3202961,3.9,,,,,,71.7,6559712165.96508
3915,VUT,2017,19.680123,16.770934,,8.3941031,,,66.98064455,49.40308,85.2,880043284.399407
3916,POL,2014,23.173168,10.041187,9.5,31.005335,0.0,,77.47281866,97.00371,0.0,542134167178.627
3917,EUR,2021,22.371626,11.179293,,24.836569,,,76.28728907,96.78604,2.65,
3918,LAO,1992,1.540128,4.4181444,3.4,,,,,,98.8,1127806944.61513
3919,TZA,2019,10.783537,5.1510148,,4.971077,,,66.78631383,29.09939,94.0,61026731925.9213
3920,MAR,2010,15.713571,13.868827,10.6,22.578655,,,72.37286998,77.91863,3.4,100865329473.44
3921,BFA,2008,2.8855408,4.3938555,3.6,16.488342,,,57.43072999,16.25968,95.0,9451435490.11467
3922,NGA,1991,2.4245985,4.9094241,2.7,,,,,,99.4,59526833412.3581
3923,BGD,2005,1.3419455,11.142185,6.2,21.149612,25.7,,67.78759761,32.44318,90.6,69476001239.419
3924,HRV,2005,18.23651,8.0815375,8.0,15.312483,,,75.47609796,97.71211,0.0,45013119281.806
3925,SYR,2003,24.528827,12.450947,7.8,31.717184,,,72.65734085,88.90367,1.2,21828144686.0394
3926,CZE,2011,21.504064,8.6432777,9.2,23.209963,0.0,,77.78639074,99.13211,0.0,231429378717.312
3927,HND,2020,28.092849,10.442752,,35.88401,,,70.3347631,82.78203,51.1,23352232483.755
3928,BHS,2015,42.072505,17.879593,,37.403961,,,72.92357543,94.93058,0.0,11837600000.0
3929,NPL,2012,3.3777904,10.362314,8.7,9.2666655,,,69.78951932,48.45818,74.9,21703100877.1309
3930,CMR,2015,12.534451,9.6636578,,20.141224,,,58.9843954,41.4078,77.2,32210233020.4569
3931,DJI,2022,11.346781,7.7719979,,16.979588,,,,66.90521,90.2,3562814908.76149
3932,DJI,2020,10.321248,7.3468685,,16.986313,,,65.26548162,66.72264,90.3,3144136196.6228
3933,BRA,2003,13.660304,6.5469168,6.1,32.715969,11.1,,72.30491342,75.81264,9.3,558233745651.874
3934,GRC,2006,22.131526,9.9171571,8.2,30.786886,0.5,,79.74258324,98.19831,0.0,269073415333.676
3935,DMA,2007,21.525547,18.867958,9.4,22.652466,,,,72.83234,13.5,444685185.185185
3936,CMR,2003,8.2656592,4.5783143,3.8,23.354454,,,53.05889292,38.59077,87.3,15970315034.9903
3937,RWA,1999,0.97062709,2.9153159,1.8,,,,,,99.9,2157108262.84452
3938,HUN,2002,19.166353,8.9069217,8.2,18.763386,,,72.48544621,98.03961,0.0,67636468625.0428
3939,BFA,2014,4.1547708,5.9830781,4.2,16.505409,43.7,,60.46448541,20.08019,91.7,13943016076.7436
3940,LAO,2021,7.6065689,8.9590617,,15.775482,,,68.23189407,79.32396,90.4,18827148530.9347
3941,LVA,2007,20.153843,7.6593198,8.6,18.730949,0.5,,70.75226957,89.31975,0.0,29420499247.7089
3942,TCD,2009,4.0188141,6.1334215,4.1,21.014183,,,55.19430969,10.48359,97.5,12317614053.6841
3943,BFA,2002,1.7521031,3.7906233,3.0,16.161009,,,52.90685822,11.39374,96.9,3622350062.96053
3944,ZWE,2022,14.210777,9.6204408,,17.698755,,,,34.61786,69.5,32789657377.9788
3945,CUB,2018,19.456716,14.062484,,56.07415,,,77.85421876,90.16026,5.8,100050036096.123
3946,ERI,1995,0.89310426,4.8056275,2.1,,,,,,97.9,578015625.0
3947,AFR,2002,6.442896,6.0851786,3.9,21.300076,,,53.8387504,25.87102,86.41,
3948,BWA,1995,7.8468651,5.353697,3.9,,,,,,65.3,4730599121.92704
3949,COG,1998,4.6121299,7.4777022,4.0,,,,,,93.2,1949481379.21951
3950,QAT,1991,18.947339,10.105214,8.1,,,,,,0.0,6883516483.51648
3951,MDA,2013,22.963351,8.2570478,9.1,12.595661,0.1,8.0,71.32497048,78.92422,4.9,9496717875.51932
3952,BHR,2019,34.90743,16.368805,,37.60387,,,76.02945447,100.0,0.0,40446808510.6383
3953,GHA,2002,6.9187179,4.0225632,3.8,17.49539,,,59.31647181,7.23252,92.4,6166197847.85031
3954,KGZ,2004,14.921963,7.199318,6.1,17.060369,13.6,,66.99096069,93.10184,39.5,2211534585.0034
3955,SLV,1990,12.113187,4.7048014,5.2,,,,,,66.3,4817542204.0
3956,IRL,2009,24.01749,5.6003977,6.7,32.081306,0.5,,79.53106576,89.95046,0.0,236443117248.477
3957,SYC,2015,26.208946,15.81333,,20.785852,,,73.16237091,99.06007,0.0,1432403352.12944
3958,AFG,2012,10.262612,14.184703,8.0,27.400879,,,59.92210578,38.86031,77.1,19907329777.5872
3959,KIR,2014,43.795848,19.083455,22.0,35.359505,,,61.63073757,42.22958,94.5,200287281.98074
3960,PRI,2014,35.846338,25.142464,,38.523365,,,79.89363862,,0.0,102445800000.0
3961,ROU,1994,9.1840081,3.7043616,5.9,,,,,,0.0,30072805104.2542
3962,DJI,1990,2.2623071,4.3318782,4.5,,,,,,96.9,452328087.282876
3963,AUS,2020,29.272527,9.6649855,,25.544798,,,83.36758916,100.0,0.0,1328414058378.38
3964,NZL,2019,32.297948,10.293067,,19.06703,,,81.81181567,100.0,0.0,213006341101.869
3965,WSM,2001,47.3892,12.826666,14.7,37.105621,,,69.77577511,91.55192,81.5,266299591.479428
3966,LKA,2010,5.0065152,14.343682,6.8,25.975603,,,74.13617419,84.88837,78.0,58636161081.712
3967,WB_HI,1999,16.331664,7.8053899,7.1,,,,,,,
3968,MNE,1999,11.140834,6.5303847,6.9,,,,,,33.3,828950327.353261
3969,CAN,2014,24.967441,8.2022153,7.2,33.054905,,,81.59103957,99.17775,0.0,1805749878439.94
3970,SEN,1994,2.9576341,5.0998237,3.7,,,,,,75.4,5034588195.55806
3971,EGY,1996,24.228826,9.8106861,9.5,,,,,,38.6,67629716981.1321
3972,KGZ,2009,18.085529,7.5435624,7.0,17.525997,2.1,,68.88847772,94.93404,30.3,4690061380.60253
3973,BLR,1999,18.089163,5.3645093,7.7,,,,,,8.4,12138243080.6258
3974,NPL,2009,2.6531303,9.5748439,8.1,9.7240667,,,69.26898964,38.9431,80.0,12854985464.0764
3975,MLI,1992,1.7395679,4.0790372,3.0,,,,,,99.6,2830673378.13006
3976,MYS,2006,12.68584,11.612044,8.4,41.191528,,,74.30399222,94.12057,2.2,162692258307.056
3977,PAK,2008,9.8592982,13.499187,8.5,32.526482,,,63.66141289,45.88949,66.8,202203748583.854
3978,SEAR,2022,7.998073,19.330767,,40.386635,,,,78.99064,30.21,
3979,BRA,2010,17.634043,8.1372499,7.3,35.046566,,,73.92337469,81.85421,6.0,2208837745100.55
3980,THA,2003,6.5843396,7.4279368,6.7,17.27936,,,72.03975902,93.25367,35.6,152280615245.887
3981,FSM,2006,39.784306,24.842739,14.8,39.866917,,,64.28893329,49.57548,88.9,253541900.0
3982,NER,1996,1.4345543,4.1386828,2.6,,,,,,99.2,2405686940.0464
3983,NAM,2012,14.024325,7.4652575,5.2,30.488295,,,61.49462249,32.87362,58.0,13042053591.6857
3984,SWE,2003,13.16486,5.4145124,6.7,26.380756,0.2,,80.00643909,99.16164,0.0,334074051172.972
3985,OMN,2013,25.321573,13.843489,7.5,36.558758,,,73.91615999,98.48642,0.0,89936020806.2419
3986,MKD,2017,24.6889,11.827935,,24.700428,,,75.98451895,96.71744,24.1,11307067069.6658
3987,BHS,2012,39.772788,16.688022,12.1,37.53923,,,72.84562635,93.90227,0.0,10720400000.0
3988,SEN,2007,6.5948062,6.1452545,4.6,19.513874,,,63.89029063,44.23059,63.8,13994218412.9619
3989,LBN,2010,25.390035,14.537337,11.2,45.979916,,,77.96731586,87.39716,,38443907042.1227
3990,NZL,2017,31.45566,9.7550906,,19.359858,,,81.16380852,100.0,0.0,206745969246.073
3991,MDA,2011,22.843184,7.7744745,8.6,13.087757,0.3,,69.82070445,77.61598,6.8,8414352020.49442
3992,FRA,2008,12.306335,6.429743,7.5,33.604973,0.0,,80.87497757,98.657,0.0,2926802941585.86
3993,FSM,1999,37.226892,19.442545,11.7,,,,,,89.2,220140500.0
3994,NOR,2011,16.27132,6.7349769,6.6,33.863495,0.0,,80.96925391,98.06163,0.0,501360549669.404
3995,ALB,1993,11.255105,4.7284652,4.7,,,,,,78.25,1185315468.46295
3996,ESP,2006,19.653201,9.7544216,8.8,36.053867,0.7,,80.67223061,99.84873,0.0,1261846683275.29
3997,WB_LMI,2014,8.8964581,13.540015,7.7,31.58868,,,68.03975837,,,
3998,USA,2006,33.014348,10.215388,8.0,31.069365,,,77.68331379,99.87105,0.0,13815583000000.0
3999,DZA,1996,11.844972,8.9377552,5.6,,,,,,6.4,46941554225.3581
4000,BIH,2014,17.976536,14.394695,9.3,18.202652,,,77.17772515,95.29053,57.9,18558733564.4692
4001,TKL,1994,56.150872,24.137069,,,,,,,68.5,
4002,COK,2012,62.456352,31.488591,26.1,38.519444,,,,84.22968,20.1,
4003,EST,2016,21.429379,9.6062295,,15.004502,,,77.71059498,99.06308,0.0,24561027787.7896
4004,RWA,1993,0.64994907,2.8134724,1.2,,,,,,99.9,1971525711.83511
4005,CHL,2003,22.792877,8.5176066,8.7,24.898355,4.2,,77.44592963,93.80314,0.0,76492579644.0605
4006,TON,2003,55.752987,17.525607,16.4,31.81085,,,71.25830559,88.58888,58.2,202246591.215502
4007,BRN,1995,10.46079,7.8029215,5.8,,,,,,0.0,7700144056.74744
4008,AMR,2014,28.737929,12.028684,8.9,32.980064,,,76.83106727,90.27844,8.31,
4009,LKA,2012,5.7161983,15.983354,7.3,27.710354,1.9,,75.63306733,86.55296,76.6,70447216891.3366
4010,WSM,1990,37.833783,8.9701466,8.7,,,,,,89.5,125766269.755358
4011,SDN,1997,5.7491913,9.5926113,,,,,,,96.5,11681175864.3383
4012,LBR,2009,8.9576825,10.251265,4.8,24.05806,,,60.0506239,15.46139,99.6,1768000000.0
4013,SLE,1994,2.311728,5.1696178,3.2,,,,,,100.0,911853802.365613
4014,VNM,2007,0.53001852,4.2183597,4.2,19.588562,,,72.30106944,63.49686,63.0,77414425532.2452
4015,FRA,2022,9.6984781,4.4633899,,23.179119,,,,98.646,0.0,2796302210398.84
4016,VUT,2004,16.927215,8.7815061,9.3,13.584207,,,65.14603809,55.66557,86.4,364996869.129618
4017,CAF,2004,3.9153174,12.505719,4.2,18.895254,,,45.61618547,20.40632,99.5,1272360517.32373
4018,TKL,2011,64.532238,35.061231,,,,,,,67.5,
4019,SVK,1994,13.536759,5.7407171,6.2,,,,,,0.0,20428139755.6056
4020,IRN,2004,16.764997,7.101614,6.6,32.261623,,,74.56900109,81.16331,5.45,187754571246.703
4021,SGP,2003,5.2344427,10.496242,8.6,24.481081,,,79.61117466,100.0,0.0,97646401095.6369
4022,CHN,1993,1.5461765,4.5926735,4.4,,,,,,66.1,446557291212.148
4023,KAZ,2014,16.521442,8.6585104,11.5,23.711945,0.0,,71.47528342,97.6697,7.0,221415613595.469
4024,SVK,2013,21.313964,8.2495473,8.4,24.304598,0.2,,76.47557345,97.71413,0.0,99134277850.3418
4025,CHL,1995,16.841273,6.013146,7.3,,,,,,0.0,73820425701.6603
4026,NZL,2007,26.652569,7.7865556,7.9,20.789957,,,80.04299252,100.0,0.0,137188946865.584
4027,MDA,2020,22.987212,10.989249,,11.106687,,,72.14867013,83.68727,2.1,11530746234.4492
4028,VCT,2021,32.531589,16.151269,,30.102814,,,72.55709418,,9.2,888677777.777778
4029,MKD,2021,26.933661,14.155369,,25.796831,,,72.99535604,98.97482,20.4,14000283827.0154
4030,MLI,1990,1.4640407,3.989917,2.9,,,,,,99.7,2681912148.69842
4031,GUY,2014,22.732639,17.458065,9.1,31.445107,,,66.55197342,86.10008,0.0,4127660151.8087
4032,TCD,1999,2.0164235,5.0814383,3.1,,,,,,97.0,1534673583.2487
4033,ROU,2010,19.794305,7.6436386,7.6,25.55489,4.5,,73.69918195,78.98116,0.0,170064350671.827
4034,EST,2022,22.163188,12.178248,,15.939185,,,,99.06022,0.0,38376046174.971
4035,SYR,2013,29.735985,15.803064,11.5,34.856586,,,64.68588767,91.909,2.7,21361254635.051
4036,IRL,1994,15.422586,4.7711883,5.4,,,,,,0.0,57097656065.96
4037,GUY,2005,17.128724,12.570132,6.6,28.011364,,,65.05195592,80.77586,0.0,824880550.343965
4038,BHS,2014,41.314563,17.496306,12.7,37.448372,,,72.64786335,94.58781,0.0,11139100000.0
4039,BFA,2010,3.2919168,4.7923569,3.8,16.515675,,,58.61217661,17.59317,94.2,10109619740.6994
4040,TZA,1992,2.2434227,4.0475417,2.5,,,,,,99.8,6681997469.31292
4041,LTU,2022,25.355321,14.758511,,20.225798,,,,95.30674,0.0,71033884499.7824
4042,BEL,1994,12.944634,4.5797333,6.7,,,,,,0.0,244884129491.198
4043,BRA,2000,12.316149,6.2304653,5.7,31.879,,,71.4995438,73.1288,11.0,655448231983.527
4044,CYP,2002,18.904747,7.3148005,6.7,42.470135,,,78.99615853,99.73965,0.0,11420228846.1538
4045,TKL,1991,54.185098,22.172901,,,,,,,68.8,
4046,SSD,2022,8.6038262,7.4813038,,16.257408,,,,16.05518,100.0,
4047,KIR,1990,30.88066,11.444786,8.6,,,,,,99.8,36534294.7991591
4048,KEN,2011,7.7635586,3.6011748,3.6,10.6184,,,61.98126671,32.12776,92.1,46869473150.61
4049,SVK,1997,14.266115,5.8019709,6.3,,,,,,0.0,27844628979.2682
4050,BGR,2011,17.353885,10.658956,9.7,25.686758,2.2,,74.07018001,85.9417,,57681293006.9721
4051,GMB,2015,10.752814,8.5809737,,21.298756,10.1,,63.79523685,46.66468,97.9,1378176608.93204
4052,FJI,2006,24.909846,15.359753,12.9,20.845169,,,67.08069927,89.94934,70.1,3076305452.86506
4053,ZAF,1995,19.485892,9.8425716,5.8,,,,,,51.4,171735933897.331
4054,IRQ,1999,25.355124,11.290096,8.4,,,,,,41.2,36881601583.8194
4055,VCT,2016,29.132119,14.174303,,28.492699,,,72.98153488,89.64348,6.1,814303703.703704
4056,KHM,2014,2.5585286,5.1273633,5.9,13.154766,,,68.40636847,50.72396,81.5,22041463967.9009
4057,JPN,2021,5.3280465,10.957246,,43.929962,,,84.46067178,99.94064,0.0,5039148168861.22
4058,OMN,1992,14.454307,10.010692,5.5,,,,,,0.0,14183615084.5254
4059,SRB,1991,12.88328,6.6226497,6.2,,,,,,52.0,
4060,KHM,1990,0.52955751,3.2411691,2.9,,,,,,99.6,1402541176.5121
4061,SAU,2016,37.41985,16.405089,,53.75983,,,76.75114086,95.29908,0.0,689279466666.667
4062,LBY,2001,25.044107,13.514687,8.7,34.502834,,,73.7423441,90.41988,,34112093927.254
4063,CHL,2019,35.988921,14.530593,,35.795231,,,81.02769155,100.0,0.0,278285058719.466
4064,KEN,2006,6.0593162,3.6808155,3.1,11.74945,,,57.46429328,30.22314,95.5,25825512284.2891
4065,MEX,1992,15.90113,9.2746682,6.2,,,,,,23.65,363157832923.734
4066,GTM,2008,17.402069,12.59926,6.8,17.686621,,,71.01416309,64.64834,63.3,38503720224.3166
4067,KHM,1999,0.91520101,3.2894921,3.9,,,,,,97.1,3517242477.2548
4068,SEAR,2009,3.839966,12.414592,7.0,27.844481,,,67.80764711,46.22924,67.98,
4069,MLT,2016,30.973616,12.939337,,44.824486,,,81.88080877,99.96457,0.0,12025782885.2772
4070,MNE,1991,9.5550999,5.5698674,5.7,,,,,,36.4,
4071,THA,1999,5.4280534,6.6264369,5.9,,,,,,41.9,126669211778.94
4072,GAB,2016,17.450835,10.362102,,21.590057,,,64.25526743,48.91162,12.9,14023890265.3665
4073,PRI,1997,23.061204,13.886946,,,,,,,0.0,48187039000.0
4074,GRD,2002,17.951165,12.390303,7.1,27.91934,,,71.12022945,90.31555,7.1,540336925.925926
4075,SAU,1990,19.992548,14.239155,6.8,,,,,,0.0,117630173564.753
4076,NIC,2015,29.378548,10.894371,,36.18539,,,78.26048387,71.85388,48.9,12756696261.0676
4077,WB_UMI,2011,10.574474,8.7150954,8.6,23.651258,,,73.48016867,,,
4078,TTO,2010,24.129583,22.187462,10.3,40.117584,,,73.32339874,92.57616,0.0,22157920592.3669
4079,MLI,2022,11.372638,6.4788707,,29.820065,,,,50.20855,98.7,22374051349.9445
4080,ZMB,1994,2.6447488,3.8267903,3.1,,,,,,87.5,3656806165.78848
4081,MDV,2006,8.6154252,5.2652035,7.4,24.84429,,,73.36205884,82.94542,21.7,1575200390.625
4082,LKA,2022,10.563637,27.206916,,37.182419,,,,95.08636,65.8,74143020262.8076
4083,PAN,1997,15.176904,5.0269313,5.6,,,,,,0.0,10058854400.0
4084,SLE,2005,4.8627745,6.0729139,3.8,16.660288,,,52.10902537,9.53865,99.8,2545275312.60512
4085,BWA,2006,12.650856,5.8554072,5.0,26.98361,,,54.88555112,59.87078,46.9,9919158482.41085
4086,PAN,1996,14.527237,4.8726603,5.4,,,,,,0.0,9197503300.0
4087,LCA,2011,25.352883,14.714648,12.6,22.481798,,,76.24846107,83.45544,4.4,1568370370.37037
4088,SGP,2016,9.9884853,11.522488,,23.13641,,,83.24199269,100.0,0.0,319646468521.497
4089,COL,1996,10.022198,4.8954714,5.2,,,,,,26.5,97153389010.9466
4090,SVK,2016,23.02634,9.3742266,,23.881041,,,77.15076737,97.52626,0.0,90347173228.6356
4091,AUT,2014,14.307974,7.1301751,6.0,24.219566,0.2,,81.23527679,99.97859,0.0,438556021078.034
4092,ARE,2001,26.059046,17.993575,7.6,47.054634,,,78.27568092,99.15687,0.0,103311640571.818
4093,FRA,2004,12.288886,6.4765744,7.2,36.376347,0.0,,80.00018858,98.65997,0.0,2109792297237.03
4094,COD,2011,4.1915547,6.7455307,3.9,16.185995,,,57.88760041,19.12245,96.7,25839749199.3671
4095,SLV,2000,18.077204,6.9102816,7.0,30.307241,12.2,,71.64575132,80.56861,41.6,11784927700.0
4096,HND,2000,14.600861,5.2562758,4.7,27.836864,,,69.7632118,64.25637,69.7,7186638029.05875
4097,GHA,2000,6.0756993,3.9463799,3.6,17.043276,,,59.08500401,6.24573,93.8,4982850662.20851
4098,CZE,1990,19.617319,6.5803237,7.9,,,,,,0.0,41016881802.4843
4099,BTN,2009,5.9756525,11.031298,8.2,10.813088,,,71.27007127,61.06873,37.6,1331343797.77308
4100,AMR,2003,22.143281,8.8410296,7.1,29.632395,,,74.69714507,85.38293,11.2,
4101,EST,2007,19.731198,7.051184,8.6,13.669963,0.5,,73.12739174,99.43086,0.0,22450264166.4385
4102,KWT,2021,41.303608,24.210535,,63.274551,,,78.95211671,100.0,0.0,148350671614.185
4103,TKL,1999,58.944023,27.582422,,,,,,,67.6,
4104,ZWE,1990,5.6750953,5.9792258,3.2,,,,,,65.9,8783817407.25857
4105,LTU,2021,25.094804,14.449213,,20.367708,,,74.13314711,94.79596,0.0,67037321008.9679
4106,NPL,1991,0.54293466,6.3164629,4.2,,,,,,99.7,3921476084.89072
4107,UGA,1998,1.7282195,3.2604124,1.8,,,,,,99.1,6584815846.52754
4108,KEN,2001,4.4903338,3.6939628,2.8,12.978764,,,54.33283599,28.36561,97.9,12986007425.8781
4109,NPL,1999,1.1071699,7.3201492,5.6,,,,,,96.2,5033642384.10596
4110,SLB,2006,17.323531,6.4645201,8.6,30.248779,,,63.79244472,23.05825,91.7,617258154.260133
4111,GHA,1998,5.2758642,3.8688272,3.4,,,,,,94.9,7482069162.42008
4112,UZB,2021,29.134151,16.641948,,30.316221,,,72.18877681,96.1847,20.2,77340060003.0347
4113,SOM,2019,12.87439,7.1895823,,18.13439,,,55.21397342,38.23091,96.5,8655023960.00102
4114,MMR,2022,7.4263416,13.481537,,22.000977,,,,74.13015,51.1,62253049891.6449
4115,EST,1992,13.99688,4.9828522,7.6,,,,,,0.0,
4116,BRA,2014,20.753977,9.7483777,8.1,36.739151,2.8,,74.63621389,85.21064,4.6,2456043727198.85
4117,ZMB,2016,8.2667835,6.7324027,,14.680801,,,60.96146792,33.20939,86.7,20958412538.3093
4118,BHR,2021,35.720563,16.568813,,38.301353,,,74.38371772,100.0,0.0,40840212765.9574
4119,ESP,2013,18.565142,8.1951886,9.3,29.741404,1.2,,82.47881258,99.89917,0.0,1362186923157.65
4120,UGA,2016,5.315271,3.1738713,,6.4231672,41.7,,64.67477151,19.79224,98.9,29203988696.2626
4121,GNQ,1999,8.8181779,8.0924869,4.0,,,,,,81.7,621117885.668503
4122,WB_HI,2008,20.879625,9.254051,8.1,31.365835,,,79.31835213,,,
4123,STP,1994,4.3086428,5.8210392,4.9,,,,,,99.9,131338414.584209
4124,CMR,2013,12.006788,8.3691336,4.6,20.699797,,78.0,58.1602222,40.92061,78.6,33728621180.3231
4125,HND,2021,28.787917,10.727476,,36.328106,,,68.96309289,83.60218,50.7,28144331506.6149
4126,GHA,1995,4.2355664,3.7698805,3.1,,,,,,96.2,6464382807.67884
4127,DZA,1991,10.174315,7.7147663,4.9,,,,,,12.4,45715676428.2766
4128,TUV,1992,48.359492,13.126196,11.7,,,,,,98.5,10535028.1423687
4129,SOM,2009,8.3752736,6.51979,4.5,19.334612,,,50.66979598,27.25765,99.1,2948594552.44952
4130,ARM,2018,22.835818,12.179916,,25.690872,,,75.62030513,93.69326,1.8,12457940694.7395
4131,GLOBAL,2019,14.545152,13.222994,,29.937374,,,73.12337447,77.42785,30.482272384,
4132,BHS,1996,24.551362,9.278395,7.9,,,,,,0.0,3609000000.0
4133,ATG,2016,29.296759,19.034518,,35.730274,,,75.54812509,97.39048,0.0,1489603703.7037
4134,VEN,2001,19.491847,7.8947052,7.3,36.271004,11.0,,73.89650756,86.94445,2.6,122911036746.729
4135,ESP,2010,19.403346,8.8805497,9.0,32.567524,0.7,,81.693057,99.87743,0.0,1427989078916.67
4136,SWE,1992,9.2886932,4.3550648,6.2,,,,,,0.0,283912173666.678
4137,BOL,1993,9.7010061,5.9931368,4.3,,,,,,44.2,5734699488.84934
4138,HTI,2021,10.412314,20.660624,,27.913328,,,62.4563858,37.30085,95.6,20877414952.6375
4139,LVA,2013,21.948831,9.2236273,9.3,16.843042,1.2,5.0,74.12560449,90.83324,0.0,29152128167.8438
4140,GRD,2010,22.720943,16.051938,8.6,30.773989,,,71.08230057,92.489,7.5,771014814.814815
4141,HTI,1992,3.6010075,7.9356007,3.3,,,,,,98.2,2257129791.61575
4142,BHS,2010,38.140875,15.832989,11.7,37.600918,,,72.74533372,92.83828,0.0,10095760000.0
4143,TKM,1996,10.254159,11.28491,4.9,,,,,,1.4,2378759975.44506
4144,CHN,1991,1.390992,4.3372422,4.2,,,,,,67.3,384510452961.672
4145,BOL,2006,16.453698,8.9979663,5.5,21.958054,16.4,,69.1623043,41.57997,30.0,11451844902.2214
4146,KGZ,2010,18.747282,7.6919302,7.3,17.65522,4.1,,69.19156126,95.3014,28.7,4794361863.01353
4147,GHA,2004,7.7612698,4.1395903,4.0,17.947233,,,59.79633543,9.05995,91.0,8881417906.71432
4148,DOM,2002,15.561308,6.7472935,6.5,28.282965,5.6,,73.59133884,77.98204,14.6,27137440786.2562
4149,CHE,1993,9.5300652,4.3121479,4.7,,,,,,0.0,272237527070.926
4150,PAK,2006,8.6539991,12.418947,8.2,30.869108,,,63.07149815,42.21291,69.7,161871385506.36
4151,ECU,2013,20.761065,8.4871411,7.1,21.744051,3.2,,76.40415478,83.68007,5.9,96570334000.0
4152,IND,2007,3.0131331,13.823342,6.9,30.04962,,,66.09434841,33.8835,69.3,1216736438834.96
4153,GHA,1992,3.3949178,3.6512993,2.8,,,,,,97.2,6416103925.83267
4154,CAF,2005,4.1584037,12.769158,4.3,18.688019,,,46.14092523,19.97215,99.5,1337894378.73743
4155,NPL,2013,3.6559019,10.642961,8.9,9.1274519,,80.0,69.97888467,51.75956,73.2,22162204924.5726
4156,LSO,2021,20.382537,5.9371918,,8.0386152,,,51.47907482,50.29887,50.2,2412130021.64641
4157,NLD,2014,13.889955,7.7453539,6.1,12.689708,0.0,,81.45622695,97.74682,0.0,901556501756.467
4158,WSM,2000,46.581993,12.372594,14.0,38.528519,,,69.60483332,91.55053,82.4,258856139.798489
4159,BIH,1995,12.779187,7.5826451,5.8,,,,,,42.5,1866572953.73665
4160,SYC,2019,27.877891,14.992571,,20.50481,,,73.12375678,100.0,0.0,1868690096.73454
4161,PAN,2008,23.232196,7.1425617,7.6,43.191574,5.2,,76.98278869,70.73329,0.0,25721328000.0
4162,SOM,2011,9.1521926,6.5833621,4.6,18.973215,,,43.81163424,30.01958,98.75,2906000096.93249
4163,RUS,2014,22.670488,8.339715,9.3,14.858426,0.0,,70.68556822,87.56224,0.0,2059241589895.01
4164,ROU,2009,18.778308,7.0823364,7.5,24.750566,3.5,,73.44267621,78.10345,0.0,174110532658.867
4165,GRD,2013,24.506371,17.491227,9.4,31.941849,,,72.62189848,91.49389,8.5,842618518.518518
4166,LVA,2003,18.637107,7.0234925,8.3,20.008131,,,70.55494078,88.26265,0.0,11244337719.8377
4167,BOL,2012,20.496564,11.002632,6.3,21.878553,8.2,,71.0361986,51.47074,21.1,27084497481.9103
4168,CMR,1997,5.4100029,4.0149249,3.4,,,,,,92.3,10789458432.6416
4169,PRY,2013,25.565448,9.8071828,6.7,30.180233,1.8,42.0,75.03958612,85.43371,37.8,38501122141.4241
4170,SOM,2017,11.828548,6.9515377,,18.240295,,,54.18246164,36.10926,97.4,7621501710.0012
4171,MDV,2018,14.54504,8.6118869,,24.393185,,,78.67792046,97.20885,0.7,5404344162.69888
4172,ZWE,1995,6.0490582,7.5251102,3.7,,,,,,65.6,7111271272.58789
4173,SDN,1998,6.064944,9.8840088,,,,,,,95.5,11250221536.7484
4174,CUB,2013,16.816914,13.219662,10.0,49.544434,,7.0,78.31147223,87.70185,9.0,77148000000.0
4175,FJI,2015,29.629853,20.119084,,17.214079,,,67.8018416,92.74887,59.45,4682479893.97558
4176,ZMB,1992,2.3953168,3.7622679,3.1,,,,,,88.2,3182810841.01704
4177,TUV,2001,53.412956,16.505361,16.6,37.487541,,,,80.68665,91.1,13964732.327114
4178,SOM,1995,4.008555,5.4779347,3.3,,,,,,99.8,1534756134.55022
4179,MDA,1993,18.582508,5.3305097,5.9,,,,,,55.6,2371813323.57343
4180,AFR,2012,9.105853,6.8925492,4.9,18.990105,,,60.93267407,30.79207,84.1,
4181,GEO,2001,19.286571,10.766879,9.2,15.628904,19.4,,71.59125705,89.67806,53.0,3219462262.0075
4182,AUT,2013,14.231355,7.1068011,5.9,24.857231,0.2,,80.91227276,99.98045,0.0,426580502769.417
4183,NGA,2010,8.1288926,6.1967067,4.0,19.840126,,,59.78799099,34.69313,98.2,366990417129.04
4184,KNA,1990,19.866166,8.1582539,6.8,,,,,,0.0,217259259.259259
4185,BMU,2015,28.244051,22.617091,,,,,,,,6654541000.0
4186,LBN,2003,21.91816,12.173321,8.6,38.179977,,,76.80310121,78.23291,,20082918739.6352
4187,ISL,2002,15.31865,4.5456056,7.0,31.802258,,,80.30310703,98.79637,0.0,9318395054.85934
4188,BIH,2020,20.282736,18.313271,,20.264473,,,75.70792926,,59.8,20226036564.4129
4189,ECU,1991,9.9366836,4.2099401,3.9,,,,,,25.6,16988535267.6338
4190,QAT,2018,40.61988,16.782455,,52.109573,,,78.6332828,99.93655,0.0,183334953818.681
4191,SWZ,2017,26.355267,8.6780868,,19.935602,,,53.80924436,62.70906,52.25,4463673661.23006
4192,UKR,2020,23.231988,10.752849,,12.457048,,,72.49786713,97.74272,4.7,156617722013.342
4193,SYC,2017,27.012572,15.450902,,20.621223,,,73.0936681,99.16423,0.0,1675370641.01416
4194,UKR,2012,21.804969,8.490029,8.8,11.467161,0.0,,71.09437239,96.70564,5.2,182591753827.949
4195,GIN,2019,8.2052812,7.5345479,,16.773649,,,61.12869188,27.6064,99.1,13442861496.4454
4196,SGP,2019,11.773539,12.688699,,23.107512,,,83.8984774,100.0,0.0,376161998830.048
4197,HND,2018,26.735908,9.9210367,,35.012417,,,71.31264864,81.11363,52.3,24067750760.499
4198,AFR,1998,5.314833,5.7738643,3.5,,,,,,87.07,
4199,CAF,1992,1.7389718,8.8258706,3.1,,,,,,99.3,1411917553.12436
4200,GBR,2016,25.560129,9.6399657,,23.661474,,,80.81034292,99.11142,0.0,2689106566899.61
4201,DZA,2008,16.910124,11.374044,8.5,25.331125,,,74.83898594,86.53357,1.0,180383848331.135
4202,PNG,2016,18.093632,17.950785,,13.18517,,,66.19035356,18.94311,91.0,20758876952.6232
4203,GAB,2011,15.105499,9.5599167,7.7,22.75705,,,62.08769123,45.08019,18.2,18210307743.5816
4204,MMR,1990,1.938588,5.6343608,3.3,,,,,,99.7,2115193513.29556
4205,GRD,1997,14.994332,10.246425,6.3,,,,,,9.3,392190592.592593
4206,NRU,1998,66.328889,24.828191,25.4,,,,,,0.0,29664450.9258631
4207,BHR,2000,24.376607,10.88158,7.2,31.663984,,,69.68563925,99.93385,0.0,9062898936.17021
4208,ISR,2021,22.39669,9.4347522,,26.841045,,,81.74464677,99.93018,0.0,489851549972.347
4209,PAK,2003,7.0930764,11.055183,7.6,28.528305,,,62.14630981,36.59516,73.2,112371913740.823
4210,SRB,2000,14.416419,7.8232862,6.9,48.898308,,,71.49721977,95.51841,42.5,7326373882.11044
4211,JOR,2010,35.557047,14.845265,11.7,27.592573,0.1,,76.68909265,97.9706,0.1,27133804225.3521
4212,ETH,2005,0.93478309,4.9110819,3.1,12.742989,,,57.02975496,4.31644,98.8,12401139453.9738
4213,IRQ,2004,29.008186,12.510046,9.5,43.002899,,,69.06294468,72.78079,17.2,36633669269.3981
4214,PRI,2011,33.913499,23.240077,,37.432617,,,78.60025958,,0.0,100351700000.0
4215,MRT,2014,17.287061,7.627897,6.7,46.652649,6.0,,69.29386756,39.72632,56.2,6592537781.81518
4216,MDG,1997,0.9177329,4.9570616,2.7,,,,,,98.7,4262965419.74998
4217,NRU,1997,66.363633,25.000346,25.3,,,,,,0.0,37331507.2781343
4218,BWA,1999,9.5253229,5.5847876,4.3,,,,,,57.4,5484263346.88105
4219,MWI,2020,6.9402412,3.694493,,3.1716726,,,63.46287777,44.96115,98.2,11769313597.8545
4220,BRA,2016,22.494312,10.672942,,37.641136,4.3,,74.56188231,86.86024,4.2,1795693482853.01
4221,ZWE,1997,6.3118175,7.8170873,3.8,,,,,,65.9,8529572286.78717
4222,COD,1990,1.2499074,5.0693896,2.2,,,,,,99.7,9349764580.41173
4223,HUN,2021,31.000334,15.482169,,28.778082,,,74.39546955,97.98124,0.0,183282685440.486
4224,BTN,2010,6.3306205,11.200088,8.4,10.677344,,,71.72710313,62.62896,34.2,1708880730.20989
4225,NOR,1999,11.436101,6.0490929,6.3,,,,,,0.0,162383706021.13
4226,TCD,2010,4.1880984,6.2884912,4.2,20.6866,,,55.72346132,10.6144,97.3,14058506663.7252
4227,MAR,2018,19.736782,17.249206,,23.764347,,,73.60592779,85.40347,1.9,127341147581.818
4228,COL,2003,13.273171,6.596344,6.1,27.151628,12.0,,73.54484514,78.11051,19.4,94644969157.0987
4229,PAN,2021,35.10282,8.7888971,,56.649124,,,77.23869904,85.77681,0.0,67396392500.0
4230,SEN,2021,9.8800682,6.426049,,16.717901,,,67.79198263,59.14338,67.9,27520784129.7508
4231,TGO,2018,9.4565094,6.7574143,,14.289281,,,63.07923124,17.76945,91.0,7029300383.08031
4232,BMU,2017,29.550904,23.825896,,,,,,,,7142316000.0
4233,RWA,2006,1.6009361,3.1181665,2.2,16.436184,,,59.15292023,53.50337,99.8,3319784538.73346
4234,ZAF,2015,29.17468,12.271664,,46.819935,,,63.26267522,72.25935,16.1,346709790458.563
4235,USA,1992,20.195703,7.8787327,6.0,,,,,,0.0,6520327000000.0
4236,COK,2022,68.923724,32.191166,,25.422981,,,,85.43983,24.8,
4237,HRV,2008,20.237501,8.8112153,8.6,17.210487,,,76.07190817,97.15162,0.0,68478776205.9826
4238,TKM,2003,13.00374,13.713346,6.1,16.196253,,,65.88787813,93.13898,0.4,5977440582.80171
4239,MUS,1992,9.290608,12.178793,8.2,,,,,,20.2,3267677814.23984
4240,CHE,2022,12.111413,6.4246714,,19.034122,,,,99.89988,0.0,828508926958.393
4241,FRA,1991,10.490568,4.9227506,6.1,,,,,,0.0,1258961748633.88
4242,SVN,1990,11.574703,6.0654037,6.2,,,,,,0.0,19832029087.1272
4243,SVN,2008,15.713182,9.1950133,8.3,18.968592,0.0,,78.89957706,99.00494,0.0,55509332322.3578
4244,COL,2007,15.31647,8.0004618,6.8,28.531361,,,75.19865773,81.66712,16.9,206229540926.312
4245,ITA,1998,13.087267,6.8340309,6.9,,,,,,0.0,1272729786996.77
4246,AUS,2015,26.975617,8.05678,,25.819258,,,82.287472,99.99823,0.0,1351296372254.31
4247,TUV,2009,57.40115,16.389753,20.7,31.53791,,,,82.83876,61.4,28076983.9703819
4248,NIC,2009,25.576955,9.1728531,7.2,34.014694,7.3,,76.56414767,65.95548,56.8,8298702489.0801
4249,MNE,2017,16.262698,11.92011,,21.585331,,,77.14980899,96.657,38.2,4856599480.79882
4250,BIH,1991,12.144596,6.1749026,5.0,,,,,,40.7,6122959183.67347
4251,BOL,1990,8.5731007,5.5329911,4.1,,,,,,49.2,4867582597.51312
4252,VNM,2003,0.37639032,3.9535526,3.9,17.383934,,,72.11217075,55.66102,77.8,39552513231.9169
4253,TKL,2009,63.648725,35.252693,,,,,,,67.1,
4254,VUT,2011,18.283695,13.219015,11.8,10.218274,,,66.2618784,52.48507,87.1,770153588.218833
4255,PYF,1998,37.494674,12.383243,,,,,,,,3903186592.82431
4256,DZA,2002,14.306845,9.9461012,6.9,24.213469,,,73.0881827,85.03281,2.55,61516103406.1688
4257,PAN,2011,25.803062,7.8036353,8.2,46.278316,3.0,,77.51683567,74.09021,0.0,35687738300.0
4258,AGO,2008,7.5588331,11.994366,4.7,20.025875,30.1,,56.22016209,38.52751,56.1,88538665084.8634
4259,BGD,2016,3.458482,14.713922,,20.421829,14.8,,73.44362068,50.26029,80.6,265224515675.034
4260,RWA,1991,0.58594551,2.7203785,1.2,,,,,,99.8,1911600236.67461
4261,DEU,2022,20.40371,10.981209,,11.978459,,,,99.2262,0.0,4163596357879.39
4262,TUV,1991,47.686899,12.688176,11.1,,,,,,98.7,10127313.9132358
4263,PLW,2003,37.383813,20.2766,18.2,34.049271,,,,93.11749,0.0,154559900.0
4264,BTN,2020,11.00525,13.310242,,9.927227,,,74.45119684,76.68856,11.7,2457604333.90927
4265,BHR,1993,19.234125,8.8319063,6.2,,,,,,0.0,5913001063.82979
4266,BIH,1998,13.344498,7.6398477,6.7,,,,,,44.8,4116774300.60671
4267,DOM,2004,16.941626,7.50622,7.0,29.110483,8.5,,72.74531085,79.12547,13.4,22322387382.494
4268,DEU,2006,19.862199,9.8191917,6.8,18.178465,0.0,,79.60448013,99.22177,0.0,3046308753670.58
4269,NIU,1994,51.513892,20.245494,13.8,,,,,,44.3,
4270,SLV,2020,29.750276,11.640765,,38.347881,,,72.06392712,87.12199,8.0,24921190000.0
4271,TUN,2000,16.32697,8.7458067,7.6,22.688332,5.9,,74.30098477,76.51508,8.9,21473528160.7782
4272,MAR,2019,20.234507,17.614534,,23.934278,,,73.7488551,86.32823,1.7,128920266409.458
4273,UKR,2002,19.048475,6.9529429,7.9,10.421503,1.7,,67.49385199,94.59595,7.9,43956163612.0433
4274,GNB,1992,2.2193812,5.0230943,2.8,,,,,,98.0,588309271.28603
4275,ZAF,1996,20.234613,10.095096,6.0,,,,,,50.1,163234925380.563
4276,GIN,2020,8.6253338,7.805346,,16.734058,,,61.15586466,28.80453,99.0,14088693742.9464
4277,LSO,2012,15.891691,4.9803242,5.9,9.3207674,,,49.02029182,34.58343,65.7,2477702216.26888
4278,KWT,1990,27.610368,11.73912,9.6,,,,,,0.0,18427777777.7778
4279,BHS,2009,37.290496,15.383691,11.4,37.620491,,,72.80785073,92.30837,0.0,9981960000.0
4280,MWI,2019,6.5726653,3.7123244,,3.4454036,,,63.22930485,42.80384,98.1,11051865579.8121
4281,IND,2021,6.8927214,20.71595,,48.09787,,,67.30780612,75.48374,29.8,3167270623260.47
4282,MUS,1991,8.8805147,11.752873,8.0,,,,,,22.8,2895354736.18332
4283,YEM,2013,9.5447235,10.402659,7.4,25.235233,,32.0,68.75410162,50.88232,41.6,40415233436.0836
4284,EST,1999,16.255054,5.7347715,8.0,,,,,,0.0,5756912265.75809
4285,OMN,2010,24.125354,12.962018,7.7,35.785294,,,73.02000136,96.21749,0.0,64993498049.4148
4286,MOZ,2011,5.7936925,5.3548753,4.3,7.9914861,,,53.5270243,22.58677,96.7,14619279988.716
4287,SVK,2009,19.220135,7.1352012,7.6,24.998379,0.4,,75.21656698,98.50384,0.0,89342984697.5246
4288,SRB,2016,19.744027,12.778039,,45.642696,,,75.67951218,97.50599,25.7,42225495909.5633
4289,POL,2009,20.803718,7.9768114,8.5,27.670086,0.0,,75.638685,93.60026,0.0,440891472247.096
4290,SRB,1998,13.918307,7.5087011,6.7,,,,,,44.8,21004077441.4802
4291,SRB,2010,17.525996,10.373537,8.1,46.780739,0.2,,74.27310939,96.50895,32.5,43536629233.1424
4292,BEL,2001,15.002191,5.0624236,6.6,46.123646,,,77.97358091,99.4848,0.0,236746141604.37
4293,LTU,2004,20.988332,9.0274505,8.5,23.391521,2.7,,71.87471415,86.32777,0.0,22743164431.1972
4294,CIV,1997,3.6346987,4.5208219,3.5,,,,,,84.0,18047558037.7036
4295,ECU,2014,21.4267,8.8312507,7.3,21.811653,2.6,,76.8969622,84.78001,5.7,102717794000.0
4296,NOR,2004,13.777101,6.4402275,6.6,32.831524,0.2,,79.81803393,98.06781,0.0,265268662473.297
4297,AMR,2017,30.560473,12.895322,,33.943264,,,76.8394961,91.20912,7.77,
4298,WPR,2015,5.759241,9.2460454,,24.904739,,,76.83133302,85.22985,27.1,
4299,JAM,1993,12.116375,6.3479364,5.6,,,,,,41.6,5440075675.74067
4300,IRN,2015,21.261312,11.689705,,40.733376,0.3,,77.27827213,88.17792,3.0,409191686496.677
4301,VEN,1993,14.914793,5.9892885,6.3,,,,,,2.0,60037460783.1941
4302,CZE,2007,20.334908,7.8321822,8.8,23.390234,0.0,,76.86519129,99.12451,0.0,190040702286.917
4303,ROU,1992,8.7476499,3.7496794,5.7,,,,,,0.0,25121666666.6667
4304,PHL,2014,6.2315986,6.8167806,5.8,31.825161,,,69.80391436,75.50928,56.0,297483555338.044
4305,GRL,2003,19.50091,5.6591343,,,,,,,,1558759823.08169
4306,GUY,2010,20.140766,15.378855,7.6,29.802135,,,66.14634849,83.69388,0.0,3432912516.92427
4307,ALB,2017,20.227243,11.115571,,22.729418,,,77.91038596,98.5473,20.3,13258268435.6048
4308,BGR,1995,12.447184,7.2169229,7.4,,,,,,,18991484420.36
4309,NOR,2014,16.985381,6.7914434,6.6,34.12355,0.0,,81.82844761,98.05792,0.0,501736471832.848
4310,ATG,1996,15.985014,9.3826748,6.2,,,,,,0.0,679140740.740741
4311,ISL,1993,11.110828,3.9266694,6.9,,,,,,0.0,6218581531.64347
4312,GHA,2016,11.150894,6.3484505,,19.795277,13.3,,64.70727537,21.52793,77.3,56144179397.8516
4313,PNG,2021,20.0673,18.579389,,12.541552,,,65.48786529,19.26172,90.1,26109413521.3117
4314,SSD,2001,3.0315403,5.3440373,,19.221581,,,52.94166517,,99.7,
4315,FSM,2005,39.405692,23.944646,14.4,40.654778,8.1,,64.2139938,45.48764,89.0,250281900.0
4316,LBY,2022,36.707202,26.047811,,45.562469,,,,92.106,,43246297921.8499
4317,BRB,2020,36.551526,27.023533,,43.211735,,,76.9491323,98.09246,0.0,5168344450.0
4318,THA,2009,8.7484032,8.7994106,8.3,20.423,0.2,,75.05244639,95.06909,28.2,281710630187.319
4319,NGA,1995,3.2610595,5.168749,3.0,,,,,,99.4,140919776986.364
4320,KHM,1995,0.70873415,3.2131981,3.5,,,,,,98.7,3441205692.9166
4321,GMB,2005,6.1327532,6.3508004,4.4,22.268862,,,60.52311247,46.57834,96.7,1027701067.55688
4322,FJI,2002,23.039706,12.696756,11.0,23.009052,4.9,,66.70441423,87.69983,71.4,1833279985.36741
4323,GUY,2011,20.763348,15.930173,7.9,30.186069,,,66.13531761,84.28344,0.0,3691384317.52178
4324,TZA,2015,8.7406561,5.2330118,,6.1358943,,,65.15719683,24.44164,96.6,47413919817.124
4325,BGR,2022,20.587641,15.799235,,32.280933,,,,86.05586,,90509236929.2237
4326,WSM,1996,43.233979,10.566638,11.8,,,,,,85.6,249907868.772424
4327,MAR,1993,8.8129818,8.6832397,5.4,,,,,,18.7,31655473663.8348
4328,SDN,2017,13.877486,9.0974465,,19.38855,,,69.04016145,36.57503,44.8,41283617976.1905
4329,MDV,2004,7.7533394,5.0789103,7.1,25.004997,,,71.34887566,80.36645,37.9,1226829562.5
4330,TON,2013,63.655198,20.623755,21.3,30.626743,,44.0,72.30723111,92.89715,32.0,451788498.263614
4331,MUS,2004,14.225662,18.284351,11.3,27.248341,,,71.98706152,91.72393,4.4,6667418752.07307
4332,BOL,1995,10.532372,6.3886024,4.5,,,,,,41.6,6715161732.22658
4333,SWZ,1993,11.322684,5.4482218,4.2,,,,,,83.6,1357189551.68431
4334,NPL,2021,6.5503709,13.838814,,8.2990828,,,70.04936795,80.40022,60.1,36924841394.2605
4335,SEN,1998,3.9567553,5.5209581,4.0,,,,,,68.3,6505607909.05324
4336,DMA,2004,19.717015,17.074038,8.7,21.412277,,,,69.0653,16.0,396711111.111111
4337,MEX,2016,32.027817,16.531985,,26.363066,2.5,,75.76103333,88.90782,15.2,1112233497452.7
4338,PNG,2006,15.256111,16.481994,8.9,16.213966,,,63.77212081,18.32151,93.8,8354911040.70193
4339,MNG,1995,8.8324174,5.5252165,5.2,,,,,,78.7,1452165005.2384
4340,MKD,2015,23.641562,10.828694,,24.223516,5.2,,75.34082067,95.41441,26.4,10064519962.5655
4341,EST,2015,21.301855,9.2534348,,14.861207,0.5,,77.63428878,99.05797,0.0,23311847750.9394
4342,PLW,1990,32.980689,13.736539,12.7,,,,,,0.0,97702303.0
4343,ISR,1993,15.627821,7.5219959,6.3,,,,,,0.0,79855877174.4429
4344,WB_LI,2017,7.6768547,7.7919021,,16.926701,,,63.30409889,,,
4345,ASM,2013,72.566152,31.721315,,,,,,,,638000000.0
4346,SWZ,2019,27.744937,9.1545597,,19.587563,,,55.74729385,64.52143,51.3,4616996144.90635
4347,WSM,2018,59.765321,15.505911,,16.693605,,,70.09269594,96.4846,65.5,878448433.404342
4348,MOZ,1991,1.7817913,4.2414978,2.6,,,,,,98.2,3854856434.58062
4349,JAM,1990,10.543966,5.7324816,5.2,,,,,,49.8,4592208086.69235
4350,CAF,1991,1.6276054,8.5224509,3.0,,,,,,99.3,1377374986.58709
4351,ITA,2002,14.081833,7.4874811,7.3,43.442253,,,79.95596277,99.8859,0.0,1281746271196.04
4352,TZA,2003,4.464167,5.3130191,3.4,11.764295,,,54.98804057,10.13624,99.3,15211487708.7684
4353,ASM,1995,66.354191,21.251695,,,,,,,,
4354,NIC,1995,16.270876,5.3872474,5.0,,,,,,72.9,4140470000.0
4355,VEN,2003,20.388107,8.3490372,7.5,37.343605,22.7,,73.64690409,88.03504,2.75,83620628582.1082
4356,MEX,1994,17.320843,10.021062,6.5,,,,,,22.0,553618247900.74
4357,GIN,2011,5.6409046,5.9978507,4.4,17.762688,,,58.59208329,18.83007,99.2,6785137203.33153
4358,NIU,2004,57.024026,26.727265,19.9,15.189271,,,,100.0,15.1,
4359,PER,2012,18.462308,7.4668735,6.6,29.454433,4.7,,79.02001015,72.50571,30.6,192650021648.583
4360,LCA,2021,32.665038,19.784312,,21.029047,,,71.1130421,83.36332,7.0,1867185185.18518
4361,NIC,2016,29.988992,11.116429,,36.548233,,,77.92580193,72.83194,47.7,13286093388.4752
4362,BEN,1999,4.1664612,3.8004547,3.6,,,,,,99.5,3677393998.74486
4363,AFG,2021,18.19454,19.669116,,32.733776,,,59.12690224,54.29859,64.1,14259995441.0759
4364,IRQ,2021,39.906403,20.302123,,51.592342,,,71.46632369,98.49597,0.6,209691945713.103
4365,GUY,1997,12.503214,8.9038864,5.1,,,,,,0.0,749138009.56454
4366,BGD,1996,0.56538959,8.6690508,4.7,,,,,,93.0,46438484107.5795
4367,MDG,2013,2.4537185,6.0119446,3.8,13.910164,,,63.11657152,10.07961,99.0,12423555455.3853
4368,QAT,2019,41.331652,17.171596,,52.545006,,,78.89595906,99.93655,0.0,176371267692.308
4369,UKR,2004,19.711608,7.2137624,8.1,10.623223,0.6,,67.43010343,94.9845,7.0,67220154164.3166
4370,IDN,1992,1.6379606,4.0623572,3.9,,,,,,97.3,128026966579.964
4371,MDA,2002,20.905496,6.2514983,6.9,15.3825,16.3,,66.13288732,72.31432,29.7,1661818168.4226
4372,TZA,1999,3.4465101,5.0023742,3.1,,,,,,99.5,12704334195.8151
4373,MOZ,2019,8.760038,5.6750875,,9.0529213,,,58.50505639,33.35031,94.4,15512759046.672
4374,TJK,2006,13.463798,7.9001084,5.3,27.769051,,,68.48925177,91.97069,42.3,2830213848.6203
4375,THA,2016,11.899276,11.398087,,24.641981,0.0,,76.9976755,97.45533,20.0,413366349747.508
4376,PLW,1992,33.943641,14.497256,13.6,,,,,,0.0,104771300.0
4377,BGD,2003,1.1074831,10.438482,5.8,21.323467,,,66.7835174,29.23187,91.3,60158929188.2556
4378,MNE,2020,17.255481,13.464309,,22.243681,,,75.47582429,97.77177,38.5,4769996866.00758
4379,CAF,1994,1.9867726,9.4631322,3.3,,,,,,99.3,851174356.781737
4380,KOR,2015,4.8099637,11.198886,,47.028152,,,82.40187033,99.90365,0.0,1466038936206.43
4381,MRT,2022,22.687952,10.138653,,38.518417,,,,55.92989,51.1,9557966698.25369
4382,GMB,2012,9.3643665,7.7504672,5.5,21.622862,,,63.20846898,46.4212,97.7,1415004738.26621
4383,MAR,2004,13.033816,11.7598,8.3,22.01862,,,71.03043411,72.23801,6.7,66114145451.0067
4384,KAZ,2022,18.376419,10.676024,,28.229771,,,,97.86085,5.9,225496328925.494
4385,TGO,2017,8.9988939,6.4901665,,14.201339,,,62.55310805,17.19931,91.9,6387422517.69225
4386,COL,2001,12.312434,6.020524,5.8,26.52145,19.7,,72.62895792,76.32097,21.1,98200641203.3892
4387,FJI,2007,25.402001,16.067845,13.3,20.351887,,,67.10363711,90.29462,69.8,3378314599.76402
4388,IRQ,2015,36.316866,17.381999,,48.808258,,,71.00605468,91.83475,1.5,166774104959.102
4389,URY,2008,22.25336,12.429141,10.1,30.404398,0.2,,76.39345878,94.53966,0.0,31119602538.8322
4390,NIU,1990,48.848316,17.861155,11.6,,,,,,56.7,
4391,LTU,1997,19.717754,7.4719056,8.2,,,,,,0.0,10168271903.3233
4392,MDV,2013,11.688483,6.4268909,8.4,24.32357,,,76.29978199,91.55806,2.9,3295009237.50107
4393,ROU,2002,12.846528,4.5225978,6.6,19.923672,,,70.90278508,74.41285,0.0,46065502702.5817
4394,GHA,2003,7.3438838,4.0753458,3.9,17.723448,,,59.53762932,8.13639,91.7,7632723555.66221
4395,NIU,2002,55.929053,25.527513,18.7,16.697891,,,,100.0,19.7,
4396,ETH,2001,0.70133251,4.788385,2.9,13.9244,,,52.82154779,3.09531,99.1,8231326016.47494
4397,CHE,1992,9.3994252,4.2107165,4.7,,,,,,0.0,279921425828.474
4398,HRV,2021,29.77671,13.57426,,27.503845,,,76.8616792,96.17282,0.0,69006802298.6956
4399,BGD,2013,2.7267229,13.805208,7.8,20.582253,,89.0,72.59072924,45.49616,84.5,149998957434.186
4400,ERI,2013,2.8166374,6.051949,3.3,11.969707,,63.0,61.71601531,11.63627,90.6,
4401,EUR,2020,22.129539,10.854882,,24.798105,,,76.92095687,96.70878,2.64,
4402,LAO,2015,5.5348001,6.3512094,,15.575581,,,66.87363139,69.323,94.3,14426380125.6488
4403,HRV,1997,13.833421,6.7155428,7.1,,,,,,0.0,24175764812.1218
4404,GHA,2022,12.931313,8.8522442,,21.162224,,,,28.58389,68.5,73919003209.9866
4405,ASM,2015,73.172534,31.452984,,,,,,,,673000000.0
4406,ARM,2002,16.085005,9.106148,9.2,23.393719,15.1,,71.58333169,87.71255,15.3,2376335048.39976
4407,GMB,1994,2.1799203,5.0257929,3.1,,,,,,96.4,746493951.900959
4408,CHN,2017,6.1112192,10.198035,,22.544445,,,76.94625698,88.06831,23.1,12537559062282.9
4409,TLS,2004,0.67007854,3.1294812,3.7,18.485146,,,65.10952919,37.88534,98.2,440772000.0
4410,SYC,2020,28.34287,14.773282,,20.468952,,,77.26435364,100.0,0.0,1382551751.56908
4411,CHL,1992,14.726926,5.1856395,6.9,,,,,,0.0,46538895685.8088
4412,CRI,1999,16.62083,7.1862392,5.6,,,,,,11.5,14254866284.6542
4413,WSM,2021,61.773157,16.032821,,14.220304,,,70.27372108,97.56596,62.2,843923638.733018
4414,TTO,2017,26.27933,27.298471,,42.651527,,,74.00520612,93.80064,0.0,23847765529.2959
4415,AZE,2007,18.860167,9.1714352,8.6,22.332804,,,69.26431968,77.22816,10.65,33049419431.2244
4416,PRY,2004,19.656011,7.5181626,5.3,25.311235,5.7,,74.56424274,75.34846,50.8,9624440836.29309
4417,TLS,2018,1.7427497,4.8301607,,24.495367,,,68.36839208,54.10659,87.6,1555988614.43594
4418,PAN,2000,17.233503,5.5220727,6.1,35.704086,12.4,,76.15178489,62.36763,0.0,11966497000.0
4419,BHS,2016,42.82518,18.25489,,37.361542,,,72.949178,94.93058,0.0,11880900000.0
4420,ZWE,1994,5.9431348,7.2997712,3.6,,,,,,65.6,6890675554.82589
4421,FRA,2006,12.36672,6.4944744,7.4,35.029301,0.0,,80.52598237,98.65848,0.0,2317861544690.82
4422,AFR,1994,4.353928,5.3800765,3.2,,,,,,87.73,
4423,FRA,1992,10.584588,5.0991248,6.2,,,,,,0.0,1389663073110.28
4424,MLT,1993,23.46404,7.6633967,7.7,,,,,,0.0,2709193538.42526
4425,RWA,1990,0.5577039,2.6682202,1.1,,,,,,99.8,2550185679.08109
4426,GAB,2019,19.132534,11.083861,,21.125931,,,64.97251699,49.78482,10.6,16874405465.391
4427,IRL,1991,13.70258,4.7017608,5.1,,,,,,0.0,49787502852.0725
4428,PHL,1992,2.0170392,4.1718859,3.7,,,,,,74.7,60422328242.1803
4429,BRN,2019,29.125273,16.286519,,31.560564,,,76.67529662,95.83092,0.0,13469235348.2211
4430,MYS,2015,17.717817,17.366418,,40.508072,0.0,,74.27826363,95.4332,6.9,301355266964.947
4431,PRT,1992,12.060788,5.8547031,6.3,,,,,,0.0,107592098307.098
4432,DOM,1994,10.470481,4.7066115,4.6,,,,,,29.8,14644734599.4778
4433,MNG,2006,13.815494,6.6842422,6.8,11.175529,,,65.78316962,50.8681,72.0,3414055661.61598
4434,BRA,1998,11.464416,6.0210053,5.5,,,,,,12.7,863710759256.435
4435,MYS,1998,8.2664207,9.5282406,6.6,,,,,,2.4,72167498980.8398
4436,MAR,1995,9.4388895,9.2605099,5.8,,,,,,16.0,39030285468.3841
4437,MNG,2015,19.60552,9.2321441,,19.228558,,,69.246045,62.777,56.2,11619892590.6941
4438,ARE,1996,22.800384,15.702194,6.4,,,,,,0.0,73571233996.1863
4439,AFG,2011,9.5871173,13.759491,7.8,26.887529,,,59.54863714,37.16457,78.7,17805098206.3141
4440,DZA,2019,22.279868,16.490434,,28.138479,,,76.54768313,86.1385,0.3,193459662090.677
4441,WB_LMI,2011,7.9188116,12.40773,7.2,29.190767,,,67.03129462,,,
4442,POL,1990,13.941874,5.7632294,6.6,,,,,,0.0,65977748210.5263
4443,AGO,2000,5.3015795,10.101216,3.5,22.192202,32.3,,49.36774351,27.55752,59.7,9129594970.15301
4444,PYF,2006,40.486905,14.579676,,,,,,,,5877997979.62266
4445,MOZ,2006,4.4145711,5.4010831,4.0,7.7170939,,,52.16412753,16.52116,97.5,9509835536.93373
4446,LAO,1999,2.2715678,4.5174338,4.1,,,,,,98.8,1454430642.44959
4447,VNM,2017,1.3228442,7.4409842,,26.420492,,,73.40138207,82.88576,11.4,281353605986.903
4448,SVN,2018,17.714985,13.580246,,18.643822,,,80.95873943,98.47126,0.0,53689067639.9176
4449,MHL,1991,34.204552,19.719946,11.0,,,,,,98.7,82507000.0
4450,CHL,2008,26.414096,10.188549,9.8,27.807983,,,79.19803048,96.16973,0.0,179894594475.405
4451,HND,1997,12.67443,4.8551522,4.3,,,,,,74.5,5737099650.19011
4452,TUR,1998,22.883792,7.5023003,7.4,,,,,,12.0,275941990764.18
4453,MDV,1994,4.4878822,4.6434548,5.3,,,,,,96.5,356014932.136461
4454,SUR,2001,16.295011,10.572157,8.3,36.337521,,,70.47457078,78.34981,23.4,834279357.798165
4455,UKR,1995,17.105919,6.0366768,7.5,,,,,,12.1,48213856468.5718
4456,SAU,2019,39.058155,16.251758,,52.588284,,,76.93147355,95.32358,0.0,888890133333.333
4457,WB_LI,2013,6.6758007,7.2862886,4.7,17.29513,,91.1597,61.93490536,,,
4458,PRT,1990,11.70487,5.5694479,6.1,,,,,,0.0,78713860216.5659
4459,SDN,1992,4.4669796,7.8391261,,,,,,,99.1,7031933491.84899
4460,JAM,2003,19.416684,10.054876,8.0,29.362402,,,73.46076447,83.03158,21.0,9430234810.78586
4461,ASM,2008,70.970011,32.20523,,,,,,,,560000000.0
4462,COD,2010,4.0247682,6.6985905,3.8,16.396826,,,57.39937072,19.49873,96.9,21565721044.8462
4463,WSM,1997,44.085971,10.969733,12.3,,,,,,84.9,285475591.89651
4464,PAN,2020,34.143403,8.7185413,,55.646294,,,77.34684989,84.57385,0.0,57059846500.0
4465,AGO,2007,7.2949827,11.757194,4.5,20.295708,,,55.35489997,37.25931,56.65,65266415494.2584
4466,FIN,2018,20.524879,10.095077,,11.812063,,,81.40768747,99.44797,0.0,273869255596.078
4467,MNG,1992,7.9665415,5.2880723,5.1,,,,,,79.3,1317611863.84977
4468,HRV,2017,26.601753,11.885927,,23.954885,,,78.12551064,96.13095,0.0,56186190437.9959
4469,BWA,2005,12.232246,5.8210813,4.9,27.300751,,,53.16798551,58.54847,47.9,9918907108.09702
4470,DNK,2007,12.153587,3.9541349,6.0,21.461437,0.0,,78.29892667,99.59724,0.0,320213157595.018
4471,TON,1991,48.103306,13.277955,10.7,,,,,,84.4,132201141.446861
4472,MHL,2006,39.7838,27.592048,17.6,35.083885,,,,86.66102,65.9,143200000.0
4473,CMR,2004,8.7630771,4.7638223,3.9,23.155178,,,53.56554781,38.8161,86.3,18826214135.6419
4474,BHS,2000,28.661427,11.029209,9.1,37.413357,,,70.96744554,87.60183,0.0,8076470000.0
4475,GLOBAL,2006,10.384376,8.8481016,7.0,25.007523,,,68.98465081,62.22552,46.736786498,
4476,COL,2009,16.422537,8.793176,7.1,29.285442,8.9,,75.75932913,83.4338,15.5,232468663109.595
4477,MMR,2004,3.8664903,6.4834349,4.7,21.47893,,,61.06960565,65.66502,96.7,10567354056.4049
4478,ARM,2012,20.321731,10.536173,11.6,24.582327,1.6,,73.66922093,91.68617,3.2,10619320682.9474
4479,NLD,2021,14.435869,9.0662859,,9.7685833,,,81.12478594,97.67775,0.0,1054472123449.6
4480,ERI,1994,0.84174564,4.7370523,2.0,,,,,,98.1,531688311.688312
4481,SVK,1990,12.833099,5.7010133,6.0,,,,,,0.0,12915046978.1615
4482,MUS,2012,16.470829,23.379733,13.7,28.377687,0.5,,73.69029649,95.07448,1.9,11668696396.7887
4483,DEU,2019,20.373897,10.614289,,12.97866,,,80.97360663,99.22538,0.0,3957208055215.68
4484,SYC,2008,23.58291,15.670805,8.5,21.606031,,,72.66235739,97.3619,0.0,979597394.293453
4485,BEL,2010,17.471328,6.2767558,6.3,36.952633,0.2,,79.84805119,99.48612,0.0,481556503720.001
4486,COL,2017,20.926742,11.356717,,32.441521,3.9,,77.7944403,90.42258,10.3,311866875156.879
4487,EGY,1997,25.114805,10.073049,9.8,,,,,,33.0,78436578171.0914
4488,PRI,1992,19.088882,11.380934,,,,,,,0.0,34630430000.0
4489,LUX,2006,17.735808,6.8302974,6.6,23.571798,0.0,,79.91412753,97.66695,0.0,42910146296.0646
4490,WB_UMI,1997,6.8018131,5.80764,5.6,,,,,,,
4491,QAT,2007,31.911853,14.160617,11.9,47.660667,,,71.89910857,99.93655,0.0,79712087912.0879
4492,DMA,2018,28.5119,23.829186,,28.164291,,,,,11.5,628244444.444444
4493,SYR,2020,33.089426,18.28927,,37.179344,,,71.99813819,94.30038,7.6,12047752036.091
4494,DEU,1991,14.139391,6.7601793,5.8,,,,,,0.0,1875792575132.59
4495,YEM,1993,3.85396,7.8349449,3.8,,,,,,53.4,21736802664.4463
4496,JAM,1995,13.331704,6.875661,6.0,,,,,,36.6,6577520642.82297
4497,VUT,1997,15.441185,6.0191799,7.7,,,,,,87.7,272771209.113662
4498,LTU,2019,24.597868,13.705464,,20.671818,,,76.24761609,93.76833,0.0,55122066225.796
4499,ATG,2014,28.029713,17.984784,11.8,34.972771,,,75.59206584,97.38176,0.0,1378707407.40741
4500,MYS,2003,10.939956,10.668116,7.8,41.174881,,,73.62194031,93.62669,1.8,110202368421.053
4501,MMR,2000,3.2116894,6.1243165,4.2,21.438553,,,59.37966802,63.45988,98.3,8905066163.58643
4502,HND,2013,23.341705,8.6653098,7.0,32.871376,17.3,50.0,69.35287284,76.76985,55.3,18499729214.904
4503,ALB,2014,18.544896,9.8885335,8.3,21.970249,,,78.01445206,97.18802,25.3,13296322588.1684
4504,TKL,2008,63.149124,35.258541,,,,,,,67.1,
4505,LAO,1996,1.9215029,4.4564039,3.7,,,,,,98.9,1873671550.34636
4506,WB_LMI,1998,4.5660887,8.8412456,5.4,,,,,,,
4507,ROU,1998,10.562255,3.8701978,6.2,,,,,,0.0,41696091973.7076
4508,TJK,2020,22.430275,10.86252,,34.665855,,,70.55595856,96.76532,15.2,8133963550.65742
4509,TGO,2021,10.996293,7.6401189,,14.636265,,,63.86461122,19.06793,88.6,8342243645.94438
4510,SOM,2000,5.2621577,6.0117386,3.8,21.338461,,,49.28203144,20.17332,99.6,3412797450.20112
4511,WB_HI,1995,14.299381,7.3039949,6.7,,,,,,,
4512,BMU,2002,19.848303,14.314967,,,,,,,,3937228000.0
4513,FIN,2022,21.509065,11.556874,,9.5760174,,,,99.44795,0.0,280253099309.34
4514,SYR,1993,18.635824,9.9656597,5.8,,,,,,3.8,13695962055.4771
4515,PRY,2014,26.326206,10.114744,6.9,30.795374,2.4,,75.31468858,86.49922,36.4,40377929295.6419
4516,MDA,2016,23.02916,9.2971779,,11.905644,0.2,,71.84582325,80.92734,3.2,7980917075.7748
4517,MAR,1999,10.907018,10.377198,6.7,,,,,,11.1,46266428648.1433
4518,TGO,2011,6.8233915,5.138693,4.5,13.983056,54.2,,59.7945853,13.98932,96.1,5422442166.44146
4519,TCD,2007,3.6404002,5.8511965,3.9,21.636017,,,53.97297101,10.27675,97.7,10865385131.5172
4520,SOM,2022,14.613833,7.6348126,,18.09794,,,,40.5758,95.2,10202767269.9992
4521,ERI,2002,1.4426503,5.5253457,2.6,13.838607,,,56.7567552,8.9863,95.6,729321680.154324
4522,WB_HI,2009,21.297413,9.4418772,8.2,31.487465,,,79.61497249,,,
4523,CHE,1991,9.2791118,4.1169249,4.6,,,,,,0.0,268901693863.319
4524,WB_UMI,2003,8.1313111,6.8371095,6.7,21.945976,,,70.31483368,,,
4525,BOL,2010,19.066343,10.27043,6.0,21.861605,,,70.42881387,48.08581,23.6,19649723722.1034
4526,SWZ,1994,11.854892,5.6689031,4.3,,,,,,82.3,1419294254.4183
4527,TCD,2005,3.2226011,5.608052,3.7,22.206896,,,52.94619682,10.10801,97.7,8655892392.92919
4528,BIH,2021,20.727228,18.998641,,20.661556,,,74.84944487,,60.1,23672712242.2149
4529,NIU,2009,59.678704,29.038519,23.3,11.948479,,,,99.24989,7.2,
4530,CHE,2002,11.028241,4.9073998,5.1,27.649963,,,80.41025592,99.88098,0.0,309301422430.386
4531,NER,1991,0.9741568,3.5810262,2.1,,,,,,99.4,3285796874.97125
4532,WPR,2020,7.578954,11.755223,,26.821241,,,77.70194212,92.18199,16.82,
4533,BEN,2008,7.1683191,4.7043212,4.5,17.081741,,,60.45115465,12.30712,96.2,9787734526.23965
4534,BWA,1990,6.0697585,4.9465571,3.1,,,,,,75.4,3790636324.44775
4535,GNQ,2009,12.981428,9.3491726,6.4,22.104,,,59.83637977,63.01432,77.4,15027795173.2187
4536,ZWE,2004,7.7443354,8.4305815,4.3,19.431576,,,45.152854,44.88169,67.6,5805598867.45729
4537,UGA,2006,2.9224766,3.2341074,2.2,9.3072538,,,55.99216305,17.67944,99.2,9977647682.96954
4538,EGY,1992,20.942761,8.8649049,8.5,,,,,,55.75,41855986519.4235
4539,SRB,2003,15.274043,8.3794132,7.2,48.266296,0.5,,72.44791076,95.50938,39.4,23593044417.5086
4540,PER,2000,12.129191,3.1696193,5.3,25.865126,16.3,,75.12364237,64.10405,58.9,51744749133.213
4541,PRT,1999,14.192261,6.8622731,7.1,,,,,,0.0,127470385557.184
4542,NZL,2004,24.590641,7.2378099,7.7,21.024181,,,79.15482107,100.0,0.0,103905210084.034
4543,BGR,2020,19.956113,14.80533,,30.988165,,,73.48961137,86.03511,,70550652466.6251
4544,NGA,2009,7.8386836,6.0494166,3.9,20.064541,53.5,,59.30198282,33.86029,98.5,295008835380.997
4545,ISR,2015,22.035493,9.7726576,,28.898275,,,81.91113219,99.96767,0.0,303469434072.296
4546,SEN,1995,3.182834,5.2119393,3.8,,,,,,73.5,6326342633.4034
4547,PAK,1991,3.2073922,8.5764199,5.6,,,,,,88.1,45625336680.2047
4548,IND,2012,4.1136436,15.375867,7.5,36.222588,,,68.2280584,48.68031,60.7,1827637590410.41
4549,CYP,2014,21.786958,8.0064081,7.8,41.713573,0.0,,81.84705653,99.48416,0.0,23225918259.9824
4550,COK,1997,52.491093,22.659644,18.1,,,,,,24.2,
4551,FSM,1991,34.089971,14.527671,8.5,,,,,,88.4,166200000.0
4552,DJI,1991,2.3759888,4.4586208,4.7,,,,,,96.9,462421998.525779
4553,BDI,1996,1.2279929,4.9275406,1.6,,,,,,99.7,869033856.317093
4554,MNG,2022,24.108742,14.179695,,27.461565,,,,69.96488,45.7,17146471713.748
4555,BFA,2020,5.9669279,9.1507874,,16.770855,,,62.92621842,23.32068,86.5,17725010532.5268
4556,LAO,1995,1.8182101,4.4417284,3.6,,,,,,98.9,1763536304.53964
4557,LTU,2014,23.44262,11.83473,9.7,21.527225,1.2,,74.49843919,91.18417,0.0,48306546656.9281
4558,CHL,1999,19.845307,7.2410442,8.0,,,,,,0.0,75578685735.5219
4559,UZB,2007,16.722384,7.6146744,6.3,13.572452,,,64.796684,94.43838,14.8,22311393927.8817
4560,AMR,1990,13.934693,6.5194026,5.5,,,,,,19.19,
4561,PRT,2009,17.834277,8.8242158,8.4,46.289825,0.2,,79.40582714,98.6469,0.0,244667762835.543
4562,AZE,2001,16.087542,8.2379408,7.0,22.447563,2.7,,66.31096148,64.17508,26.2,5707616203.72011
4563,UGA,1996,1.5192624,3.1971425,1.7,,,,,,99.1,6044585326.938
4564,COK,2001,55.073029,26.374164,20.5,55.916977,,,,82.01106,19.3,
4565,BRB,2004,25.044495,18.147697,10.7,36.451172,,,74.61548026,90.85401,0.0,3444500000.0
4566,TUR,1991,18.877952,5.9027616,6.1,,,,,,21.1,151034731543.624
4567,MDA,2004,21.510085,6.465707,7.3,14.863703,8.6,,66.63893532,73.20565,22.1,2598249555.89984
4568,FJI,1997,21.110387,10.532314,9.1,,,,,,71.9,2090221137.02876
4569,IRL,1999,18.572851,4.7835533,5.8,,,,,,0.0,98893958262.6438
4570,SLV,1997,16.191295,6.1166368,6.4,,,,,,48.7,10221705900.0
4571,VEN,2014,22.901741,10.647854,8.8,42.618618,,,74.05573564,94.03325,3.7,482359318767.703
4572,FIN,2006,18.093388,7.034526,7.4,21.441698,0.0,,79.23326293,99.44814,0.0,217044068234.117
4573,KIR,2017,44.718698,18.143822,,33.984055,,,61.81777917,43.38135,91.7,222875736.343445
4574,TKM,2010,16.274472,14.719822,8.2,14.328533,,,69.12241685,95.45977,0.1,22583157894.7368
4575,KEN,2004,5.4071985,3.710014,3.0,12.22791,,,55.51027953,29.4748,96.6,16095337093.8366
4576,MEX,1996,18.751335,10.849909,6.8,,,,,,20.4,432157945024.428
4577,BMU,2009,24.490017,18.649705,,,,,,,,6656000000.0
4578,GRC,2018,26.544508,11.73853,,34.084454,,,81.05191982,98.98675,0.0,213298873494.394
4579,SEN,2008,6.8369836,6.1971977,4.6,19.273834,,,64.57897818,45.31484,64.4,16853989627.548
4580,MWI,1998,1.8370012,4.8436992,3.0,,,,,,97.9,2547609590.06984
4581,MLI,2007,6.0832713,4.4076376,4.1,35.057327,,,57.34348988,25.08291,99.1,10289243720.1844
4582,ESP,1991,14.878172,6.6622034,7.5,,,,,,0.0,576753902321.857
4583,PYF,2008,41.291645,14.942688,,,,,,,,7136741421.95908
4584,SLV,2002,19.311766,7.5126909,7.4,31.040319,14.0,,73.27326528,80.75357,37.7,12664190300.0
4585,SSD,2012,5.303603,5.8428802,,16.888636,,,59.31057362,7.80238,100.0,11931472169.4915
4586,MDG,2016,2.9176658,6.2654801,,13.642513,,,63.46510267,11.61117,99.0,11848613858.442
4587,NZL,2014,30.157989,9.1818385,8.5,19.813206,,,81.19298738,100.0,0.0,201518402787.38
4588,AND,2015,16.994801,8.8630781,,29.632933,,,,100.0,0.0,2789881258.50362
4589,LTU,1999,19.928916,7.8773402,8.3,,,,,,0.0,11022095813.552
4590,SSD,2017,6.7378163,6.718526,,16.369196,,,58.88284459,13.21073,100.0,
4591,CHN,1996,1.8028103,5.0551057,4.8,,,,,,63.4,868523936530.083
4592,GNQ,2006,11.868131,9.0785228,5.7,22.886328,,,57.74387549,60.44434,78.7,10086528698.8604
4593,DMA,2015,26.516941,21.82117,,26.509199,,,,80.36642,10.8,583177777.777778
4594,TGO,1992,1.7104259,3.6768075,2.8,,,,,,100.0,2390796915.91958
4595,GNB,2015,8.7407485,7.4209951,,18.278526,,,57.5801364,19.69384,98.9,1152384166.79638
4596,AZE,1994,13.439663,7.0857361,6.0,,,,,,48.6,1193141110.35043
4597,BTN,2018,9.9054158,12.780491,,9.9834251,,,73.75301201,74.09345,14.3,2583335721.85904
4598,MHL,2015,43.087393,28.370264,,28.303236,,,,83.21614,35.1,183700000.0
4599,SEN,2013,7.8303859,6.283325,5.0,17.997227,,61.0,66.58590644,50.69078,69.9,18918667724.8817
4600,BGD,2007,1.6200382,11.860042,6.5,21.00725,,,68.42856138,35.7309,89.6,79611644974.5571
4601,PER,2017,22.550051,11.553029,,31.814989,3.4,,79.35847297,75.52734,20.0,211007984080.911
4602,LBR,1993,2.7956853,7.2633386,3.8,,,,,,99.3,160400000.0
4603,COK,2016,65.113223,31.76561,,32.821743,,,,85.03645,22.4,
4604,TTO,2000,19.961311,14.63245,6.4,36.221199,,,70.4199372,90.04467,0.0,8154342116.10311
4605,TTO,1991,15.430091,9.8274685,4.3,,,,,,0.0,5307905882.35294
4606,PRY,2007,21.462671,8.169423,5.7,26.796085,7.8,,74.95391274,78.80244,47.2,17856393235.4338
4607,SYC,2021,28.835717,14.566682,,20.44721,,,74.01196664,100.0,0.0,1487173794.80528
4608,MWI,1992,1.2562561,4.3041058,2.4,,,,,,98.3,2618837835.02508
4609,KHM,2019,3.5881002,7.6573476,,13.180065,,,69.55846339,66.95742,64.5,36685356407.7206
4610,MAR,2020,20.742339,17.972335,,24.116007,,,72.50615909,87.25043,1.8,121353645057.144
4611,PNG,2019,19.222926,18.276277,,12.73657,,,66.67377821,19.14929,90.4,24750626029.8777
4612,FSM,2010,41.487691,27.824923,16.6,36.870323,,,64.77779493,65.92685,88.3,296944100.0
4613,BHR,2009,30.094144,12.544143,7.7,34.525547,,,73.40666919,99.97781,0.0,22938218085.1064
4614,TCD,1992,1.1188244,4.5991927,2.6,,,,,,95.5,1881847669.69794
4615,SAU,2021,40.082669,15.674019,,51.902378,,,76.42921259,95.33991,0.0,982661066666.667
4616,ASM,2004,69.709206,30.122027,,,,,,,,509000000.0
4617,CPV,1993,4.1829959,6.2197972,4.0,,,,,,40.1,490417389.682569
4618,ZAF,2009,27.806401,12.11749,8.8,48.630093,,,55.26976416,67.34683,24.2,329754060647.129
4619,CMR,2019,13.770814,12.71645,,19.264156,,,62.02612874,42.40086,73.7,39667757527.6578
4620,SYR,1995,19.728929,10.476081,6.1,,,,,,3.1,11396706586.8263
4621,EUR,2022,22.645707,11.52162,,24.96911,,,,96.86112,2.68,
4622,AUS,2022,30.243906,10.515464,,25.465837,,,,100.0,0.0,1690858246994.43
4623,COG,2021,8.3836466,11.008745,,16.105684,,,63.17262301,20.55481,62.5,14825690210.9157
4624,MDG,1996,0.86315181,4.8470024,2.6,,,,,,98.7,4931861038.70763
4625,EMR,1992,10.879615,8.3892867,6.0,,,,,,58.59,
4626,VUT,2009,17.917518,11.968198,11.1,11.046134,,,65.89385815,53.46374,87.0,592622319.145664
4627,ROU,1993,8.9498967,3.7169106,5.8,,,,,,0.0,26361160449.9704
4628,ISL,2022,21.234407,6.7346841,,25.917837,,,,98.77933,0.0,28696453180.1657
4629,IDN,1999,2.4388293,4.149593,4.8,,,,,,94.2,140001351215.462
4630,HUN,2005,20.98399,9.5798507,8.7,20.150908,0.7,,72.84811882,98.02914,0.0,113098237570.929
4631,SWZ,2021,29.267585,9.670303,,19.324051,,,54.59266973,64.45544,50.5,4785708165.93031
4632,BRB,1992,16.80788,11.594118,7.3,,,,,,0.0,1957000000.0
4633,NER,1993,1.1351306,3.8113009,2.3,,,,,,99.3,3052673849.25181
4634,NOR,2016,17.484917,6.9107033,,34.332039,,,82.11289124,98.05554,0.0,370956547619.048
4635,CIV,2001,4.8698764,4.8357185,3.9,24.787304,,,51.50148868,21.28552,84.1,16810537043.8407
4636,BEL,2006,16.527146,5.6386854,6.4,41.105251,0.2,,79.23388393,99.48562,0.0,408259840868.823
4637,ROU,2014,24.159652,10.228791,8.4,29.000694,7.5,,74.86061311,82.33595,0.0,199722319675.741
4638,IRL,2015,25.976068,7.2522044,,27.121168,0.2,,81.13790588,89.53902,0.0,302391428540.035
4639,MDG,1990,0.61863656,4.1474219,2.3,,,,,,98.6,3931334875.01376
4640,COM,2021,15.619388,5.1497485,,16.700203,,,67.4970386,,91.0,1299039311.76025
4641,KIR,1998,37.059551,17.299949,12.8,,,,,,99.5,74905705.8928477
4642,ERI,2000,1.2559706,5.3903412,2.5,14.32764,,,54.93355711,8.2853,96.5,706370815.584416
4643,VCT,2008,24.01305,10.960914,8.7,26.437613,,,73.51667142,79.54833,4.3,732663259.259259
4644,WB_LI,2006,5.0047968,6.7559555,4.0,18.094748,,,58.16441655,,,
4645,DEU,2010,20.443046,10.257798,7.1,16.558702,0.0,,80.18047005,99.22415,0.0,3468154343000.01
4646,MWI,1996,1.6091736,4.711017,2.8,,,,,,98.0,3319573749.6119
4647,TUN,1990,11.958998,6.5608054,5.4,,,,,,49.3,12290568181.8182
4648,ATG,2012,26.789513,16.949517,11.0,34.238285,,,75.66312684,97.37247,0.0,1364729629.62963
4649,WB_LMI,2020,11.211021,16.916378,,36.572472,,,69.04426229,,,
4650,SLV,2003,19.919391,7.8392483,7.5,31.414089,14.8,,73.05229991,81.13276,35.9,13243892200.0
4651,PNG,2007,15.496491,16.747564,9.2,15.799541,,,64.07514301,18.42894,93.5,9545028944.34579
4652,BEL,1993,12.708555,4.4950515,6.7,,,,,,0.0,224721795708.955
4653,IRQ,2022,40.485251,20.819779,,52.021988,,,,98.49878,0.6,287372232137.931
4654,KWT,1998,33.891007,12.650502,10.8,,,,,,0.0,25943705784.2996
4655,GRD,2015,25.719947,18.373068,,32.758896,,,72.54736101,91.49389,9.5,997007407.407407
4656,TZA,1995,2.684642,4.4615183,2.7,,,,,,99.6,7631431840.49992
4657,SYC,1996,16.642891,12.065807,6.7,,,,,,0.0,535250347.089479
4658,TCD,1998,1.8501023,5.0000306,3.1,,,,,,96.9,1744794531.21401
4659,URY,1995,14.773187,9.4146557,9.0,,,,,,0.0,19297663096.5506
4660,JOR,2021,38.33732,14.949878,,28.188375,,,75.64973596,97.14099,0.4,46296100140.8451
4661,WB_LI,2015,7.0892654,7.5025886,,17.039595,,,62.58328954,,,
4662,CHN,1995,1.7138561,4.8949469,4.6,,,,,,64.3,738190896227.55
4663,ATG,2019,31.235856,20.607334,,36.904495,,,75.65878463,97.39948,0.0,1726448148.14815
4664,SVN,2006,15.403102,8.5882895,8.0,19.121614,0.0,,78.04014469,99.11168,0.0,39260368837.0342
4665,ZAF,1992,17.304078,8.9341454,5.4,,,,,,55.2,146956150986.636
4666,PHL,2012,5.7379015,6.0910199,5.6,28.686451,12.0,,69.54178119,73.25699,58.4,261920540962.63
4667,SEN,2014,8.0314547,6.2687762,5.1,17.768373,,,66.97585439,51.75586,70.8,19797253440.2679
4668,BIH,2018,19.457775,16.888458,,19.519161,,,77.32123917,95.38506,59.15,20484053868.9246
4669,SLV,2022,30.880031,11.964467,,39.231148,,,,87.55278,6.3,31870120000.0
4670,HUN,1995,15.339421,7.8894891,7.7,,,,,,0.0,46577614588.9926
4671,OMN,2021,30.478358,17.345124,,40.417732,,,72.47676726,99.32044,0.0,87323797139.1417
4672,COL,2010,16.993499,9.1892853,7.3,29.675135,7.7,,75.96054748,84.31414,15.0,286498534094.963
4673,RWA,1994,0.69469828,2.8168842,1.3,,,,,,99.8,753636370.454545
4674,UZB,2003,13.748692,6.9016576,5.4,10.386711,62.1,,62.74285785,93.85058,15.8,10134453435.4603
4675,NGA,2000,4.7246099,5.3525805,3.3,21.627739,,,54.05766545,27.99464,99.3,69171451627.2465
4676,BLZ,2011,34.459719,12.02248,9.0,37.065929,,,73.84911498,85.94224,16.4,1827050000.0
4677,TLS,2016,1.5040748,4.3689072,,23.392899,,,68.07445467,51.91072,90.1,1640464600.0
4678,IRL,2005,22.173285,5.053287,6.3,35.310104,0.0,,78.82008327,90.21656,0.0,211876989655.907
4679,SVK,2004,16.856733,6.257607,6.8,26.031551,0.0,,74.14711692,99.46972,0.0,57215475076.2986
4680,BTN,2003,4.1330956,9.9673271,7.3,11.81733,17.6,,68.38453582,51.01653,61.8,651935430.314445
4681,LVA,2011,21.41493,8.6497098,9.0,17.461351,1.0,,73.67057625,90.32743,0.0,26575547900.8247
4682,CPV,2004,8.3584778,7.5176753,5.5,23.49593,,,72.44024713,46.17847,35.6,924940011.836897
4683,MMR,1999,3.0600112,6.0575843,4.0,,,,,,98.7,8486832800.88498
4684,SRB,2004,15.57254,8.6072333,7.3,48.048134,0.9,,72.65350507,95.50714,38.4,26845632341.8075
4685,KOR,2013,4.3153156,10.495184,9.2,44.030945,,,81.68616863,99.92847,0.0,1370632955321.2
4686,IRL,2013,25.353783,6.6557191,7.1,28.750166,0.7,,80.71347486,89.67837,0.0,243301556084.989
4687,PSE,2014,34.986913,13.922422,,34.408958,,,74.19704282,95.77748,,13989700000.0
4688,BRB,2005,25.786367,18.794766,10.9,36.885738,,,74.96322109,91.35413,0.0,3819500000.0
4689,JPN,2005,3.0820847,8.3105192,9.3,32.622082,,,82.23817071,99.98778,0.0,4831467035389.8
4690,SEAR,2000,2.114616,9.6670322,5.7,20.639299,,,64.06863574,24.51066,80.44,
4691,POL,2017,24.725793,11.66765,,33.164196,,,77.56192606,98.79661,0.0,528356723263.073
4692,PRT,2016,19.819273,10.410078,,49.159763,,,80.90466136,99.41671,0.0,206305431241.638
4693,GLOBAL,2015,13.082433,11.446851,,28.244576,9.9,,72.18568947,72.95581,36.162198505,
4694,ALB,2009,16.114816,8.1203811,7.5,21.049074,,,75.55770059,94.63115,36.8,12335540656.1006
4695,KWT,2003,37.497681,14.390759,12.0,60.116585,,,78.76242947,100.0,0.0,47874582231.588
4696,MRT,1993,5.7493053,4.6009984,4.1,,,,,,80.1,1847353211.3475
4697,DOM,2013,22.952597,11.888045,9.0,32.901299,2.2,9.0,73.27936819,84.1252,11.6,62555417414.582
4698,BDI,2005,2.0940803,5.3132676,2.0,16.511003,,,50.9090504,45.88706,99.7,1117113079.73645
4699,HND,1990,8.8900864,4.216874,3.5,,,,,,85.3,4923009551.55642
4700,ZWE,1996,6.1710194,7.6873496,3.7,,,,,,65.7,8553147288.6854
4701,CPV,1997,5.471205,6.8472944,4.5,,,,,,38.9,490608657.924976
4702,TCD,2018,5.6027964,7.9153709,,18.450439,,,58.95783062,12.05412,94.1,15327000248.8701
4703,BEN,2021,10.774285,9.7865209,,17.851963,,,64.01268515,19.38161,94.2,17687623534.6665
4704,POL,2011,21.739896,8.7004393,8.8,28.972092,0.0,,76.56402189,94.95472,0.0,527848543023.469
4705,NIC,2014,28.759262,10.656793,8.1,35.821831,3.2,,77.51891848,70.87444,50.3,11880438824.4494
4706,AMR,2011,26.979941,11.185297,8.3,32.057995,,,76.46212795,88.97821,8.97,
4707,FSM,2017,44.629875,29.738623,,32.144516,,,65.6570782,90.4539,87.1,359000000.0
4708,TKM,2022,21.402203,13.7729,,12.09028,,,,99.81821,0.2,58972000000.0
4709,MNE,2004,12.523615,7.4606799,7.5,19.948666,,,73.73506539,,33.6,2073234417.68066
4710,BDI,2014,3.2580793,5.6278381,2.6,14.736228,,,62.32268744,45.89551,99.8,2705783329.80483
4711,LBN,2000,20.112112,11.336991,7.8,34.897511,,,75.71500924,76.92373,,17260364842.4544
4712,STP,2009,10.724058,8.0861792,5.2,17.885445,,,68.39802803,31.82678,99.0,200668065.03175
4713,BOL,1999,12.468889,7.2688282,4.9,,,,,,37.7,8285064434.56826
4714,NIC,2011,26.860362,9.8159902,7.5,34.732468,,,76.94363065,67.92733,54.3,9774329332.71276
4715,BHR,2018,34.484518,15.798971,,37.274002,,,75.93620907,100.0,0.0,39567978723.4043
4716,NOR,2018,18.006486,7.0877984,,34.569756,,,82.44230107,98.05325,0.0,439788625883.8
4717,MMR,2017,6.2154919,10.318444,,21.618532,,,67.95077876,72.21442,72.0,66053040483.0016
4718,WB_UMI,1996,6.6084161,5.645033,5.5,,,,,,,
4719,BMU,2004,21.196648,15.661222,,,,,,,,4484703000.0
4720,IDN,2017,8.2752839,8.9174174,,17.669783,5.7,,71.00063238,77.51606,24.7,1015618744159.73
4721,FRA,2005,12.343666,6.4967722,7.3,35.712032,0.0,,80.00456559,98.65923,0.0,2192146403028.17
4722,COM,2016,12.694941,4.4518284,,14.451114,,,67.70212624,35.83489,94.0,1012835492.51575
4723,EMR,2013,22.451685,15.152892,10.7,35.887043,,28.62622,68.82100699,71.42549,31.64,
4724,CPV,2008,9.9483848,7.6435961,6.0,25.107845,,,73.93039416,55.2522,32.1,1959620648.31578
4725,MWI,2017,5.8946572,3.7851132,,4.075923,,,62.5519407,38.45707,97.9,8943543793.5839
4726,ARE,2022,32.07922,19.138478,,66.137848,,,,99.09131,0.0,502731935194.01
4727,TUN,1992,12.712231,7.0791036,5.9,,,,,,39.4,15496708060.4184
4728,IND,2018,5.8483705,18.49824,,44.110226,,,70.35439242,66.74812,41.0,2702929641648.74
4729,STP,2019,14.763755,12.625605,,17.88134,,,71.65568515,45.1201,96.8,412976082.620705
4730,PSE,2017,36.117354,14.426892,,32.638828,,,75.45369565,97.20523,,16128000000.0
4731,MDV,2001,6.5830484,4.9095973,6.5,25.273636,,,70.45676102,76.26215,67.9,870031676.798793
4732,TCD,2015,4.9796738,7.2050013,,19.12886,,,57.84629101,11.42188,95.7,14559599499.5011
4733,PNG,2005,15.020716,16.195939,8.6,16.652258,,,63.68705774,18.2143,94.0,4865892972.27595
4734,COD,2020,6.0734823,7.3742338,,14.955223,,,62.03594732,16.11586,95.6,48716961860.1325
4735,DOM,2006,18.304993,8.3610669,7.4,29.942492,4.3,,72.80245873,80.27697,13.3,37879830084.2627
4736,RWA,2001,1.1189213,3.0304501,1.9,19.906942,,,48.33271376,46.47433,99.9,1966600715.49841
4737,BMU,2000,18.467423,13.050862,,,,,,,,3480219000.0
4738,KNA,2021,44.961137,21.415751,,41.266266,,,,,0.0,858622222.222222
4739,EGY,2004,31.314898,12.317375,11.8,31.208654,4.4,,69.18228637,92.4859,5.7,78782467532.4675
4740,BWA,2014,15.347251,6.270472,6.0,24.273455,,,61.38291822,73.21769,38.0,15470088500.7414
4741,BIH,1993,12.453751,7.0037596,5.3,,,,,,41.5,3630668949.83246
4742,GRC,2011,24.270684,10.71336,8.8,32.281658,1.2,,80.35771121,98.65369,0.0,283228079776.041
4743,ZMB,1990,2.1744853,3.7039142,3.0,,,,,,89.1,3288381797.32415
4744,TZA,2014,8.2885318,5.2622996,4.3,6.482657,,,64.69269786,23.26311,97.2,49986726460.6805
4745,BRN,2001,14.344759,9.1142483,6.5,26.44381,,,75.6811134,73.93148,0.0,6096155747.56182
4746,ALB,2005,14.462169,6.8647914,6.8,20.59063,1.1,,74.20683098,92.32297,48.8,8256658249.8128
4747,MAR,2009,15.249795,13.471146,10.1,22.469275,,,72.16145438,76.97343,3.7,101154952240.881
4748,QAT,2020,41.976413,17.773806,,52.905136,,,77.27588364,99.93655,0.0,144411363351.648
4749,GRL,2022,27.037361,7.3903352,,,,,,,,3152334771.77992
4750,BEN,1990,2.0592749,3.6484774,2.8,,,,,,100.0,1959965330.14765
4751,KNA,1994,23.069495,8.9023456,7.5,,,,,,0.0,295159259.259259
4752,PYF,1994,35.875124,11.12204,,,,,,,,3676123788.0323
4753,EST,1996,15.053189,5.4014053,7.9,,,,,,0.0,4786018988.16491
4754,WSM,2011,54.972059,15.162939,20.8,23.914539,,,70.50058194,93.99212,72.5,744097050.169115
4755,AUT,2003,12.80366,6.6063814,5.7,31.297943,0.2,,78.62740132,99.99838,0.0,260779834340.097
4756,DMA,2005,20.322971,17.647289,8.9,21.817297,,,,70.32098,15.2,391455555.555556
4757,KEN,2012,8.1158139,3.6085933,3.8,10.409493,,,62.61585724,32.51508,91.2,56396704671.5777
4758,PLW,2015,39.665917,20.496987,,28.086639,,,,97.22038,0.0,278824800.0
4759,UKR,2011,21.608192,8.3035886,8.7,11.361057,0.0,,70.93317751,96.49601,5.3,169333835201.554
4760,COK,1998,53.140843,23.542523,18.7,,,,,,22.2,
4761,SLE,2011,5.7644635,6.8832844,4.4,15.019439,52.2,,55.66429433,13.56018,99.5,4861632884.67985
4762,BWA,2019,17.071067,6.702514,,22.892153,,,64.91884565,79.75169,35.3,16725908148.5481
4763,VUT,2007,17.532407,10.661327,10.3,11.981142,,,65.5182575,54.3665,86.8,516392922.513728
4764,TUV,2015,60.435659,14.571624,,27.782381,,,,83.3371,33.1,36811936.0824587
4765,CRI,2007,21.640386,11.678974,7.0,44.377415,1.7,,80.2305467,95.21235,8.6,26884700709.3146
4766,MDV,2003,7.3435076,5.0027691,6.9,25.086678,,,71.62171461,79.01985,48.0,1052121054.6875
4767,ARG,2016,29.66297,10.512284,,36.829533,0.6,,76.12474817,94.82096,0.2,557532320662.955
4768,BHR,1997,22.101119,9.9780023,6.8,,,,,,0.0,7219407712.76596
4769,SOM,1996,4.2228606,5.6030236,3.4,,,,,,99.7,1792234297.39194
4770,LSO,1990,7.5907849,4.1864261,3.7,,,,,,94.5,596410263.743849
4771,SGP,2014,8.9639753,10.914935,9.1,23.214436,,,82.60495523,100.0,0.0,314863580758.455
4772,BRN,1996,11.028667,8.0107659,5.9,,,,,,0.0,7663377277.00351
4773,PRY,1993,13.493142,5.5239312,3.8,,,,,,54.7,7249533620.30614
4774,GRL,2015,24.282347,6.8152003,,,,,,,,2499113022.81675
4775,LSO,2008,14.213495,5.0642386,5.7,10.352441,,,45.90439498,26.16652,71.8,1766902709.19935
4776,IRN,2000,14.834224,6.5083526,5.9,29.175079,,,73.48542569,78.21829,9.1,109591707801.431
4777,GUY,1996,11.975294,8.5558988,4.8,,,,,,0.0,705406001.424501
4778,CHE,2018,11.903986,5.8575742,,20.299212,,,83.28963498,99.89987,0.0,725568717468.001
4779,WB_HI,2005,19.4759,8.6838163,7.8,30.964321,,,78.55484133,,,
4780,MDG,2015,2.7500551,6.1658897,,13.7126,,,63.35879155,11.0977,99.0,11323020701.3017
4781,HUN,1994,14.897978,7.8073941,7.7,,,,,,0.0,43307949890.4603
4782,KGZ,2001,13.239186,6.9634661,5.7,16.93882,36.4,,66.68305593,92.29962,45.1,1525116370.27939
4783,DNK,1991,8.1144869,3.4462065,5.8,,,,,,0.0,139180507777.691
4784,GMB,1999,3.5455473,5.5703294,3.7,,,,,,96.4,814724032.065735
4785,LBY,2004,27.381018,14.567041,9.5,36.211964,,,73.84878468,90.76433,,33122307692.3077
4786,TUR,2011,29.224059,11.805663,12.0,41.871468,0.3,,76.69522957,93.94521,5.6,838785289694.35
4787,TCD,1995,1.4322759,4.8061475,2.8,,,,,,96.3,1445919894.57661
4788,ROU,2007,16.852227,6.116109,7.2,23.217716,5.7,,73.13558178,76.33912,0.0,174588782938.583
4789,VEN,2021,22.750726,11.472186,,45.341938,,,71.22082891,97.00236,5.6,
4790,DNK,1990,7.8772217,3.3608206,5.8,,,,,,0.0,138217740684.484
4791,THA,1998,5.1659048,6.3814253,5.7,,,,,,43.5,113675596787.738
4792,GRC,2004,21.088535,9.5079087,8.1,30.106506,0.7,,79.2117166,98.0067,0.0,234979615898.225
4793,LVA,2006,19.790493,7.4877582,8.5,19.047838,1.5,,70.37307271,89.07559,0.0,20434922247.3037
4794,JAM,2009,24.150361,13.924678,10.0,32.265064,,,72.19787809,84.47002,14.4,12120458114.8318
4795,ZMB,2019,9.5572688,8.0206238,,14.327367,,,61.76313302,35.45947,88.5,23308667781.2258
4796,COD,2014,4.7146063,6.8674289,4.3,15.620716,,,59.46084106,18.04459,96.2,35909040925.9375
4797,KGZ,2015,22.086662,9.2370398,,18.439283,2.5,,71.54340028,97.12802,23.7,6678177511.66313
4798,GRL,2017,25.035515,6.9457956,,,,,,,,2851613679.03433
4799,LCA,1997,14.920473,8.0038264,6.5,,,,,,20.0,805925925.925926
4800,LUX,2018,18.24723,7.3104635,,15.938088,,,82.81654634,97.59733,0.0,71085623495.1145
4801,NRU,2013,67.584288,21.90619,28.7,38.576099,,6.0,,65.83362,0.0,94385014.9425842
4802,MNE,2002,11.961634,7.0371158,7.3,19.828291,,,73.54605523,,33.2,1284685050.52413
4803,ITA,2003,14.337906,7.6500654,7.4,43.349739,0.7,,79.81728413,99.88588,0.0,1582930016538.82
4804,BMU,1991,12.872507,8.9452162,,,,,,,,1634900000.0
4805,BOL,2008,17.718799,9.5998973,5.8,21.888231,11.1,,69.78566323,44.78865,26.8,16674276285.8956
4806,SAU,2006,31.134903,18.096194,11.0,56.694881,,,72.03628203,95.21803,0.0,376900133511.348
4807,PHL,2004,4.041326,4.430024,4.8,17.906345,,,69.2903715,65.95853,59.9,95001999685.3314
4808,BHS,2018,44.313943,18.999869,,37.288288,,,73.38286364,94.93058,0.0,12819200000.0
4809,SEAR,2005,2.975227,11.141555,6.4,24.416906,,,66.31183727,36.37135,74.65,
4810,SEAR,1993,1.287564,8.3387762,4.6,,,,,,87.37,
4811,PRK,1995,2.6982736,6.1416071,4.8,,,,,,99.3,
4812,IRL,1997,17.288789,4.7837671,5.6,,,,,,0.0,82856648758.3572
4813,AMR,2021,33.102608,14.215291,,35.260281,,,74.11268797,92.89341,7.23,
4814,CUB,1991,7.4205071,6.1838422,6.3,,,,,,73.5,24316556025.6585
4815,THA,1991,3.5952128,4.8391797,4.4,,,,,,56.25,98234714971.0612
4816,GTM,2019,24.69409,15.672149,,32.246819,,,72.70697215,68.24367,57.0,77172317258.6478
4817,SEAR,2018,6.461196,16.440473,,36.407368,,,71.0517579,69.19132,42.56,
4818,MOZ,2016,7.4893005,5.4482773,,8.5470247,,,56.63490108,29.19017,95.5,12069051237.1711
4819,NOR,1996,10.116968,5.816067,6.0,,,,,,0.0,163520109150.671
4820,AFR,1997,5.054571,5.6818753,3.4,,,,,,87.23,
4821,MRT,2005,12.284546,5.7540342,5.5,56.642841,,,65.90883345,24.27262,63.0,2936019525.60241
4822,ETH,2008,1.1446609,4.8638597,3.4,11.940065,,,61.00289968,5.24482,98.3,27066912635.2228
4823,MEX,2022,36.029914,14.044501,,27.990002,,,,92.51845,15.0,1466464899303.68
4824,SLB,2012,19.07538,6.4033657,10.1,24.588795,,,64.70197152,28.83499,91.8,1185215418.25562
4825,SEAR,2007,3.388211,11.780623,6.7,26.093388,,,66.92530001,41.25591,71.5,
4826,IDN,2018,8.8201396,9.581586,,17.919035,,,71.1760389,79.79092,21.3,1042271532988.63
4827,NRU,2003,66.215211,23.928937,26.7,43.284336,,,,65.58757,0.0,24778159.5806639
4828,LBN,2022,29.781556,20.796448,,58.615612,,,,99.2,,20992421948.8081
4829,GUY,2013,22.048619,16.967693,8.7,30.997202,,6.0,66.2421095,85.49341,0.0,4167800928.83553
4830,GLOBAL,1992,6.952743,6.338203,5.1,,,,,,55.729633934,
4831,COK,1993,49.706727,19.575669,15.7,,,,,,27.3,
4832,DNK,1998,9.9988729,3.828074,5.9,,,,,,0.0,176877077513.133
4833,BMU,2007,23.193926,17.669147,,,,,,,,6767000000.0
4834,URY,2009,22.903113,12.704664,10.3,30.581835,0.2,,76.67128798,94.84359,0.0,32708319077.5179
4835,COM,1997,4.7223378,3.95987,3.6,,,,,,99.7,364445600.525492
4836,LCA,2018,30.373135,18.161887,,21.347076,,,76.11272762,83.376,5.7,2060955555.55556
4837,ALB,2013,18.025415,9.5195942,8.1,21.753124,,37.0,77.77410839,96.70656,27.2,12796985886.1478
4838,MWI,2003,2.6088078,5.0289165,3.4,12.727181,,,47.14250921,9.3567,97.9,4669789300.35662
4839,GLOBAL,1998,8.235984,7.2711878,5.8,,,,,,52.377582075,
4840,LBY,1998,22.861058,12.305433,8.2,,,,,,,27251301398.2813
4841,SUR,2018,26.397276,18.898043,,46.43,,,73.08581977,88.54872,6.3,3996198866.57453
4842,ITA,2013,16.17818,9.451706,8.3,41.847328,1.4,,82.2878749,99.88557,0.0,2153225581941.46
4843,MKD,2008,20.385629,8.114446,7.6,22.962467,,,74.31760094,90.96697,34.55,9909552434.51136
4844,MDG,1992,0.68806955,4.3769058,2.4,,,,,,98.6,3714966678.33381
4845,COL,1990,7.6511309,3.9460376,4.4,,,,,,37.7,47844090709.9908
4846,MLI,2021,10.89626,6.241399,,30.05287,,,61.67398609,48.38655,98.8,22999245262.6719
4847,KNA,1992,21.410987,8.5362837,7.1,,,,,,0.0,242137037.037037
4848,CAN,2004,22.235656,7.548286,6.5,27.912075,0.2,,79.85004413,99.87036,0.0,1026690238278.25
4849,CHL,2020,36.953697,14.990406,,36.596775,,,79.90385052,100.0,0.0,254042159309.311
4850,MRT,2008,14.102751,6.2246669,5.9,53.543533,10.8,,67.64336926,29.09013,60.2,5206437193.80413
4851,ARM,1999,14.914225,8.7020539,8.7,,,,,,23.7,1845482173.02732
4852,SLE,1993,2.1440132,5.0923362,3.2,,,,,,100.0,768867882.965994
4853,PAK,2007,9.2385516,12.938875,8.4,31.688303,13.2,,63.38445782,44.05647,68.3,184140869997.46
4854,SVK,2006,17.753203,6.5435812,7.1,25.590015,0.2,,74.36445517,99.08536,0.0,70751813442.9881
4855,MRT,1991,5.0359357,4.4958156,3.9,,,,,,82.4,2133692696.74857
4856,BHR,2006,28.419322,11.520762,7.4,33.602665,,,71.69627417,99.96315,0.0,18504760638.2979
4857,RWA,2021,4.5936316,4.5108963,,9.2686081,,,67.54213882,73.86411,94.3,11078787095.1791
4858,DNK,2017,12.82077,3.5633259,,14.729232,,,80.94104357,99.59723,0.0,331610593961.988
4859,NGA,1996,3.5137858,5.2179057,3.1,,,,,,99.4,185730236700.0
4860,MNG,2004,12.671342,6.4313903,6.3,9.830965,,,64.84071925,47.94192,74.2,1992066808.09598
4861,IND,2019,6.183831,19.217367,,45.442165,,,70.72711152,69.66315,37.3,2835606256558.19
4862,CZE,2015,22.94489,9.6125461,,23.171511,0.0,,78.48257933,99.13695,0.0,189107698561.919
4863,LBR,2003,6.167895,9.63028,4.1,29.469862,,,53.6245833,12.96353,99.5,748000000.0
4864,PRT,2014,19.241884,9.9149026,9.2,48.34906,0.5,,80.89996435,99.20485,0.0,230078616299.675
4865,SVN,2009,15.85682,9.5367782,8.5,18.893089,0.0,,79.05086528,98.95157,0.0,49975540954.8465
4866,KWT,2002,36.874986,14.026016,11.7,59.728939,,,78.20659931,100.0,0.0,38135788413.8276
4867,BEN,2002,5.1815696,3.9521329,3.9,16.751013,,,58.09380517,9.42523,98.8,4194342686.2178
4868,BGR,1999,13.469179,7.6536767,7.8,,,,,,,13637098579.109
4869,AGO,2015,9.2609555,13.707183,,18.278337,,,61.59307464,47.37448,53.0,90496420506.5957
4870,DEU,1992,14.514451,7.0083506,5.9,,,,,,0.0,2141377582968.07
4871,NRU,1995,66.444999,25.114793,24.8,,,,,,0.0,39969705.969706
4872,KIR,2019,45.348695,17.590202,,33.129154,,,62.13784891,44.00101,89.3,216985388.322754
4873,MDG,2004,1.4474967,5.5914484,3.1,15.44503,,,60.11149963,5.63879,98.9,5064732626.29389
4874,UZB,1995,9.6018776,5.9431024,4.5,,,,,,20.1,13350461264.9969
4875,USA,2004,31.31454,9.6452437,7.8,30.539883,1.0,,77.3972613,99.8716,0.0,12217196000000.0
4876,LCA,2001,17.932567,9.9145696,7.4,24.333736,,,73.33798376,84.98032,13.5,892592592.592592
4877,WPR,2017,6.432083,10.146461,,25.633911,,,77.21591876,88.0881,22.56,
4878,SYR,2014,30.274993,16.896032,11.9,35.187141,,,60.24065156,92.18914,3.3,21502061465.9498
4879,WSM,2008,52.798128,14.948945,19.0,27.594385,0.6,,70.48283276,92.93687,75.15,641346191.664776
4880,BLR,2022,21.374618,10.45732,,14.017751,,,,99.55866,0.3,73775179924.603
4881,PNG,1991,11.95436,13.439381,5.4,,,,,,95.2,3787394957.98319
4882,SOM,2002,5.8798179,6.1649933,3.9,20.830608,,,49.39676377,21.37847,99.6,2192684134.59273
4883,ATG,1999,18.067375,10.417688,6.9,,,,,,0.0,835544444.444444
4884,SLB,2000,15.619411,5.8332924,7.4,36.593075,,,63.397598,20.435,91.4,419842674.227652
4885,LUX,2004,17.27003,6.6522233,6.6,24.867044,0.0,,79.25868688,97.68144,0.0,35064843792.8993
4886,BGR,2018,19.373366,13.736971,,29.746914,,,74.85071858,86.01434,,66251582035.9412
4887,LCA,2000,17.16269,9.4752915,7.2,24.499634,,,73.2192679,84.97446,15.1,932592592.592592
4888,FRA,1994,10.825595,5.4571319,6.4,,,,,,0.0,1385822778827.98
4889,GEO,2003,20.603243,11.044402,9.8,16.23082,10.7,,70.79663901,89.0204,49.6,3991377904.13162
4890,GEO,2021,33.920956,11.968586,,23.54508,,,71.24038597,86.34159,9.1,18853115588.8106
4891,ZAF,2007,26.967174,11.949609,8.4,49.006977,,,52.90958642,65.65135,28.2,333077117253.684
4892,TON,2000,53.839648,16.40384,15.1,32.494511,,,70.95399808,88.57915,66.3,204848487.806485
4893,IRQ,1991,20.065489,9.6945517,7.6,,,,,,79.6,407796349.663785
4894,BHS,2013,40.550709,17.100407,12.4,37.49474,,,73.00901267,94.24504,0.0,10475300000.0
4895,LKA,1995,1.6387509,7.8656487,4.1,,,,,,87.3,13029697560.9756
4896,BWA,2000,9.9719346,5.6335106,4.4,28.795063,,,47.16383585,51.91611,55.3,5788329609.15755
4897,EST,2018,21.670602,10.3739,,15.299945,,,78.3489275,99.07268,0.0,31222632740.7247
4898,MLT,2017,31.166375,12.961417,,44.108955,,,82.05744637,99.96455,0.0,14161366732.7153
4899,GLOBAL,1993,7.137949,6.4870499,5.2,,,,,,55.220590883,
4900,CHN,2016,5.7486825,9.7241923,,22.312777,,,76.71571735,86.40948,25.8,11456024084962.0
4901,WB_LMI,2022,12.094404,18.236515,,38.222,,,,,,
4902,NGA,2015,9.5309578,7.1076542,,18.760555,,,61.73359862,39.21938,94.3,493026682800.63
4903,PHL,1993,2.1663733,4.1533716,3.8,,,,,,73.0,62036529147.1831
4904,SUR,2008,20.479532,14.12847,10.1,40.436905,,,72.20581026,81.85735,14.6,3532969034.60838
4905,NRU,2010,66.88872,22.431372,28.2,39.830956,,,,65.75981,0.0,47442299.2604192
4906,BOL,2007,17.076796,9.2900299,5.6,21.918222,12.4,,69.47053335,43.17284,28.3,13120108008.3477
4907,COK,2020,67.682421,31.66362,,27.744427,,,,85.43983,23.9,
4908,AGO,1996,4.2615339,9.1705672,3.1,,,,,,61.5,7526421519.16979
4909,POL,2019,25.795126,12.911485,,34.650509,,,77.72984544,98.95753,0.0,602683770144.88
4910,DJI,2004,4.82026,5.7878248,5.7,19.308779,,,59.74871021,47.13723,95.5,666072101.777505
4911,DOM,2000,14.200868,6.0886204,6.0,27.487827,5.5,,73.39790354,76.96366,16.3,24305780628.6677
4912,ESP,1994,15.811704,7.8400418,7.8,,,,,,0.0,530183651720.283
4913,AUS,2014,26.546845,7.8094065,7.3,25.888777,0.7,,82.36885018,99.99773,0.0,1468265356427.76
4914,MEX,1997,19.466767,11.294623,7.0,,,,,,19.6,523449530464.257
4915,OMN,1999,17.650013,11.779182,6.3,,,,,,0.0,17832769830.9493
4916,BTN,2017,9.3821876,12.545672,,10.025401,1.5,,73.54716542,72.75729,16.0,2591358009.20276
4917,BHS,2021,46.518323,20.186746,,37.188618,,,70.43274063,,0.0,12037000000.0
4918,WB_UMI,2008,9.543813,7.8970999,7.9,22.932842,,,72.3619814,,,
4919,KEN,1991,2.3940824,3.147107,2.1,,,,,,99.7,8151488783.19064
4920,KAZ,2004,14.515436,7.6542944,9.0,19.090399,2.3,,65.11633982,96.98122,12.5,43151647002.6096
4921,GBR,1998,17.572248,5.9481569,6.6,,,,,,0.0,1653694932096.72
4922,SLE,2021,6.9475397,9.2500344,,13.043077,,,61.0228635,21.9565,99.2,7173379137.26091
4923,SGP,1996,4.3504946,10.697639,7.9,,,,,,0.0,96293086513.0872
4924,LKA,2020,9.4246246,24.637808,,35.220043,,,80.65621609,93.35029,67.9,84335574581.5072
4925,DZA,2014,19.737566,13.907349,10.5,26.740412,,,75.93393131,86.86984,0.5,238942664192.59
4926,LKA,1993,1.4048482,7.7022508,3.8,,,,,,88.55,10338679635.7616
4927,FRA,2010,12.085788,6.2574022,7.7,32.095943,0.0,,81.2215994,98.65548,0.0,2646230027988.34
4928,SAU,1993,21.642527,16.189292,7.6,,,,,,0.0,132967957276.368
4929,FIN,1998,15.624198,5.5698127,7.0,,,,,,0.0,133990876724.522
4930,CUB,2007,13.890357,11.481392,8.5,41.618614,,,78.10025005,84.76352,17.45,54262870370.3704
4931,ZWE,2018,12.331657,9.2121989,,17.664768,,,58.69836684,36.35716,69.9,34156057417.3285
4932,ALB,2012,17.524008,9.1702878,8.0,21.55283,1.1,,77.34194982,96.21027,29.2,12246499747.9714
4933,LSO,1993,8.3731033,4.5078918,4.0,,,,,,92.3,835582062.476169
4934,MNE,1997,10.648822,6.2384099,6.6,,,,,,33.7,838288806.001293
4935,SOM,2006,7.2600491,6.372606,4.3,19.933609,,,49.82524247,24.86311,99.4,5026743282.04251
4936,DOM,1990,8.4674612,4.202608,4.0,,,,,,44.2,7073675544.79021
4937,ISR,1992,15.30388,7.2572298,6.2,,,,,,0.0,79457685757.166
4938,PRK,2010,6.0321044,8.6907983,5.7,22.884827,,,70.02263868,78.03241,94.3,
4939,ISR,1990,14.730857,6.7007318,6.1,,,,,,0.0,62016729540.7093
4940,COL,1998,10.912231,5.3041503,5.4,,,,,,23.9,98486358581.1639
4941,WB_UMI,2019,14.156862,11.894698,,25.92786,,,75.66886287,,,
4942,PSE,1997,25.109413,10.151696,,,,,,,,3759800000.0
4943,ETH,1991,0.37593958,3.8469307,2.2,,,,,,99.2,13799799323.6715
4944,GRL,1995,15.451644,4.3834995,,,,,,,,1208953287.06598
4945,GNB,2013,8.1519507,6.9836386,5.1,18.63644,,,56.92169618,17.1558,98.9,1109682824.13594
4946,CMR,2012,11.753074,7.7814214,4.5,21.003296,,,57.77355305,40.67953,79.2,30155062329.2821
4947,SGP,2017,10.550378,11.906355,,23.11602,,,83.22151158,100.0,0.0,343673334902.33
4948,NAM,2015,14.7756,7.7984653,,28.706663,13.4,,61.8615054,33.86497,55.9,11335161083.5061
4949,BFA,1990,0.58868593,3.5940167,2.2,,,,,,98.8,3101300778.56414
4950,ARM,2004,16.903326,9.3877204,9.7,23.550869,7.9,,72.03083518,88.50269,10.95,3576615240.41616
4951,SVN,1999,13.848998,7.025075,7.1,,,,,,0.0,22609669083.7179
4952,IDN,2013,6.3434653,6.813661,6.8,16.783787,9.4,39.0,70.05398814,68.49901,43.0,912524136718.018
4953,JOR,2022,38.506997,15.010585,,28.23,,,,97.14489,0.5,48764963380.2817
4954,SVK,2010,19.730774,7.3759921,7.8,24.814919,0.5,,75.44924081,98.30654,0.0,91112160800.7668
4955,ISR,2018,22.185519,9.5749006,,27.795973,,,82.59262272,99.94819,0.0,376299083108.497
4956,NPL,2014,3.9538346,10.93677,9.1,8.9950733,,,70.19243321,55.12481,71.6,22731612922.1906
4957,ARG,1996,15.887545,7.3161498,8.2,,,,,,6.6,272149750000.0
4958,AZE,1991,12.404255,6.4549468,5.8,,,,,,56.9,5344000000.0
4959,CHN,2003,2.5903607,6.2198248,6.2,20.067825,,,71.68827313,61.84361,55.9,1683903309843.85
4960,PER,1993,9.6350662,2.8171329,4.9,,,,,,86.0,34832077220.8537
4961,STP,2004,8.5171312,6.8512075,4.9,17.818882,,,65.71008672,25.28539,99.5,114582283.916382
4962,CPV,2018,13.714786,7.8043632,,29.225588,,,73.8583216,76.72373,21.1,2205099506.99994
4963,MDV,2000,6.2312651,4.8775829,6.3,25.378645,,,69.82223985,74.85341,76.05,624337145.284622
4964,SEAR,2016,5.770027,15.193665,,34.411873,,,70.51674285,64.13189,49.06,
4965,GTM,2014,21.329324,14.998385,7.5,25.07213,8.7,,71.9774007,66.70988,61.1,57852152955.039
4966,GNQ,2010,13.314338,9.4570182,6.7,21.840187,,,60.00998447,63.83119,77.1,16314443436.2903
4967,PRT,1998,13.820882,6.7134298,6.9,,,,,,0.0,123946327916.296
4968,COD,1996,1.8059528,5.66567,2.6,,,,,,99.4,5771456952.1908
4969,SGP,2008,6.5999694,10.18187,8.7,23.745277,,,80.97823119,100.0,0.0,193617323539.203
4970,HND,1999,13.946424,5.1087923,4.6,,,,,,71.2,6414520529.61672
4971,GEO,2004,21.28538,11.150703,10.2,16.54882,10.1,,70.54094248,88.82007,47.6,5125365191.98664
4972,TUR,2005,26.792377,9.3889788,9.6,40.376194,2.6,,76.19636776,89.78012,7.3,506314717661.655
4973,COG,2002,5.6174845,7.9973288,4.3,21.249264,,,53.80580675,12.29426,90.8,3034250923.97726
4974,KAZ,1995,12.828501,6.4855263,7.6,,,,,,21.2,20374302652.3819
4975,NPL,2016,4.6127357,11.601918,,8.7560682,,,70.59248,62.04348,68.2,24524109483.5293
4976,LCA,2009,23.919427,13.625205,11.2,22.86257,,,75.83775931,83.87897,4.9,1401507888.88889
4977,BMU,2014,27.617604,22.036476,,,,,,,,6413988000.0
4978,GNB,2001,4.4336706,5.4417521,3.7,21.00309,,,50.63672662,4.64521,98.7,412610871.509121
4979,OMN,1991,14.215624,9.6824445,5.4,,,,,,0.0,12918335500.6502
4980,PLW,1996,35.494265,16.491292,15.4,,,,,,0.0,137494600.0
4981,ZAF,1993,18.023703,9.2499845,5.5,,,,,,54.0,147194747565.75
4982,SWZ,1990,9.9786036,5.0068907,3.8,,,,,,86.95,1114694040.66987
4983,GNQ,2001,9.7007476,8.4333129,4.5,24.168161,,,54.84349385,55.77697,80.95,1461139022.02954
4984,PAN,1993,12.711291,4.4482462,4.9,,,,,,0.0,8782585400.0
4985,LKA,1991,1.2045026,7.6281883,3.5,,,,,,89.6,9000362581.58086
4986,SLB,2020,21.8043,5.6097072,,18.635368,,,65.39475136,34.75593,91.4,1536145814.17007
4987,MNG,2013,18.297635,8.3290547,9.1,17.170647,,63.0,68.39260768,60.34567,59.9,12582122604.2577
4988,JOR,2006,33.721197,13.833985,10.5,27.165157,0.3,,73.85308999,98.31512,0.1,15056981664.3159
4989,ZMB,1995,2.7838552,3.8617384,3.2,,,,,,87.2,3806983413.16416
4990,MHL,2000,37.68954,25.244281,15.0,40.398495,,,,,92.7,114838500.0
4991,TJK,2004,12.395934,7.6958433,4.9,26.989737,15.4,,67.99767342,91.23122,49.0,2076176869.41089
4992,FIN,2004,17.53886,6.5598771,7.4,23.379368,0.0,,78.7283427,99.44816,0.0,197458297639.769
4993,SYC,1998,17.932272,12.723087,7.0,,,,,,0.0,647287375.762528
4994,TUV,2013,59.400558,15.194429,22.7,28.939524,,16.0,,83.20702,40.0,38615890.6320745
4995,MOZ,2003,3.6769245,5.3448565,3.7,7.6528192,,,51.67123667,13.30231,97.8,6583526860.58062
4996,SSD,1995,2.1506144,4.8316471,,,,,,,99.3,
4997,AFR,1999,5.585033,5.8573056,3.6,,,,,,86.93,
4998,LBY,2000,24.263386,13.159204,8.5,33.938461,,,74.0447285,90.30507,,38270954138.1128
4999,ISR,2001,19.041233,9.3989864,6.7,34.252651,0.2,,78.80591438,100.0,0.0,135002039612.906
5000,HTI,2009,7.6678507,14.477868,5.9,24.130554,,,60.74938385,26.1167,96.4,11597002834.7786
5001,SOM,1998,4.7065649,5.8266591,3.6,,,,,,99.7,2962047564.41651
5002,NGA,2017,10.223781,7.5668544,,18.459562,,,62.36209316,41.19972,90.3,375745731053.427
5003,BGD,2001,0.91180038,9.7953834,5.5,21.529562,,,65.95954098,26.0706,92.0,53991289844.3291
5004,PYF,1996,36.707711,11.742361,,,,,,,,4166072829.60099
5005,KAZ,2000,13.775215,7.2778068,8.3,17.749453,,,64.35326131,96.80302,15.8,18291990662.0356
5006,TTO,1998,18.898439,13.412714,5.9,,,,,,0.0,6043686653.62189
5007,ISR,2009,21.654171,10.146929,6.9,31.413572,,,81.12924437,100.0,0.0,213403181852.86
5008,PHL,1991,1.8719038,4.1980017,3.6,,,,,,76.2,51784144942.727
5009,TLS,2015,1.398836,4.177662,,22.871742,,,67.83593705,50.79837,91.1,1590282400.0
5010,HND,2011,21.959645,8.0705419,6.6,32.028332,17.1,,70.68279372,74.96012,56.65,17710275685.4074
5011,PHL,2020,8.0280244,10.266125,,41.963707,,,69.6404352,82.41605,46.0,361751145451.597
5012,BOL,1997,11.458425,6.8157598,4.7,,,,,,39.6,7925736821.45034
5013,WSM,2014,57.044256,15.188771,22.8,20.569845,,,70.13172182,95.05492,69.3,796683519.593842
5014,AFG,1994,2.6528846,8.516629,4.7,,,,,,97.9,
5015,ITA,2021,17.140202,11.58778,,40.25531,,,82.19747411,99.8851,0.0,2179207773596.09
5016,ITA,2020,16.99578,11.285087,,40.431736,,,81.93997914,99.88516,0.0,1907481094079.23
5017,DJI,2018,9.3951009,6.9914393,,17.057161,,,65.12011598,65.33031,90.7,2913464658.08768
5018,CUB,2016,18.37232,13.790332,,53.486,,,78.14353782,89.17245,6.9,91370407863.7
5019,USA,1998,25.592297,8.5819483,6.9,,,,,,0.0,9062817000000.0
5020,EUR,1990,13.703498,5.5775732,6.5,,,,,,8.08,
5021,AGO,1990,3.0340761,7.8034393,2.6,,,,,,64.9,11229515599.3048
5022,WB_HI,2018,24.437371,11.420929,,32.265705,,,80.68924788,,,
5023,SUR,2017,25.774246,18.491054,,45.822796,,,73.2092718,87.85309,6.8,3591679430.99988
5024,DNK,2019,12.982713,3.5074186,,13.62959,,,81.27895276,99.59723,0.0,345401473012.615
5025,WB_HI,2021,25.508481,12.294991,,32.56636,,,79.65119873,,,
5026,ETH,2018,2.163058,4.9898934,,9.8869343,,,68.47192846,8.34992,94.4,84269180856.9147
5027,TLS,2019,1.8767636,5.1028475,,25.073423,,,68.49880356,55.18989,86.4,2032550389.41316
5028,LSO,2019,19.231862,5.6126948,,8.2018347,,,51.77851899,48.42792,53.8,2390702295.82777
5029,SDN,1996,5.4562613,9.27108,,,,,,,97.1,9018300724.66086
5030,BEN,1994,2.8145146,3.643848,3.1,,,,,,99.9,1598075943.86774
5031,BRB,2019,35.824624,26.587161,,42.797913,,,76.03984637,98.09246,0.0,5788288000.0
5032,GNB,2012,7.8826956,6.7912497,5.0,18.844078,,,56.47290302,15.91256,98.9,1049412177.11413
5033,ARG,1998,17.06821,7.6659501,8.3,,,,,,5.2,298948250000.0
5034,VNM,2006,0.48415703,4.1228157,4.1,18.999413,19.5,,72.23737668,61.51574,66.7,66371664817.0436
5035,BTN,2000,3.3890247,9.4985709,6.9,12.50696,,,65.98956136,46.90494,73.55,460733418.399276
5036,BTN,1996,2.5547028,8.7478481,6.1,,,,,,85.8,303408345.620078
5037,SEAR,2011,4.322835,13.042542,7.3,29.640743,,,68.63474835,51.26339,63.74,
5038,TUR,2014,30.367914,13.171306,13.2,42.580067,0.3,,76.74876869,95.8287,5.1,938934609296.966
5039,VUT,1995,15.027691,5.5746473,7.3,,,,,,88.6,249333250.082507
5040,WSM,2003,48.972476,13.609438,15.9,34.291637,,,70.05898224,91.54625,79.7,333426188.41876
5041,MUS,2006,14.927733,19.605881,11.9,27.615013,0.4,,72.37604294,92.55475,3.6,7028810680.89077
5042,LCA,2012,26.064301,15.202552,13.3,22.296461,,,76.39869599,83.21779,4.2,1598207407.40741
5043,BLR,2007,20.215794,6.13405,8.6,17.070681,0.1,,70.20054242,93.74121,2.2,45275711995.825
5044,ITA,1999,13.320714,6.9826812,7.0,,,,,,0.0,1255004736463.98
5045,ATG,1992,13.557926,8.3968975,5.6,,,,,,0.0,525133333.333333
5046,ECU,1998,12.667285,5.0332356,4.8,,,,,,14.0,27981896948.4742
5047,MAR,2016,18.712403,16.475773,,23.428614,,,73.4071743,83.54587,2.0,111572947004.917
5048,ISL,2021,20.93918,6.5510698,,26.111633,,,82.57766731,98.77995,0.0,25770339317.3897
5049,VEN,2020,22.790095,11.410367,,44.959431,,,72.40374475,96.98606,5.45,
5050,BHR,1990,17.239572,7.867685,5.8,,,,,,0.0,4809511005.31915
5051,NRU,2021,69.633859,21.127516,,35.753502,,,,65.93204,0.0,175513984.500084
5052,AFG,2006,6.7233808,11.804739,6.7,24.506878,,,56.992143,28.81227,86.4,6971758282.29351
5053,NER,2007,3.1911455,4.9625821,3.6,20.556807,72.0,,56.45936065,8.99543,98.9,5731485051.79069
5054,NLD,2003,12.259147,6.2272489,5.5,18.268801,,,78.52543386,97.97132,0.0,582435617081.96
5055,MYS,2013,16.582549,15.637024,9.6,40.703354,0.0,,74.72307296,95.16127,5.5,323276235524.415
5056,SOM,2018,12.342302,7.0623286,,18.17963,,,54.6726292,37.16507,97.0,7873440830.00128
5057,MHL,2003,38.735387,26.61241,16.3,37.686207,,,,86.1932,83.2,131128500.0
5058,KGZ,2002,13.776731,7.0518993,5.8,16.964371,34.1,,66.25500987,92.56702,43.0,1605643104.73021
5059,SGP,2007,6.2779404,10.270274,8.7,23.857052,,,80.58124756,100.0,0.0,180941701357.97
5060,SSD,2008,4.4100918,5.7165157,,17.622187,,,57.67870573,,100.0,14586253383.0632
5061,COD,2019,5.8134522,7.2538063,,15.023333,,,61.83901232,16.41666,95.6,51775829877.2088
5062,KEN,2014,8.8493817,3.6587998,4.0,10.020315,,,63.63694431,33.29685,88.8,68285796514.2896
5063,MEX,2018,33.340561,15.722428,,26.892859,,,75.91673747,90.16077,15.2,1256300182775.8
5064,GAB,2018,18.551628,10.823216,,21.263327,,,64.70364722,49.49443,11.2,16867326401.9626
5065,CZE,1991,19.498362,6.5562777,7.9,,,,,,0.0,30071014282.3218
5066,BLZ,2014,36.571833,13.161181,9.9,38.238884,,,74.2195742,86.89305,16.6,2138250000.0
5067,BRB,2006,26.524812,19.456354,11.3,37.320812,,,75.05596421,91.85426,0.0,4217323400.0
5068,ZAF,2006,26.456234,11.853567,8.1,49.133541,,,52.10797353,64.79351,30.5,303858675363.643
5069,MUS,2014,16.892472,24.524628,14.2,28.587049,,,74.00992363,95.47363,1.6,13074129952.0532
5070,GRC,1999,18.389203,8.5261524,7.6,,,,,,0.0,137131371955.307
5071,ARG,2015,28.771749,10.354476,,36.571018,,,76.5300965,94.42041,0.2,594749285413.212
5072,SOM,2015,10.859647,6.7654595,,18.412758,,,53.54338351,34.03126,97.9,6152149099.99942
5073,ARG,2003,20.102873,8.4517866,8.7,34.352188,7.0,,74.25492535,89.06956,2.8,127586973492.177
5074,BMU,1990,12.361101,8.6589009,,,,,,,,1592400000.0
5075,EST,2014,21.171376,8.9231655,9.3,14.72066,0.7,,77.0967995,99.05268,0.0,27055689003.0038
5076,OMN,2017,27.710861,15.489903,,38.179565,,,74.14573276,99.31957,0.0,80856697009.1027
5077,KAZ,1990,11.876848,5.5758435,6.7,,,,,,28.7,26932016269.6107
5078,GHA,1993,3.6544438,3.690869,2.9,,,,,,96.8,5968922939.37198
5079,NAM,2008,12.949422,7.1950614,4.7,33.026237,,,58.62203403,31.3826,60.6,8607431497.49471
5080,AZE,2012,21.428685,10.111209,10.6,22.643986,,,71.2113018,89.86794,4.8,69679944504.1972
5081,URY,1996,15.311149,9.6437417,9.0,,,,,,0.0,20515458113.5857
5082,GRD,2016,26.344249,18.806574,,33.183239,,,72.49134059,91.49389,10.1,1061640740.74074
5083,JPN,1999,2.4983166,8.4588438,8.4,,,,,,0.0,4635982224063.88
5084,KNA,2009,36.524418,14.93092,12.6,36.100243,,,,92.33737,0.0,774274074.074074
5085,PER,2016,21.671675,10.60549,,31.313717,3.5,,80.1644759,74.93221,21.9,191898104390.379
5086,AUT,1993,10.077963,5.1472589,5.0,,,,,,0.0,189634029338.696
5087,LTU,1992,19.877176,6.6066675,8.2,,,,,,0.0,
5088,BIH,2015,18.324964,14.988321,,18.508417,,,76.9957646,95.31294,58.3,16404348871.4437
5089,AFR,2013,9.340546,7.0088521,5.0,18.754705,,78.61099,61.51649833,31.36266,83.69,
5090,CZE,2003,19.536968,7.1559206,8.3,23.754389,,,75.26103133,99.11692,0.0,100435924704.881
5091,GMB,2007,7.1005307,6.6831827,4.7,22.162554,,,61.11617054,46.41853,97.0,1279703047.0221
5092,BRA,2022,28.141835,13.958113,,40.398304,,,,90.8835,3.5,1951923942083.32
5093,DEU,1995,15.721299,7.7696502,6.1,,,,,,0.0,2593053091306.13
5094,ESP,2000,18.18057,9.716358,8.4,40.460232,,,79.09037288,99.81338,0.0,598102854756.08
5095,SWE,1998,11.393504,4.9829014,6.4,,,,,,0.0,270889570937.999
5096,FSM,1993,34.868371,15.836753,9.4,,,,,,88.5,198400000.0
5097,ARG,1995,15.318131,7.1358457,8.1,,,,,,7.3,258031750000.0
5098,FRA,1997,11.304879,5.9221841,6.6,,,,,,0.0,1449392222971.45
5099,ALB,2008,15.676688,7.7735856,7.4,20.912361,0.4,,74.9883157,94.07581,39.4,13258506375.4518
5100,BRN,2002,15.098238,9.3687698,6.8,26.689821,,,75.90522385,75.14812,0.0,6333082878.97992
5101,ESP,2022,15.66913,5.9941862,,21.848007,,,,99.91862,0.0,1446498147749.03
5102,WB_LI,2004,4.5015443,6.6093899,3.9,18.31506,,,56.58061879,,,
5103,FRA,2020,10.068179,4.7419593,,24.521856,,,81.87409035,98.64761,0.0,2647926055110.05
5104,BEN,2001,4.8347946,3.8893402,3.8,16.680449,,,57.74456271,9.00425,99.1,3666222635.13875
5105,TJK,2014,18.424003,9.1020368,7.6,31.513527,,,72.02059888,94.94473,23.4,9112605459.32845
5106,LBN,2004,22.483656,12.458187,8.9,39.291973,,,77.0970413,79.54209,,21159827992.0398
5107,MDV,1995,4.7447424,4.6645366,5.4,,,,,,95.0,398988954.970263
5108,NPL,2020,6.1342239,13.360405,,8.3678169,,,70.98964531,76.61121,61.7,33433659301.2466
5109,KHM,2005,1.3805058,3.4123838,4.5,13.542038,,,63.57944693,22.88868,93.4,7066296463.3598
5110,PLW,1993,34.379277,14.935085,14.1,,,,,,0.0,96455700.0
5111,MNG,2021,23.449484,13.349169,,26.191065,,,70.09795294,69.5233,46.9,15286441737.6686
5112,BIH,1996,12.944606,7.5340077,6.1,,,,,,43.65,2786045321.63743
5113,PSE,1991,21.0656,8.4862061,,,,,,,,
5114,BMU,2012,26.382655,20.788382,,,,,,,,6378188000.0
5115,RWA,2005,1.4901571,3.1105854,2.1,17.092424,68.3,,57.02758036,52.13583,99.8,2933819766.17656
5116,SEAR,1994,1.382402,8.4874302,4.8,,,,,,86.52,
5117,MLI,2017,9.213727,5.4777432,,31.172794,,,61.01919215,41.2864,99.0,18308362040.0521
5118,TUN,2020,25.854218,15.978698,,32.31221,,,77.12175333,97.43446,0.1,42491780918.361
5119,CHN,2001,2.3290303,5.850029,5.8,19.909277,,,71.13400253,57.56846,58.4,1355036590251.52
5120,GRD,2001,17.344591,12.019409,6.9,27.584505,,,71.53484581,90.02494,7.4,520444185.185185
5121,NGA,2006,6.860406,5.6916729,3.7,20.667809,,,57.55220397,31.50685,99.0,238454997161.48
5122,PRK,2011,6.3358463,9.0142436,5.8,23.15416,,,70.26241873,78.75,93.8,
5123,EMR,2004,16.952549,11.243589,8.2,31.179148,,,66.33371913,61.80205,39.1,
5124,GEO,2011,26.440984,11.486982,13.3,19.134682,11.3,,71.94043757,87.58269,31.5,15475290469.2869
5125,MDA,1992,18.436618,5.2344672,5.8,,,,,,57.6,2319243435.96096
5126,MWI,2018,6.2252,3.7424352,,3.7462034,,,62.91863389,40.63567,98.1,9879231591.52434
5127,HRV,1993,12.498115,6.2409349,6.6,,,,,,0.0,11259647874.4986
5128,MDG,2000,1.1133956,5.2628152,2.9,16.389746,,,58.73234782,3.82452,98.8,4629247203.84524
5129,KIR,1996,35.729432,15.952088,11.7,,,,,,99.6,81456854.1385109
5130,GBR,1997,16.823915,5.9068661,6.5,,,,,,0.0,1560911918795.02
5131,IRN,1993,11.753191,5.6636892,5.0,,,,,,21.4,63743623231.2312
5132,VNM,2002,0.34930659,3.9334591,3.8,16.901789,38.0,,72.06004934,53.77333,80.8,35064105500.8344
5133,EGY,2002,29.632145,11.547747,11.2,30.929226,,,68.85252001,91.8581,10.4,85146067415.7303
5134,MMR,1992,2.1530764,5.6963809,3.4,,,,,,99.6,2411552288.76212
5135,THA,2007,7.9750016,8.2864299,7.7,19.327349,0.3,,73.93719029,94.44258,30.4,262942621455.053
5136,SLE,2016,6.2052224,7.8640789,,13.745299,,,58.75068972,17.48495,99.4,6084297211.10217
5137,ITA,2000,13.567924,7.1406119,7.1,43.6134,,,79.36611399,99.88593,0.0,1149661363439.38
5138,PRY,1994,13.997598,5.6986969,3.9,,,,,,53.8,7870982004.8195
5139,TUV,2011,58.406603,15.847863,21.7,30.212337,,,,83.04115,49.5,39196957.4908996
5140,IDN,2022,11.227874,12.714213,,18.998718,,,,88.15688,11.2,1319101183380.15
5141,BGR,2015,18.508542,12.30015,,27.950579,,,74.56358707,85.98314,,50765918159.1476
5142,AUS,2000,19.506331,5.0871171,6.7,26.617661,,,79.69831946,99.99076,0.0,416167815092.908
5143,BGR,1993,12.064748,7.054913,7.2,,,,,,,10832064941.654
5144,KGZ,2022,26.599699,11.141628,,19.874479,,,,97.86457,20.9,12134931017.9465
5145,MUS,2007,15.2467,20.264903,12.2,27.778049,,,72.6045072,92.9723,3.3,8150150209.22501
5146,HTI,2017,9.4076797,18.499699,,26.481613,,,63.2460029,34.70445,95.9,15093357161.1498
5147,COK,2009,60.407329,30.643171,24.8,43.06023,,,,83.6246,18.8,
5148,PER,2001,12.527572,3.2981548,5.4,26.064754,17.2,,75.95904765,64.88412,54.85,52030158775.4055
5149,TKL,1997,57.865369,26.088035,,,,,,,68.0,
5150,COL,2013,18.728486,10.280717,7.8,30.868267,5.7,14.0,77.2278702,86.9434,12.9,382093697077.685
5151,LSO,1994,8.6559132,4.6081219,4.1,,,,,,91.5,878250945.280469
5152,ERI,2007,1.9976614,5.7319015,2.8,12.820415,,,59.29093298,10.55508,93.2,1317974491.05691
5153,SDN,2008,9.8659486,10.662887,,21.055983,,,66.10814996,25.61761,73.8,64833083257.1431
5154,GAB,2000,9.6100755,8.4119782,6.6,25.644493,,,57.68875146,33.98142,35.9,5080483628.53013
5155,ALB,2007,15.25414,7.4486122,7.2,20.790276,,,74.53678554,93.50575,42.2,11116937869.8568
5156,SUR,2015,24.554852,17.652437,,44.604836,,,72.9788443,86.47886,8.4,5126237646.22072
5157,YEM,1999,5.090123,8.4583819,4.7,,,,,,46.8,7639325295.88287
5158,GLOBAL,1996,7.760698,6.9503076,5.5,,,,,,53.509273783,
5159,VCT,1990,12.746565,6.0149245,5.1,,,,,,3.9,240366666.666667
5160,LSO,1995,8.9543484,4.699564,4.2,,,,,,90.5,1001894000.27846
5161,COM,2012,10.708262,4.0912129,5.5,12.95751,,,66.39715563,34.68993,95.9,1015842906.66403
5162,VCT,2005,22.069763,9.7393803,8.1,25.768084,,,72.5595686,74.66081,4.2,579948925.925926
5163,BIH,2000,13.836187,7.9847723,7.4,15.32736,,,75.4599475,95.07845,46.2,5567772768.81188
5164,ZAF,1999,22.179216,10.819748,6.6,,,,,,45.2,151516957078.536
5165,HTI,2011,8.0980681,15.469755,6.3,24.670475,,,61.10474412,28.20566,96.3,13008746038.8867
5166,FJI,2014,29.072642,19.74607,16.6,17.532339,,,67.72103011,92.48116,61.4,4857104768.86844
5167,BRB,1991,16.265902,11.192553,7.1,,,,,,0.0,2020583702.08323
5168,JOR,1992,24.538206,9.2160337,7.7,,,,,,0.8,5310833193.59005
5169,SLE,2014,5.9979577,7.428214,4.8,14.186251,,,55.83770997,15.85256,99.5,7686138790.90872
5170,KWT,2007,39.370826,15.678379,12.9,61.357235,,,79.05909554,100.0,0.0,114634043361.692
5171,PRK,2021,10.296247,14.850229,,26.572403,,,72.6431485,84.71404,86.9,
5172,BMU,1997,16.4143,11.685444,,,,,,,,2932827000.0
5173,BWA,2015,15.671189,6.3484289,,23.965017,16.1,,62.04575871,74.76207,37.6,13530748844.505
5174,MEX,1990,14.506744,8.6106315,5.9,,,,,,25.6,261253675692.838
5175,KEN,2007,6.3936889,3.6588371,3.2,11.515444,,,58.55063756,30.60012,94.9,31958195182.2406
5176,WPR,2006,3.531327,6.8276815,7.0,22.206034,,,74.06441894,71.14763,46.16,
5177,NOR,2010,16.007401,6.726227,6.6,33.76849,0.0,,80.86687696,98.06269,0.0,431052143940.438
5178,MHL,2020,45.061687,27.379304,,25.377426,,,,81.37833,34.8,241800000.0
5179,NER,1998,1.6855309,4.3346502,2.8,,,,,,99.2,2643363518.99272
5180,SWE,2018,14.927706,6.8088099,,11.2886,,,82.20163712,98.91491,0.0,551312498430.164
5181,GBR,2010,24.301125,8.0605283,7.4,29.048994,0.2,,80.25257339,99.11837,0.0,2485482596184.71
5182,KWT,2020,41.202471,26.38675,,63.181911,,,78.76948984,100.0,0.0,111045470461.207
5183,BLR,2019,21.274516,9.0303592,,14.462688,,,74.8186819,99.34076,0.3,64410170653.4569
5184,IND,2016,5.2089281,17.190333,,41.438904,,,69.7812294,60.84126,48.2,2294796885663.16
5185,NGA,1992,2.6113201,4.9825545,2.8,,,,,,99.4,52058181853.8055
5186,DEU,1993,14.902522,7.2544955,6.0,,,,,,0.0,2078954217437.6
5187,MWI,1999,1.9697441,4.9095869,3.1,,,,,,98.0,2584478924.06081
5188,EMR,2003,16.378556,10.965908,8.0,30.712164,,,65.93877747,60.87964,40.35,
5189,MNE,2012,14.784779,9.8171972,8.5,20.741526,1.3,,76.17609575,93.88979,37.6,4087526241.81268
5190,DOM,2019,27.115127,15.209141,,35.606434,,,73.91314074,87.20311,8.2,89146130744.723
5191,COG,1993,3.449966,6.77718,3.7,,,,,,95.1,2684323623.14372
5192,KHM,2015,2.7404308,5.5255633,,13.146824,,,68.66739766,53.93998,78.9,24174170369.0738
5193,BTN,2006,4.9877007,10.474783,7.7,11.257716,,,69.95563044,56.26958,49.4,942879878.538879
5194,LCA,1991,11.13873,6.7699678,5.3,,,,,,29.2,613703703.703704
5195,TGO,2008,5.8819953,4.6630893,4.2,13.938932,,,57.96842813,12.53545,97.7,4578849657.99813
5196,SUR,2011,22.224969,15.747295,10.9,42.217819,,,73.11587921,83.80815,11.7,4422276621.78703
5197,GNQ,1995,7.2804734,7.4435443,3.2,,,,,,83.35,141853360.867855
5198,PAN,2009,24.066159,7.3707879,7.8,44.206905,3.2,,77.16899668,71.84611,0.0,27791215500.0
5199,ESP,1992,15.161256,7.0574485,7.6,,,,,,0.0,630465353486.104
5200,NER,2010,3.6594268,5.089749,3.8,19.557304,,,58.29155093,10.4625,98.6,7851192502.30917
5201,STP,2002,7.5700551,6.5390401,4.9,17.732122,,,64.65366231,22.92814,99.6,85171073.8777498
5202,BOL,2002,14.106674,7.9828382,5.2,22.191568,24.7,,67.18430642,37.14125,35.0,7905485146.44351
5203,FSM,2000,37.611553,20.092298,12.0,44.687351,,,63.55831516,25.04843,89.2,233271800.0
5204,NPL,2008,2.4429135,9.3181893,7.9,9.8881702,,,69.03486842,35.90281,81.4,12545438605.3959
5205,SYR,1999,22.097456,11.501689,6.9,,,,,,1.7,15873875968.9922
5206,MLT,2019,31.573185,12.799172,,42.705036,,,82.14647613,99.9645,0.0,16337793530.7788
5207,MWI,2014,5.0087925,3.9913353,4.3,5.2646666,,,61.34710538,31.86306,97.8,8801326169.14547
5208,PRT,2000,14.571536,7.0208669,7.2,41.917141,,,76.58820219,97.53592,0.0,118605192877.388
5209,ARE,1997,23.462997,16.236065,6.6,,,,,,0.0,78839008444.5655
5210,GRD,2011,23.311666,16.563161,8.8,31.154421,,,72.12250252,92.1573,7.7,778655555.555555
5211,MAR,2002,12.162589,11.210378,7.6,21.857994,,,70.73932756,69.7649,8.3,47077192187.6418
5212,HRV,1995,13.0944,6.465552,6.8,,,,,,0.0,22772394546.6058
5213,WB_HI,2006,19.964309,8.8691257,7.9,31.094509,,,78.9430904,,,
5214,BRN,2009,20.862915,11.274779,8.2,28.636669,,,76.87788068,83.66457,0.0,11912904529.0722
5215,PSE,1995,23.705743,9.5941477,,,,,,,,3282800000.0
5216,PSE,2008,32.304299,12.84509,,37.89642,,,68.97864967,92.90505,,7310400000.0
5217,MNE,2015,15.64292,10.993312,,21.206367,,,76.86028429,95.54342,38.1,4054730077.57718
5218,KEN,2013,8.4763825,3.6264893,3.9,10.209397,,84.0,63.11575218,32.90477,90.1,61671440407.8387
5219,VNM,2005,0.44336799,4.0501986,4.0,18.433683,,,72.17650018,59.52866,70.6,57633255738.1992
5220,AND,2005,15.321369,8.0198683,8.6,33.915882,,,,100.0,0.0,3161084091.11674
5221,ITA,2008,15.514083,8.5541613,7.8,42.790924,0.7,,81.37070791,99.88575,0.0,2417508414187.19
5222,NER,2015,4.388018,5.1485963,,17.844578,,,59.63358442,12.84712,97.8,9683867926.44282
5223,MWI,1993,1.3347787,4.4158492,2.5,,,,,,98.3,3013392657.99911
5224,CHN,2007,3.2826979,6.951534,7.3,20.580746,,,73.8389379,70.02098,48.8,3604055822571.63
5225,UKR,2015,22.349669,9.1551088,,11.802167,0.1,,72.14894514,97.27865,4.9,91030967789.0717
5226,VUT,2002,16.505744,7.7378407,8.8,14.786041,,,65.03950977,55.55463,86.4,262596535.549028
5227,ITA,2018,16.733882,10.690077,,40.805439,,,82.77664183,99.88529,0.0,2099435266458.67
5228,GLOBAL,2021,15.349089,14.238113,,30.81246,,,71.36869906,79.83035,27.941016456,
5229,QAT,1996,22.708327,12.142262,8.9,,,,,,0.0,9059340384.61539
5230,MUS,1994,10.118534,13.042277,8.7,,,,,,15.65,3606050873.0139
5231,BGD,2004,1.2195815,10.784898,6.0,21.233385,,,67.36950715,30.7993,90.9,65108544250.0425
5232,IRQ,1995,22.558995,10.450834,7.8,,,,,,62.1,12894029888.1122
5233,TUN,1993,13.105536,7.3255636,6.1,,,,,,34.2,14608335608.1543
5234,GNB,1994,2.5849098,5.0847262,3.0,,,,,,98.2,612502084.797565
5235,BRN,2014,24.894203,13.178657,9.0,30.020088,,,76.65808603,89.74774,0.0,17097797371.9718
5236,PNG,2002,14.337678,15.305066,7.8,18.108664,,,63.43343076,18.12404,94.4,2999511040.19764
5237,SUR,1999,15.107264,9.5633373,7.9,,,,,,26.6,886290697.674419
5238,ARG,2000,18.281661,7.992281,8.5,33.948772,5.7,,74.28695107,87.66693,4.2,284203750000.0
5239,BMU,1993,13.952966,9.7597115,,,,,,,,1820359900.0
5240,BEL,2021,19.753161,9.5983401,,26.254839,,,81.5059627,99.48621,0.0,598522422241.851
5241,COM,2017,13.239253,4.5776013,,14.868119,,,67.83204139,35.85662,93.4,1077439756.12221
5242,GHA,2017,11.412118,6.6968933,,19.980072,,,65.08594377,22.67011,76.1,60385409434.8567
5243,AFG,2008,7.7756628,12.558143,7.1,25.430117,,,57.9008556,32.1287,83.3,10109297047.5432
5244,STP,2016,13.344294,10.990137,,17.747705,,,70.89699364,41.14102,97.7,292267272.196925
5245,COK,1991,48.167837,18.422022,14.6,,,,,,28.9,
5246,BWA,1991,6.4031079,5.0288938,3.3,,,,,,72.8,3942876703.45184
5247,ASM,2007,70.648307,31.90189,,,,,,,,518000000.0
5248,PLW,2000,36.61465,18.641871,16.8,35.773598,,,,92.30552,0.0,149535800.0
5249,TTO,1999,19.432451,14.012957,6.2,,,,,,0.0,6808982520.75759
5250,ZWE,2009,9.1190867,8.6087599,4.5,18.499527,,,49.66000005,41.7712,69.2,9665815601.13562
5251,MMR,2018,6.4374983,10.878811,,21.675837,,,68.55999093,72.69104,68.3,67860515989.517
5252,GRD,2004,19.167587,13.172042,7.4,28.612747,,,70.40655547,90.88416,6.8,599118592.592593
5253,TUR,2017,31.559798,14.642362,,43.308422,,,77.07084923,97.586,4.9,858988492853.742
5254,ZAF,1994,18.749493,9.5621228,5.7,,,,,,52.7,153512712381.836
5255,LBY,1991,18.586674,9.6218422,7.3,,,,,,,31991821264.7118
5256,IRN,2009,18.790039,8.5512325,8.2,36.039944,1.0,,76.24197751,84.53138,3.3,414059094949.597
5257,HUN,1993,14.478774,7.7469699,7.6,,,,,,0.0,40256233360.3817
5258,THA,2004,6.9072887,7.6287054,7.0,17.767532,0.8,,72.04096222,93.54317,34.4,172895685154.658
5259,CZE,2014,22.554526,9.3583658,9.6,23.167061,0.0,,78.68016445,99.13663,0.0,210911285077.683
5260,CHE,2016,11.835159,5.6393117,,21.044744,,,83.17109413,99.8983,0.0,687895460902.713
5261,ALB,2015,19.087026,10.283262,,22.206703,,,77.76638448,97.65496,23.5,11470171826.9575
5262,LBN,2019,28.727019,19.458824,,55.639694,,,79.28679608,99.06738,,51605959131.2741
5263,UZB,2016,24.690849,11.694507,,23.533051,,,69.95773109,95.57135,16.6,86138288644.171
5264,BFA,1992,0.69657988,3.6192447,2.3,,,,,,98.6,3356692505.18266
5265,TUV,2018,62.006187,13.862334,,26.218166,,,,83.47036,26.5,48015259.8751356
5266,MDG,1999,1.0428495,5.1646918,2.8,,,,,,98.7,4277903780.29131
5267,QAT,2003,28.614658,14.718232,12.2,46.60574,,,70.55987989,99.93655,0.0,23533791208.7912
5268,RUS,2006,20.664953,6.9095388,8.3,12.246571,0.3,,66.48842347,85.8504,0.0,989932071352.543
5269,DZA,1992,10.485675,7.9373978,5.0,,,,,,10.8,48003133346.9957
5270,CAF,2011,5.636296,14.045824,5.2,17.504717,,,49.46797321,17.50401,99.5,2437982705.12093
5271,VEN,1996,16.705242,6.7091353,6.7,,,,,,2.2,70543211119.099
5272,IRN,1992,11.379585,5.4903489,4.9,,,,,,23.9,119768691216.667
5273,RWA,2022,4.9234815,4.692607,,8.969945,,,,73.82645,92.7,13316161005.7244
5274,WB_LI,1994,2.6003009,5.5405397,3.0,,,,,,,
5275,FSM,1995,35.627148,17.176624,10.3,,,,,,88.5,221575300.0
5276,KHM,2012,2.2327077,4.4994663,5.5,13.198256,,,67.72268359,44.34106,85.3,17826536699.8016
5277,IRN,1994,12.140391,5.8386922,5.2,,,,,,19.6,71841461172.2365
5278,TUN,2001,16.835977,8.89998,7.8,23.111111,,,74.55599136,77.24806,6.9,22065832448.8623
5279,PRK,2006,4.9016345,7.6765388,5.4,21.874609,,,69.70476861,75.23728,96.6,
5280,MMR,2009,4.7340672,7.3793724,5.6,21.51396,,,63.9906783,68.33692,92.2,36906181380.8127
5281,BTN,2005,4.6864402,10.283682,7.5,11.423795,,,69.36895355,54.62419,53.3,860391000.221655
5282,TTO,1990,14.989042,9.4225168,4.2,,,,,,0.0,5068000000.0
5283,ZMB,2015,7.8801706,6.3589737,,14.823653,57.5,,60.4135173,32.43571,86.0,21251216798.7762
5284,URY,2010,23.579544,12.990496,10.4,30.7731,0.1,,76.48217264,95.1451,0.0,41950361211.9581
5285,CHL,2016,33.167136,13.376191,,33.440338,,,80.46247256,99.66652,0.0,249344863928.438
5286,WB_HI,2020,25.152358,11.994187,,32.47065,,,79.95969437,,,
5287,CIV,2022,11.643035,9.4003633,,19.677767,,,,36.96208,58.3,70922824824.0069
5288,GBR,2019,26.171803,10.733987,,21.222153,,,81.22319266,99.10806,0.0,2851407164907.81
5289,IRL,2008,23.608252,5.3764183,6.6,32.889389,0.2,,79.58286978,90.01711,0.0,275447471451.063
5290,LUX,1994,13.832854,5.7311334,6.3,,,,,,0.0,17701798890.7644
5291,EGY,2018,41.737407,22.667551,,33.206383,,,71.35791195,96.881,0.1,262588632526.73
5292,PLW,2013,39.344534,21.113575,22.5,29.089943,,,,96.63292,0.0,225345700.0
5293,STP,1990,3.2335024,5.402844,4.5,,,,,,99.9,119297932.757045
5294,PLW,2016,39.845008,20.16235,,27.724525,,,,97.50065,0.0,298323500.0
5295,FIN,2009,18.794587,7.7199757,7.6,18.6723,0.0,,79.70604252,99.44811,0.0,253480783439.453
5296,ECU,1992,10.280702,4.3047726,4.1,,,,,,23.6,18094238119.0595
5297,TJK,1992,7.9581417,6.3415505,4.0,,,,,,83.0,1908554572.27139
5298,LKA,2000,2.4172347,8.8801727,4.8,18.318197,,,71.51130083,76.76847,83.6,16330814179.9766
5299,GUY,1990,9.2973582,6.9467746,4.0,,,,,,0.0,396582263.291139
5300,BWA,1998,9.0859823,5.5360034,4.2,,,,,,59.3,4790481509.17679
5301,FJI,1999,21.828748,11.246884,9.8,,,,,,71.8,1936459986.03795
5302,HUN,2009,23.423831,10.645664,9.2,22.107973,0.0,,74.22416063,98.01207,0.0,130807441076.16
5303,LSO,2013,16.314992,5.0075337,6.0,9.1033802,,62.0,48.96059544,36.62644,64.1,2367112931.642
5304,MMR,1993,2.267291,5.736728,3.5,,,,,,99.6,3163020034.63637
5305,HUN,2004,20.375861,9.3392365,8.5,19.680708,0.2,,72.86168111,98.03297,0.0,104015363080.271
5306,LVA,1993,15.562016,5.7946205,7.9,,,,,,0.0,
5307,UGA,2003,2.4139529,3.2934062,2.0,10.483851,,,51.68238982,17.03215,99.2,6606884275.23087
5308,MHL,2009,40.892422,28.237206,18.9,32.653156,,,,85.85379,47.5,151200000.0
5309,BLZ,1996,22.195815,6.8396591,6.6,,,,,,25.2,850850000.0
5310,AZE,2000,15.641572,8.0605812,6.8,22.51297,,,65.23458004,62.27634,29.9,5272615722.96892
5311,NPL,2015,4.2730581,11.247367,,8.8711443,,,69.77673885,58.55299,69.9,24360801286.7638
5312,CMR,2007,10.136124,5.5427786,4.1,22.466364,29.3,,55.00397444,39.50087,83.5,23928250433.0378
5313,BRB,2011,30.148205,22.649838,12.9,39.471943,,,76.02367426,94.35491,0.0,5342183800.0
5314,VCT,2015,28.474364,13.783173,,28.201241,,,72.79473614,89.61494,5.9,786555555.555555
5315,NGA,2018,10.604426,7.8125663,,18.339863,,,62.68563037,42.22626,87.5,421739251509.08
5316,CUB,2017,18.911706,13.931422,,54.787491,,,77.65330792,89.66559,6.3,96850649691.7406
5317,COG,2008,6.8695389,8.7636754,4.8,19.411535,,,59.22236239,15.03204,85.5,11649857673.4436
5318,ESP,1990,14.615935,6.2642604,7.4,,,,,,0.0,536175326477.31
5319,MHL,2012,41.991746,28.62294,20.1,30.378365,,,,84.56643,38.4,180700000.0
5320,UGA,2010,3.7068922,3.1246057,2.5,7.9447246,,,59.96020545,18.53329,99.1,26673441430.7857
5321,BHR,2022,36.126715,17.106821,,38.614265,,,,100.0,0.0,46458191489.3617
5322,HTI,2002,5.9942052,11.253704,4.7,22.297596,,,57.58049169,18.93771,97.2,6205847213.6351
5323,JPN,2015,4.2841185,9.4781019,,39.266651,,,83.99957263,99.95831,0.0,4444930651964.18
5324,BFA,2018,5.2771293,7.897003,,16.63595,,,62.36096547,22.30957,88.3,15890066221.2882
5325,VEN,2019,22.833301,11.271736,,44.581303,,,72.71401189,96.75971,5.1,
5326,FRA,1998,11.477809,6.0371093,6.7,,,,,,0.0,1496906382032.47
5327,LTU,2010,22.544208,10.619303,9.0,22.282925,1.5,,73.07761938,89.1284,0.0,36638128534.0643
5328,MAR,2013,17.158288,15.090777,11.9,22.956577,1.0,,72.96566532,80.74184,2.5,115739287305.08
5329,AND,1992,11.453964,5.3575046,8.2,,,,,,0.0,1209992020.29543
5330,DEU,2013,20.448628,10.40204,7.3,15.282618,0.0,,80.28874618,99.22479,0.0,3808086291482.36
5331,SSD,2014,5.818427,6.0555141,,16.617786,,,59.09264997,9.81375,100.0,13962212847.4576
5332,SYR,2019,32.668421,18.409987,,36.851849,,,69.17463554,93.95593,6.8,22583045060.0821
5333,COM,1990,3.1609572,3.3835389,3.0,,,,,,99.9,429622177.724885
5334,LCA,2010,24.636894,14.222738,11.9,22.670702,,,76.00781498,83.68751,4.6,1482385185.18519
5335,BHR,2010,30.63162,13.024433,7.9,34.834362,,,73.86198294,99.98269,0.0,26805984042.5532
5336,LAO,1998,2.1474499,4.4975284,3.9,,,,,,98.8,1280177838.71905
5337,TZA,2006,5.3662699,5.4034594,3.6,10.066083,,,57.81812716,13.73176,99.1,18619859795.2852
5338,COG,2013,7.4604698,9.4544679,5.5,17.852585,,74.0,61.42791356,17.75521,78.0,17958720699.0868
5339,FIN,1997,15.302955,5.4594982,6.9,,,,,,0.0,126862902302.142
5340,TUR,2012,29.602429,12.254177,12.4,42.107525,0.3,,76.83621576,94.58796,5.5,880555885492.269
5341,NGA,2021,11.887109,8.6473793,,18.098984,,,63.3974984,45.44915,78.15,440833635873.827
5342,GUY,2021,27.713326,20.53815,,34.625206,,,66.0777533,90.37557,0.0,8041362110.31175
5343,ECU,2010,18.83474,7.5329453,6.5,21.595932,5.6,,75.14738891,80.38401,6.2,68151329000.0
5344,USA,2013,37.442505,12.206324,8.9,32.367672,1.0,,78.75952758,99.80424,0.0,16880683000000.0
5345,STP,1997,5.3482231,6.1042435,5.1,,,,,,99.8,91920274.2401657
5346,BGR,1992,11.89811,6.9755979,7.1,,,,,,,8602887622.63828
5347,PRI,2022,41.133827,29.733533,,41.552197,,,,,0.0,113843700000.0
5348,TON,2020,69.941759,22.088017,,30.62472,,,73.18678447,94.78496,14.8,496856303.949489
5349,CYP,2004,19.651291,7.54309,6.9,42.529713,0.0,,79.27834154,99.699,0.0,17320551250.0
5350,ROU,2006,15.951836,5.716775,7.1,22.493837,8.0,,72.58593443,75.45251,0.0,122023735992.706
5351,BEL,2014,18.166932,7.1660496,6.4,32.790192,0.0,,80.94130643,99.48616,0.0,537987419164.351
5352,PAK,1995,4.1549809,9.0354867,6.2,,,,,,82.7,60636071684.1918
5353,SRB,2022,22.507918,15.862314,,44.853954,,,,97.91041,18.0,66797564758.339
5354,ECU,2006,16.531527,6.4617604,5.8,21.567848,8.1,,73.97387898,75.96749,7.6,45690762000.0
5355,ITA,2010,15.848,8.8975802,8.0,42.466103,1.2,,81.89505601,99.88571,0.0,2144936254535.0
5356,CHL,2001,21.341908,7.8771204,8.3,23.818991,,,76.75737429,92.79447,0.0,71574739561.4329
5357,HUN,2001,18.564233,8.7121829,8.1,18.316891,,,72.40337452,98.04296,0.0,53800068065.7969
5358,ISL,2006,17.042725,4.8789602,7.1,30.601955,0.2,,81.03602001,98.79015,0.0,17465318552.2941
5359,GTM,2002,13.790898,9.8643847,6.0,12.085909,,,69.34050502,62.24205,60.7,20444205991.025
5360,LUX,1998,15.272605,6.1980858,6.4,,,,,,0.0,20150053345.1878
5361,SRB,2020,21.514094,14.801368,,45.071278,,,74.43296608,97.89866,20.5,55874017668.998
5362,OMN,2008,23.070155,12.495012,7.8,35.080795,,,73.35031827,94.68478,0.0,69804681404.4213
5363,ARM,2001,15.686841,8.9414701,9.0,23.331728,19.3,,71.79061149,87.32601,17.8,2118467913.37873
5364,BIH,2009,16.405484,11.381317,8.8,16.885979,,,76.7825838,95.20132,54.8,17613949091.2294
5365,LBY,2017,34.516594,23.435299,,43.076466,,,73.15169822,92.10514,,67157452181.7738
5366,GIN,2013,6.1656445,6.2841862,4.6,17.404709,,,59.12749175,20.89638,99.2,8376613539.28278
5367,PLW,2012,39.187428,21.388997,22.2,29.597687,,,,96.32582,0.0,215762400.0
5368,DMA,1999,16.642791,14.240852,7.6,,,,,,21.5,331759259.259259
5369,ZMB,1991,2.2817137,3.7312046,3.0,,,,,,88.7,3376806697.1218
5370,MRT,2013,16.72795,7.4012071,6.6,47.798805,,57.0,69.22463674,37.85968,57.1,7223071097.08417
5371,VEN,1994,15.509492,6.2267024,6.4,,,,,,2.1,58418666666.6667
5372,BEN,2019,10.04816,8.6623937,,17.555328,,,64.13827469,18.62985,94.5,14391686313.4641
5373,MDV,1997,5.292502,4.7430377,5.8,,,,,,90.5,508223602.378929
5374,BMU,2021,32.289052,26.067388,,,,,,,,7290037000.0
5375,LBY,2003,26.608169,14.214198,9.2,35.639999,,,73.51059338,90.64951,,26265625000.0
5376,MNG,1996,9.1587193,5.6067165,5.3,,,,,,78.7,1345719472.35883
5377,SLB,2005,17.030525,6.3744083,8.4,31.263092,45.6,,63.69667846,22.13309,91.6,552864570.225819
5378,TUV,2019,62.553275,13.688642,,25.742296,,,,83.4996,26.05,54123198.5662913
5379,GRD,2005,19.772457,13.591903,7.5,28.966259,,,70.64904308,91.16215,6.9,695555555.555555
5380,GHA,1994,3.9337799,3.731655,3.0,,,,,,96.5,5446383726.77047
5381,CHN,2020,7.3289752,11.819637,,23.285088,,,77.48113543,92.8515,16.2,14996414166715.1
5382,AND,2021,17.906408,9.6099384,,27.495447,,,,100.0,0.0,3324647529.381
5383,NIU,1999,54.350412,23.455669,16.8,,,,,,27.8,
5384,GLOBAL,1997,7.995656,7.1096852,5.6,,,,,,52.935902632,
5385,LAO,2000,2.403955,4.5378417,4.2,16.676588,,,58.27571315,28.31482,98.7,1731198022.46763
5386,BMU,2020,31.5844,25.488943,,,,,,,,6887364000.0
5387,RUS,2001,18.939918,6.3059963,8.0,10.940151,1.3,,65.100666,84.80258,0.0,306602070620.5
5388,CAN,2001,20.748077,7.5786464,6.3,26.222488,,,79.3114365,99.86884,0.0,738981792355.372
5389,KGZ,1991,9.2503741,5.9528396,4.7,,,,,,59.7,2542256424.35069
5390,HND,2015,24.712892,9.1944128,,33.724636,16.2,,69.52898147,78.5379,54.0,20979791685.416
5391,TUN,2022,26.832232,16.956498,,33.35651,,,,97.43753,0.1,44948769171.285
5392,LCA,1999,16.397919,8.9269824,7.0,,,,,,16.9,921851851.851852
5393,CIV,2020,10.767104,8.6749911,,19.909786,,,63.31088991,35.62107,63.1,63027852805.4204
5394,WB_UMI,2005,8.653795,7.2272077,7.1,22.300606,,,70.9395141,,,
5395,BGD,2022,5.303124,16.408655,,20.300066,,,,59.29519,72.8,460131689083.083
5396,GIN,2005,4.0196568,5.3945616,3.8,18.821962,,,56.45301837,13.09504,99.2,4282468636.90501
5397,CIV,2010,7.6876983,6.0449373,4.7,22.298059,,,57.33114203,27.56061,81.3,34936307980.063
5398,COD,2022,6.6405505,7.6595709,,14.868432,,,,16.17447,95.2,65801547755.6552
5399,GLOBAL,2004,9.821933,8.4009945,6.7,24.395273,,,67.95251087,59.82464,48.259200337,
5400,UZB,1991,8.2774751,5.5980224,4.2,,,,,,23.7,13800167711.5003
5401,BTN,2011,6.7000315,11.364678,8.6,10.548463,,,72.1269544,64.16222,30.9,1977728658.68259
5402,BLR,2010,20.733768,6.5577202,8.9,16.349676,0.0,,70.35076033,95.08718,1.2,57231904542.8755
5403,CYP,2022,22.936533,8.8592306,,40.830891,,,,99.39678,0.0,30935566076.6788
5404,BEL,2013,17.98908,6.9005653,6.4,33.810413,0.2,,80.32474948,99.48615,0.0,524097026598.55
5405,QAT,1993,20.376076,10.83798,8.3,,,,,,0.0,7156593653.84615
5406,LAO,1990,1.3790126,4.4210847,3.2,,,,,,98.7,865559879.400406
5407,IDN,2016,7.7526502,8.3096921,,17.429008,6.5,,70.77579907,75.2489,28.7,931877364037.698
5408,URY,2000,17.569003,10.536762,9.3,29.267433,,,74.87862057,93.3771,0.0,22823270892.1094
5409,VNM,1992,0.217872,4.0620271,3.1,,,,,,98.7,9866990236.43587
5410,GRD,1993,12.917075,8.5931003,5.8,,,,,,12.25,309812185.185185
5411,CHE,2021,12.047317,6.2538579,,19.322104,,,83.32795777,99.89987,0.0,815309330986.719
5412,NLD,2010,13.651419,7.1840592,5.9,14.701521,0.0,,80.68591395,97.80817,0.0,852464982433.335
5413,GUY,1999,13.613211,9.6820205,5.5,,,,,,0.0,694754988.258295
5414,YEM,2016,10.828916,11.486644,,26.487347,,,67.6890605,52.09781,44.2,31317825274.1507
5415,MAR,1990,7.9754062,7.8547955,4.9,,,,,,24.0,30179954774.9899
5416,RWA,2011,2.2758374,3.2560289,2.6,13.453031,,,65.04603076,60.33991,99.6,6884913658.10632
5417,LBR,2005,7.0892736,9.9335179,4.3,27.680117,,,57.55945739,13.58418,99.6,949000000.0
5418,WB_LI,2003,4.270561,6.5321416,3.8,18.448833,,,55.8836598,,,
5419,VUT,2015,19.147116,15.51993,,8.8974686,,,66.79010699,50.44887,86.3,759690180.951654
5420,RUS,2007,20.975924,7.0611022,8.4,12.543938,0.1,,67.42224647,86.06296,0.0,1299703478481.65
5421,ETH,2012,1.4722644,4.7726691,3.7,10.969851,,,65.13407348,6.51409,97.0,43310721414.0829
5422,SDN,1990,4.0662248,7.1159497,,,,,,,99.6,33641222222.2222
5423,JAM,2007,22.612874,12.473993,9.3,31.300999,,,69.58643623,83.99602,16.1,12799600047.1845
5424,DEU,1990,13.78001,6.5017156,5.8,,,,,,0.0,1778162195860.07
5425,BFA,2022,6.7453086,10.610146,,16.943354,,,,24.75649,84.1,18820218690.5948
5426,SUR,2005,18.685922,12.61493,9.2,38.653572,,,71.23039924,79.94544,17.9,1793410397.38738
5427,WPR,2001,2.751013,6.0606018,6.0,21.193758,,,72.23557905,62.57292,52.51,
5428,PLW,2004,37.61878,20.728099,18.7,33.489208,,,,93.51618,0.0,166391600.0
5429,BRN,2010,21.680997,11.483542,8.4,28.917685,,,76.97095289,84.8812,0.0,13707121031.2552
5430,TON,2001,54.469168,16.773188,15.5,32.257153,2.8,,71.21713536,88.58243,63.6,181117230.406546
5431,BHR,2015,33.139998,15.085116,,36.349247,,,75.75082454,100.0,0.0,32523297872.3404
5432,HRV,2019,28.151074,12.731251,,25.685686,,,78.60209541,96.15083,0.0,61467582193.6824
5433,BTN,1992,1.9166034,7.9332016,5.2,,,,,,93.5,240233531.160464
5434,KAZ,1992,12.249341,5.934795,7.1,,,,,,25.7,24917355371.9008
5435,ECU,1990,9.6056931,4.1257668,3.8,,,,,,28.1,15239272611.5809
5436,VNM,2013,0.92207147,5.4995362,4.8,23.493198,,47.0,72.83984641,75.24109,31.4,213708811665.34
5437,ARE,2016,31.959581,20.483159,,61.724548,,,80.78348374,99.10632,0.0,369255326235.534
5438,GTM,2000,12.614471,9.133517,5.7,10.598573,9.2,,68.30883271,61.33292,59.5,19288929030.0508
5439,BTN,2012,7.0880532,11.529946,8.8,10.429224,2.2,,72.45535288,65.66615,27.8,1973387227.96519
5440,MYS,2016,18.307604,18.340629,,40.415592,,,74.41949575,95.56602,8.1,301256033870.334
5441,WB_HI,1997,15.286306,7.5671092,6.9,,,,,,,
5442,GMB,2004,5.6547813,6.2027331,4.3,22.302685,,,60.16114704,46.69543,96.6,961900651.423441
5443,BLZ,2009,32.99087,11.230569,8.5,36.270367,,,73.6700987,85.31402,16.8,1688500000.0
5444,WB_LMI,1994,3.8752776,8.1753656,4.8,,,,,,,
5445,VCT,1995,15.447316,6.8605684,5.9,,,,,,3.8,316007407.407407
5446,MDA,2019,23.001324,10.532955,,11.292042,,,73.32010877,82.98983,2.3,11736797054.6965
5447,NAM,1997,8.5402377,6.1152741,3.3,,,,,,67.45,4154989950.00393
5448,SVK,1992,13.159221,5.718372,6.1,,,,,,0.0,15699327209.2121
5449,AZE,2022,26.548883,13.943914,,23.920729,,,,,1.2,78807470588.2353
5450,AFG,1991,2.1050351,8.0196902,4.2,,,,,,98.8,
5451,SEN,2019,9.2709564,6.3254461,,16.922396,,,68.76445374,57.04903,70.3,23403995992.1354
5452,AUS,2018,28.341359,8.9100279,,25.647364,,,83.02313357,99.99973,0.0,1427809041019.44
5453,ASM,2002,69.095898,28.413051,,,,,,,,512000000.0
5454,GAB,1999,9.119761,8.3109848,6.4,,,,,,37.5,4662992036.2073
5455,AFR,2015,9.858865,7.2737165,,18.348917,,,62.45046693,32.55773,82.65,
5456,KAZ,2012,16.077073,8.3363757,10.8,22.655756,0.0,,69.67761395,97.53304,7.8,207998568865.789
5457,MWI,2006,3.1814888,4.8982296,3.7,10.178268,,,50.92538724,13.91952,97.8,5818279739.14354
5458,JOR,2020,38.169512,14.911842,,28.150749,,,77.55988721,97.13695,0.3,43700383098.5916
5459,UZB,1990,7.996013,5.5198397,4.1,,,,,,25.0,13362340337.8657
5460,UGA,1992,1.2052106,3.0138195,1.5,,,,,,99.0,2857457761.90922
5461,PAK,1993,3.6509428,8.7830454,5.9,,,,,,85.2,51809999353.1614
5462,BHS,2007,35.529062,14.425455,11.0,37.640965,,,73.08736276,91.25273,0.0,10618340000.0
5463,FRA,2016,10.891096,5.3823713,,27.423128,,,82.13202442,98.6508,0.0,2470407619777.13
5464,ASM,2005,70.013523,30.83483,,,,,,,,500000000.0
5465,IND,2008,3.2190695,14.158374,7.1,31.25753,,,66.42718453,36.80784,68.1,1198895139005.92
5466,SDN,2019,15.029238,8.8069238,,19.222414,,,69.46506253,36.77826,39.2,32338079165.2893
5467,MAR,1996,9.7786792,9.54317,6.0,,,,,,14.6,43161571527.6353
5468,NPL,2011,3.1188957,10.090562,8.5,9.41259,,,69.60828031,45.2211,76.5,21573872420.7008
5469,UGA,2007,3.1064473,3.204431,2.3,8.9444485,,,56.83050321,17.89386,99.2,11902564494.8833
5470,ESP,1998,17.385745,9.2142463,8.2,,,,,,0.0,618731484575.12
5471,AUT,1990,9.3851537,4.4868235,4.9,,,,,,0.0,165811372382.912
5472,PER,1995,10.276549,2.8553117,5.0,,,,,,79.4,53312793687.3836
5473,GNQ,2003,10.597632,8.7472886,4.9,23.65336,,,55.73628907,57.69924,80.1,2484745935.09329
5474,TON,1999,53.216499,16.054952,14.7,,,,,,68.8,199208717.501913
5475,GAB,2014,16.452368,9.9773854,8.1,21.999628,,,63.76784225,48.32671,14.8,18203966895.8433
5476,DJI,1998,3.4279887,5.2663624,5.4,,,,,,96.4,514267869.300758
5477,KGZ,2020,25.31012,10.510099,,19.411551,,,71.47082259,97.89104,21.4,8270468614.24051
5478,IRN,2017,22.236075,12.893021,,42.389153,,,77.47896726,89.31666,3.1,489168731811.147
5479,SDN,2013,11.922456,9.8206915,,19.966154,,70.0,67.75900519,32.28639,58.2,43024018082.1918
5480,ECU,2003,15.006511,5.8274005,5.4,21.67794,14.5,,73.9172371,72.92341,9.1,30965208000.0
5481,PRI,1998,23.915881,14.458998,,,,,,,0.0,54086400000.0
5482,WB_HI,1991,12.597974,6.6507496,6.2,,,,,,,
5483,FJI,1996,20.769104,10.241951,8.9,,,,,,72.0,2128696643.62574
5484,BEN,2011,7.9218164,5.44191,4.8,17.112789,53.1,,61.56618181,13.89912,95.3,10693321363.6574
5485,KWT,2009,40.035588,16.341005,13.3,61.815559,,,79.20188159,100.0,0.0,105968691905.415
5486,EST,2021,22.030653,11.7043,,15.770753,,,77.13131363,99.07053,0.0,37204563051.4723
5487,GNQ,2022,17.673737,11.929102,,19.505293,,,,,77.3,13687643435.6249
5488,MRT,2003,11.002317,5.5051435,5.2,58.51218,,,64.83743491,21.69422,65.6,2051147606.73687
5489,NGA,2008,7.529445,5.9132252,3.9,20.277973,,,58.74901559,33.05207,98.7,339476276257.793
5490,NAM,2001,10.258735,6.569092,3.8,37.245541,,,52.37399446,28.34986,65.3,3557341215.15159
5491,AZE,1993,13.100937,6.8999872,5.9,,,,,,51.3,1570392598.14954
5492,UKR,2014,22.171605,8.8999316,9.1,11.686276,0.0,,70.89072091,97.12344,4.9,133503871861.723
5493,LBY,2020,35.83411,25.004268,,44.570023,,,72.64874878,92.106,,46854285440.642
5494,PRK,2012,6.6519231,9.3729556,5.9,23.43413,,,70.53323819,79.47228,93.2,
5495,PRK,2009,5.7386164,8.3971024,5.6,22.623791,,,69.87200709,77.31904,94.9,
5496,CRI,1997,15.352228,6.5081351,5.3,,,,,,12.3,12614602382.2012
5497,AUS,2007,23.609076,6.3591033,7.1,26.476484,,,81.37282665,99.99424,0.0,855007458585.224
5498,URY,2002,18.703616,10.983516,9.5,29.528704,,,75.11068373,93.42438,0.0,13606515722.5864
5499,BEN,1998,3.8538486,3.7695881,3.5,,,,,,99.7,2455092686.34712
5500,NAM,2009,13.247442,7.2593741,4.8,32.392197,22.6,,59.50436576,31.77232,59.8,8938847189.07592
5501,UKR,2006,20.341007,7.4753232,8.2,10.83299,0.1,,67.7845536,95.42532,6.35,111884752475.248
5502,CUB,2002,11.570789,9.7821958,7.7,35.24271,,,77.74907347,82.94571,30.15,33590500000.0
5503,CMR,2005,9.2461333,4.9832419,4.0,22.942568,,,54.1270059,39.04254,85.4,19509852206.9341
5504,QAT,1995,21.902966,11.675879,8.6,,,,,,0.0,8137911978.02198
5505,LSO,2018,18.697099,5.4659739,,8.3069868,,,51.60129602,46.5156,55.6,2556247291.99785
5506,BMU,1999,17.771199,12.521984,,,,,,,,3324433000.0
5507,TTO,2007,23.098963,19.666076,8.9,39.007141,,,72.39472984,91.81307,0.0,21641620049.9352
5508,ERI,1990,0.67072259,4.226616,1.6,,,,,,98.7,
5509,HTI,2005,6.7472711,12.540014,5.2,23.074209,,,58.63996581,22.04754,96.7,7030149730.33692
5510,COM,2000,5.7006016,4.0701419,3.9,9.7284355,,,62.03733666,29.20369,99.5,351136579.648632
5511,MYS,2009,14.399834,12.983499,8.9,41.063545,,,74.01457452,94.58699,3.0,202257453036.641
5512,NAM,2010,13.522342,7.3268183,5.0,31.754309,,,60.12459181,32.15005,59.3,11431412421.1316
5513,ARE,2021,32.016498,19.335032,,65.394524,,,78.30645695,99.09363,0.0,415178792756.978
5514,SLE,1997,2.8978577,5.4039314,3.3,,,,,,100.0,850232760.017239
5515,KNA,1996,24.851015,9.3885519,8.0,,,,,,0.0,333944444.444444
5516,ZAF,2011,28.402945,12.204349,9.2,48.099594,,,59.100348,69.014,20.8,458199494830.834
5517,CRI,2014,26.166186,17.979811,8.5,46.921013,1.4,,80.47995762,96.85616,6.0,52016408854.212
5518,SVN,1996,13.008663,6.612175,6.9,,,,,,0.0,21470699362.6062
5519,BOL,2022,28.680372,15.770741,,22.574299,,,,68.61256,10.3,44008282879.8842
5520,BGD,1999,0.75123361,9.2930973,5.2,,,,,,92.3,51270569883.5275
5521,MUS,2017,17.634363,26.003665,,28.979706,,,74.11525101,95.45876,1.3,13713506130.6081
5522,GBR,2020,26.380739,11.125495,,20.452648,,,80.14044898,99.10696,0.0,2696778386607.65
5523,TUR,2013,29.981408,12.715356,12.8,42.342243,0.3,,76.83417226,95.21548,5.3,957799120008.32
5524,ZWE,1999,6.6529311,8.0302745,4.0,,,,,,66.0,6858013652.196
5525,NPL,2006,2.0649292,8.8026576,7.5,10.23536,,,68.54567896,30.02227,85.0,9043715355.8881
5526,IDN,2009,4.8371259,5.4618552,6.2,16.121426,18.2,,69.0239077,59.62603,65.1,539580085612.401
5527,COM,2015,12.165481,4.323978,,14.04868,,,67.42647275,35.81527,94.5,966029599.801228
5528,PRT,2010,18.134543,9.0286888,8.5,46.719486,0.2,,79.74021661,98.76179,0.0,238443864993.217
5529,GTM,1997,10.903942,8.2192078,5.3,,,,,,57.3,17790026221.6139
5530,FIN,2013,19.498864,8.6011298,7.7,15.295368,0.0,,80.67798392,99.44799,0.0,270268036626.275
5531,DOM,2003,16.253556,7.1143501,6.8,28.696316,6.6,,73.229535,78.54379,14.0,21403167848.1444
5532,UZB,2022,30.028453,17.833981,,31.747917,,,,96.30669,21.0,90095926567.4359
5533,BRA,1995,10.290133,5.673879,5.2,,,,,,16.0,769333050986.905
5534,ATG,1993,14.123151,8.6081922,5.7,,,,,,0.0,565662962.962963
5535,AUS,1996,16.780193,4.5477279,6.2,,,,,,0.0,401341880620.728
5536,RUS,1995,17.289223,5.6928236,7.8,,,,,,0.0,395537185734.854
5537,BLZ,2013,35.872641,12.783548,9.6,37.846832,,14.0,74.31081667,86.57476,16.7,2032750000.0
5538,ETH,2013,1.5674846,4.7677182,3.7,10.754631,,,65.91159894,6.82389,96.6,47648276605.0123
5539,RUS,2018,23.409867,9.3846686,,16.39089,,,72.66311936,88.4738,0.0,1657328773461.31
5540,SAU,1995,22.942565,17.431881,8.1,,,,,,0.0,143343124165.554
5541,DMA,2019,29.212144,24.217585,,28.745964,,,,,11.8,644259259.259259
5542,BLR,2013,21.041673,7.1156673,9.3,15.652754,0.0,,72.59208184,96.46774,0.7,75527558966.4473
5543,ARG,2019,32.434347,10.997961,,37.641727,,,77.01582731,,0.1,447754683615.225
5544,BRA,1994,9.9331446,5.5496607,5.1,,,,,,17.3,525369467295.737
5545,MKD,1998,16.227338,6.1200511,6.7,,,,,,48.8,3765745023.2074
5546,SYC,2003,20.904446,14.239201,7.7,21.986357,,,72.02646689,96.14892,0.0,750847230.099263
5547,YEM,1990,3.4078982,7.4418865,3.1,,,,,,57.2,12643821568.9626
5548,KOR,1994,1.802432,6.716828,6.0,,,,,,0.0,463619823515.164
5549,KOR,1995,1.8785097,6.8994336,6.2,,,,,,0.0,566581003128.204
5550,IRQ,2007,31.075776,13.529927,10.4,44.634087,,,67.80830577,77.81174,9.1,88837057319.5179
5551,NLD,2020,14.338006,8.8419817,,10.138746,,,81.40141308,97.68579,0.0,932560861701.17
5552,TON,2022,71.650124,22.603759,,30.665785,,,,95.29554,11.4,518180029.413435
5553,AMR,2012,27.561501,11.468402,8.5,32.360641,,,76.62675954,89.41498,8.74,
5554,BGD,1993,0.43108109,8.1358887,4.3,,,,,,93.5,33166519417.9894
5555,TUR,2021,32.952902,16.996697,,44.171925,,,75.27238945,99.23699,4.7,819865223976.115
5556,BEN,2017,9.4090037,7.6798894,,17.333858,,,63.34863103,17.38065,94.6,12701655836.9467
5557,TUN,1998,15.327333,8.4044278,7.1,,,,,,14.1,21802893587.126
5558,GBR,2018,25.969675,10.341135,,22.015236,,,80.6238199,99.10918,0.0,2871340347581.79
5559,JAM,2012,26.378387,16.210064,11.1,33.698746,,,74.19029935,85.16995,12.0,14807086555.5283
5560,COM,2022,16.277736,5.3363495,,17.200766,,,,,90.3,1279542248.45017
5561,IRQ,2008,31.752834,13.935728,10.8,45.176563,,,69.80976267,79.51418,7.3,131614434153.505
5562,IRL,2007,23.162541,5.2125435,6.5,33.689671,0.0,,79.35545225,90.08318,0.0,270079279419.5
5563,MLT,2001,26.722521,9.8371573,8.6,54.580158,,,78.11450102,99.96526,0.0,4070867153.47963
5564,ATG,1995,15.335087,9.0891741,6.1,,,,,,0.0,616051851.851852
5565,AMR,2005,23.402995,9.3682215,7.4,30.241993,,,75.28865511,86.27711,10.54,
5566,PAN,1995,13.899387,4.7242053,5.2,,,,,,0.0,9573813700.0
5567,GAB,2013,15.990521,9.8203689,8.0,22.236179,,20.0,63.25439162,47.2349,15.9,17595744798.3398
5568,COG,1995,3.8842764,7.0406459,3.8,,,,,,94.5,2116003867.75536
5569,ERI,1999,1.1689411,5.284822,2.4,,,,,,96.8,688918537.115555
5570,LBY,2019,35.397673,24.478616,,44.072491,,,73.54365475,92.106,,69254496471.6938
5571,BMU,2018,30.21608,24.380238,,,,,,,,7225977000.0
5572,GRL,2001,18.463966,5.3665042,,,,,,,,1086170703.9816
5573,IND,2006,2.8158173,13.483998,6.8,28.862017,,,65.87842362,30.97731,70.7,940259888787.721
5574,TUR,1993,19.987059,6.3023426,6.4,,,,,,17.9,180415757851.616
5575,NZL,2021,33.169723,11.00451,,18.80084,,,82.20149177,100.0,0.0,253977931814.967
5576,FIN,1992,13.893636,4.8709437,6.5,,,,,,0.0,112537828510.751
5577,DEU,1999,17.427801,8.6208604,6.4,,,,,,0.0,2213873468586.88
5578,PAN,2015,29.454812,8.4028617,,50.489307,2.0,,78.14484121,78.67274,0.0,55767806100.0
5579,LUX,2021,18.371142,7.5884886,,14.394199,,,82.78028566,97.58857,0.0,86386759695.1653
5580,BHS,1998,26.5798,10.121327,8.5,,,,,,0.0,6833220000.0
5581,SYR,2000,22.713429,11.7447,7.1,30.78583,,,71.08679254,88.43625,1.6,18937052543.4373
5582,AUT,2019,14.900239,7.4408829,,21.311939,,,81.64847998,99.97271,0.0,442983642371.842
5583,TUV,1996,50.73272,14.863609,13.9,,,,,,96.5,13338597.3300737
5584,WSM,2020,61.109871,15.853509,,15.005128,,,70.19462777,97.20473,63.4,868898358.266437
5585,KAZ,2018,17.416993,9.5874712,,25.922022,,,73.16779578,97.87189,6.0,179339977690.485
5586,ARG,2002,19.49392,8.3011627,8.6,34.217815,14.0,,74.2583112,88.60339,3.1,97724004251.8602
5587,MNE,1998,10.886259,6.3797869,6.7,,,,,,33.5,854261160.714286
5588,RUS,2000,18.605514,6.2007643,7.9,10.722724,2.2,,65.15997475,84.60442,0.0,259710142196.943
5589,BWA,2018,16.703267,6.6026539,,23.135666,,,64.53046521,78.5139,35.9,17031943186.1353
5590,MHL,2013,42.351905,28.571907,20.4,29.658905,,33.0,,84.12303,36.7,186400000.0
5591,GUY,2004,16.534193,12.036835,6.4,27.669903,,,64.85780334,80.19836,0.0,787814379.183843
5592,RWA,1995,0.75039715,2.7788626,1.3,,,,,,99.9,1293535193.49248
5593,KGZ,2019,24.675855,10.240938,,19.198067,,,73.58598166,97.77771,21.9,9371275264.36735
5594,COM,1996,4.4434018,3.8932629,3.5,,,,,,99.8,396053805.891754
5595,PRI,2003,28.142557,17.689249,,34.505348,,,77.39170794,,0.0,74827400000.0
5596,SLE,2019,6.6132195,8.6343922,,13.259758,,,60.40224239,20.09974,99.3,6526183564.19893
5597,MUS,2011,16.262878,22.782606,13.4,28.277582,,,73.5157206,94.65687,2.2,11518413429.9684
5598,CZE,1995,19.108716,6.506829,7.8,,,,,,0.0,60572381311.2283
5599,IRQ,2019,38.754812,19.372535,,50.709255,,,72.90009776,97.86485,0.7,233636097800.338
5600,SEN,2017,8.7274112,6.2736608,,17.201818,,,68.11975233,54.93987,71.6,20996562943.5979
5601,NZL,2002,23.038447,6.9961086,7.5,21.115892,,,78.65902491,100.0,0.0,66627729311.4495
5602,LBR,1998,4.1673798,8.5811496,3.7,,,,,,99.4,359600000.0
5603,BHS,2004,32.709461,12.954463,10.2,37.60331,,,72.14409998,89.67971,0.0,9055290000.0
5604,GAB,2020,19.738662,11.364283,,21.007275,,,65.12601321,49.82417,10.0,15342236163.9943
5605,NAM,1996,8.1357837,5.992515,3.2,,,,,,68.1,3989163196.56767
5606,DJI,2008,5.9310079,6.0268249,5.9,18.445486,,,61.38655907,52.34713,94.4,999105339.267729
5607,NIU,2011,60.666239,29.548717,24.6,10.862608,,,,98.91816,5.2,
5608,TLS,2011,1.0616132,3.6601964,3.9,21.01857,,,67.28464088,46.25874,94.8,1042534600.0
5609,FRA,1993,10.696024,5.2778594,6.3,,,,,,0.0,1314383368079.69
5610,DMA,2017,27.828917,23.464939,,27.596447,,,,80.36642,11.35,563355555.555555
5611,AUS,1998,18.155144,4.8084088,6.4,,,,,,0.0,399674421759.479
5612,NLD,1999,10.925828,5.9118103,5.2,,,,,,0.0,447778514140.155
5613,SLB,1995,14.383776,5.3952917,6.4,,,,,,91.4,469443201.503274
5614,VCT,1997,16.690646,7.3328689,6.3,,,,,,4.0,347770370.37037
5615,DOM,1995,11.029126,4.8774201,4.8,,,,,,26.5,16637370839.1608
5616,MAR,2011,16.185528,14.267275,11.0,22.69578,,,72.57738576,78.86171,3.1,110080631332.375
5617,GLOBAL,1999,8.48504,7.435704,5.9,,,,,,51.706427933,
5618,COM,1999,5.3515956,4.0466063,3.8,,,,,,99.6,382454989.945311
5619,SLB,2013,19.382435,6.3001938,10.5,23.735666,25.1,92.0,64.84559966,29.82933,91.7,1285911586.132
5620,MLI,1993,1.898025,4.1184049,3.1,,,,,,99.6,2818281085.08646
5621,AND,1997,12.726685,6.6489398,8.3,,,,,,0.0,1180645571.8643
5622,SUR,1995,12.874825,7.7316359,7.2,,,,,,33.9,691590497.737557
5623,BEN,1992,2.4098093,3.6542434,3.0,,,,,,100.0,1695315305.70308
5624,SEAR,2015,5.445715,14.642298,,33.423954,,,70.14297402,61.52904,52.32,
5625,DZA,2006,16.036749,10.770536,7.9,24.932007,,,74.34609406,86.05913,1.4,123084258693.01
5626,VCT,2014,27.828795,13.403779,10.3,27.922899,,,72.73600877,89.5866,5.5,770900000.0
5627,ARE,2012,31.948605,20.597441,6.9,58.49691,,,80.30618497,99.1179,0.0,384610125391.423
5628,MNE,2013,15.061934,10.174862,8.6,20.882002,1.0,38.0,76.3576393,94.43875,37.7,4465772400.37453
5629,AGO,1999,5.0249767,9.8677337,3.4,,,,,,60.1,6152923310.44546
5630,USA,2021,41.475177,15.337273,,33.572086,,,76.37368104,99.64867,0.0,23681171000000.0
5631,GEO,2012,27.198139,11.49641,13.8,19.547159,8.6,,72.18519482,87.42938,28.7,16894392033.2256
5632,TGO,2015,8.1683271,5.9837669,,14.069486,49.2,,61.52164894,16.08923,93.2,5755461035.38026
5633,DZA,2010,17.816971,12.1226,9.1,25.764269,,,75.28662824,86.97813,0.8,177785053939.531
5634,GNQ,1991,5.9288811,6.7546442,2.7,,,,,,84.7,110906028.536862
5635,BFA,2001,1.5944729,3.7510041,2.9,16.096975,,,52.3617692,10.50631,97.1,3190371080.94768
5636,POL,2007,19.849785,7.3211342,8.1,26.39587,0.0,,75.17671647,92.25553,0.0,429715132137.503
5637,MOZ,2004,3.9145321,5.3767137,3.8,7.6654897,,,51.81518653,14.3614,97.7,7937255565.35765
5638,GBR,1999,18.316145,5.9956387,6.7,,,,,,0.0,1687830448147.55
5639,SYC,1993,14.81941,10.90405,6.3,,,,,,0.0,504230620.551871
5640,LVA,1995,15.965064,6.0125053,8.0,,,,,,0.0,5608208784.9401
5641,SDN,2022,17.005,8.5371748,,19.111473,,,,,31.8,51666875363.0963
5642,STP,2012,11.815279,9.1313176,5.4,17.788572,,,69.53766595,35.81674,98.5,229371348.202606
5643,ARM,1996,13.824409,8.1418142,8.2,,,,,,34.0,1596968946.23708
5644,BRN,1993,9.4089732,7.3932096,5.5,,,,,,0.0,6203339925.05349
5645,PSE,1996,24.400888,9.8748058,,,,,,,,3409600000.0
5646,SEAR,2019,6.824385,17.125461,,37.408031,,,71.3719063,71.69761,39.35,
5647,COG,2019,8.1069633,10.562176,,16.42877,,,62.75844008,20.36426,66.3,13976637779.9763
5648,MDV,1990,3.5700463,4.6263766,4.7,,,,,,99.3,215043969.849246
5649,DEU,1998,17.005374,8.4103845,6.3,,,,,,0.0,2247760364565.97
5650,UGA,2015,4.9938042,3.1340271,,6.6289716,,,64.2155816,19.58459,99.0,32387183730.1002
5651,GIN,2003,3.4730852,5.2496701,3.6,19.133034,,,55.63757789,11.33795,99.2,5025167975.26363
5652,LKA,1992,1.3009846,7.6583959,3.7,,,,,,89.3,9703011635.86585
5653,IRL,2004,21.631421,4.9841452,6.3,36.113697,0.0,,78.39305519,90.28431,0.0,194372115041.065
5654,COK,2017,65.766156,31.751382,,31.49445,,,,85.23814,22.65,
5655,TUV,1994,49.585193,14.01809,12.8,,,,,,97.6,11772610.6579341
5656,CRI,2008,22.270592,12.489202,7.2,44.742821,2.2,,80.2939043,95.40267,8.3,30801745700.4514
5657,SLE,2022,7.1300082,9.6010372,,12.960729,,,,22.91919,99.2,7124465159.65304
5658,JPN,1998,2.4142696,8.491414,8.2,,,,,,0.0,4098362709531.24
5659,CHN,2015,5.4026946,9.2830956,,22.08412,0.7,,76.5103545,84.71931,28.4,11280814787468.9
5660,SSD,1997,2.4032967,5.042975,,,,,,,99.4,
5661,MWI,1990,1.1171624,4.082552,2.2,,,,,,98.5,2737087861.62245
5662,SWZ,2005,18.818097,7.121063,5.6,23.26494,,,41.77987727,52.27891,68.3,3178112498.67911
5663,HRV,2022,30.616584,13.997601,,28.445187,,,,,0.0,71198635101.9514
5664,MUS,2018,17.915215,26.409265,,29.134142,,,74.02503816,,1.2,14735695930.9727
5665,MLT,1992,23.206168,7.3890612,7.6,,,,,,0.0,3021942758.83978
5666,HTI,1993,3.7896842,8.1969753,3.4,,,,,,98.1,1878253767.31305
5667,MDA,2022,22.970207,11.869513,,10.770437,,,,84.91095,1.8,14525337523.7271
5668,MOZ,2020,9.2337213,5.7825875,,9.2500467,,,58.6314583,34.77058,93.9,14235420174.1884
5669,AND,2010,16.416441,8.6393446,8.8,31.829161,,,,100.0,0.0,3449925738.86069
5670,HRV,1991,11.998928,6.0322408,6.4,,,,,,0.0,18760386774.7973
5671,RUS,1991,16.785355,5.3325996,7.7,,,,,,0.0,517962962962.963
5672,SLE,1995,2.4928082,5.2482497,3.2,,,,,,100.0,870740291.519248
5673,LUX,2005,17.52028,6.7474619,6.6,24.2216,0.0,,79.5758462,97.67411,0.0,37672280120.4794
5674,COD,1999,2.1905744,5.9942313,2.8,,,,,,99.1,4711259427.27273
5675,MLI,2005,5.3575665,4.3217659,3.9,35.678711,,,56.25739607,22.16093,99.2,8009875051.7116
5676,UZB,2000,11.917502,6.5038182,4.9,8.497056,62.0,,61.67667881,93.37661,17.0,13760513969.314
5677,ECU,2002,14.523238,5.6483626,5.3,21.733181,,,73.16724011,72.08154,9.9,27054197000.0
5678,FIN,2015,19.871606,9.1369741,,13.799726,0.0,,81.19884704,99.44798,0.0,233210733506.25
5679,FRA,2003,12.204459,6.4396568,7.1,37.023087,0.0,,79.09102734,98.66073,0.0,1835095983049.09
5680,PRI,1995,21.399881,12.815252,,,,,,,0.0,42647331000.0
5681,SYC,2012,25.128081,16.129836,9.6,21.125071,,,73.25421096,98.33228,0.0,1089407839.19709
5682,PRI,2012,34.566015,23.876666,,37.793442,,,79.34782827,,0.0,101564800000.0
5683,BEN,2022,11.165858,10.409871,,18.024012,,,,19.4935,94.1,17425405083.8797
5684,BRN,2000,13.619529,8.8748977,6.3,26.211006,,,75.50502993,72.71485,0.0,6570999059.70575
5685,MUS,1995,10.536331,13.486651,8.9,,,,,,13.9,4094741652.30048
5686,HTI,1991,3.423753,7.6903991,3.2,,,,,,98.3,3473562627.79423
5687,GAB,2007,13.236983,9.1184989,7.3,23.839743,,,60.67060002,40.89604,23.9,12455409587.3371
5688,GNQ,1993,6.5896541,7.0949763,2.9,,,,,,84.05,136047906.245408
5689,BFA,1991,0.63998187,3.6049884,2.2,,,,,,98.7,3135045584.08387
5690,COK,1999,53.781623,24.473199,19.3,,,,,,21.4,
5691,LKA,2005,3.5212923,10.980564,5.7,21.900791,,,73.48476487,80.78613,80.5,24405791044.7761
5692,CAN,2017,25.42713,8.6474545,,34.558525,,,81.70954318,98.92568,0.0,1649265644244.09
5693,NAM,2019,15.936892,8.4998906,,26.659914,,,63.49265302,34.96077,53.6,12541928303.48
5694,CUB,2001,11.119871,9.4209604,7.5,34.022568,,,76.71378311,82.75443,33.0,31682400000.0
5695,HRV,2016,25.843117,11.469451,,23.119371,,,78.28594377,96.10401,0.0,52654855638.1057
5696,KIR,1994,34.275863,14.471622,10.6,,,,,,99.7,67055333.9021503
5697,WSM,2004,49.752629,13.966262,16.6,32.908207,,,70.17537437,91.54255,78.9,407747565.096959
5698,CHE,1998,10.332141,4.727637,5.0,,,,,,0.0,303459014346.806
5699,PRT,2005,16.467865,7.9794355,7.8,44.443275,0.5,,77.99178078,98.17043,0.0,197253876704.921
5700,NLD,2004,12.548502,6.3519359,5.6,17.775373,0.2,,79.09591855,97.94314,0.0,661224886143.245
5701,ARE,2020,32.007849,19.538562,,64.645859,,,80.1312721,99.09601,0.0,349473015330.157
5702,JAM,2004,20.225182,10.594431,8.3,29.844719,1.7,,73.7183442,83.27473,19.7,10174664853.9476
5703,LSO,2009,14.638819,5.0199278,5.7,10.072639,,,47.42048599,28.30788,70.2,1740894964.80511
5704,AZE,2006,18.386216,9.0185486,8.3,22.313503,,,67.63797731,74.74571,12.4,20981929497.6188
5705,MHL,2017,43.855244,28.010058,,27.047358,,,,82.28384,35.2,213700000.0
5706,BHR,1999,23.61673,10.566732,7.1,,,,,,0.0,7528469148.93617
5707,AUT,2006,13.476034,6.8395108,5.8,29.443443,0.0,,79.80520182,99.9929,0.0,333905979332.481
5708,VNM,2004,0.40755779,3.9925311,4.0,17.894367,26.5,,72.15340395,57.53608,74.2,45427854693.2554
5709,COG,2022,8.5372791,11.258835,,15.971411,,,,,61.2,15817030156.9459
5710,SVN,2021,18.953723,15.063971,,18.858868,,,80.41495666,98.31116,0.0,61529280461.092
5711,QAT,1998,24.333537,12.877019,9.8,,,,,,0.0,10255495027.4725
5712,COG,2006,6.5166011,8.5077405,4.6,20.03713,,,57.53120192,14.03254,87.7,8072305029.06514
5713,PER,2011,17.73762,6.8376064,6.4,29.02919,5.2,,78.64438915,71.88718,32.6,171761737046.585
5714,SLV,1999,17.447957,6.6336609,6.8,,,,,,43.7,11284197000.0
5715,BRB,2008,27.993354,20.766954,11.9,38.190414,,,75.50932099,92.85452,0.0,4790410400.0
5716,WB_LMI,2007,6.7605048,11.149254,6.7,26.147991,,,65.31977487,,,
5717,CRI,1993,12.963951,5.445772,4.6,,,,,,14.3,9564815975.14743
5718,NLD,1995,9.5537163,5.6739803,4.8,,,,,,0.0,452967334614.329
5719,COD,2008,3.6852065,6.5925658,3.6,16.830694,,,56.32188866,20.27693,97.3,19788515590.1284
5720,IRQ,2016,36.971766,17.961182,,49.312031,,,71.1253103,93.63967,1.3,166743557747.671
5721,GRL,1990,13.413742,3.3844478,,,,,,,,1018977280.32928
5722,SEAR,1996,1.591862,8.8214837,5.1,,,,,,84.68,
5723,WPR,2008,3.939965,7.2046377,7.5,22.740822,,,74.68933231,74.45729,42.71,
5724,JOR,1990,23.385198,8.8281043,7.6,,,,,,1.0,4160087507.83472
5725,NAM,2006,12.27898,7.0410199,4.5,34.273418,,,54.69956495,30.56328,62.1,8001779551.06323
5726,CYP,2019,22.431517,8.4305868,,41.104881,,,82.17744701,99.39582,0.0,26196667099.5303
5727,PYF,2009,41.716164,15.101504,,,,,,,,6584557973.9375
5728,PRT,1996,13.127752,6.4210393,6.7,,,,,,0.0,122630089680.27
5729,UZB,2009,18.398453,8.1361115,6.9,15.46692,,,66.2800996,94.71318,14.6,33689223673.2577
5730,LUX,2012,18.215747,7.0772655,6.7,19.560333,0.0,,81.56608895,97.62759,0.0,59776383527.3602
5731,FIN,2003,17.240331,6.3431203,7.3,24.373535,0.0,,78.41020069,99.44817,0.0,171612867735.686
5732,TTO,1992,15.883569,10.26101,4.5,,,,,,0.0,5439552941.17647
5733,TUN,2018,24.92065,14.993016,,31.28179,,,77.23195746,95.31563,0.1,42686504459.801
5734,UGA,2000,1.9755702,3.2932881,1.9,11.800914,,,48.8900405,16.37949,99.2,6193246837.09687
5735,CMR,2002,7.7612579,4.4226009,3.7,23.543354,,,52.90318218,38.3674,88.2,12417251350.4882
5736,LSO,2006,13.36053,5.1723842,5.5,10.950775,,,42.3928282,21.81185,74.7,1800092563.75462
5737,CRI,1990,11.339052,4.8314806,4.2,,,,,,15.8,5711687786.75989
5738,LTU,2011,22.775547,10.960305,9.1,22.092585,0.7,,73.54804338,89.62512,0.0,43186501862.7907
5739,KWT,2004,38.054404,14.788061,12.2,60.474861,,,78.50276726,100.0,0.0,59439090600.6108
5740,YEM,2022,13.653721,13.590549,,29.189533,,,,54.84476,51.2,
5741,DOM,1996,11.619194,5.069932,5.0,,,,,,23.8,18241622547.5908
5742,IRN,2005,17.200939,7.2855443,6.9,33.019127,0.4,,74.88504507,81.8685,4.9,224970371328.826
5743,CHL,1996,17.579633,6.3096307,7.5,,,,,,0.0,78584098983.6374
5744,ARG,1997,16.472071,7.494016,8.2,,,,,,5.8,292859000000.0
5745,NIU,1995,52.125829,20.930776,14.4,,,,,,41.0,
5746,ARE,2019,32.001853,19.782431,,63.919903,,,81.41096307,99.09848,0.0,417989721742.682
5747,KGZ,2007,16.772734,7.4048534,6.6,17.2999,9.9,,67.79056016,94.19954,33.6,3802570552.56105
5748,BOL,2001,13.546269,7.74571,5.1,22.262392,22.8,,66.7449711,36.01968,35.9,8141516928.39489
5749,GRL,1996,15.917301,4.5688417,,,,,,,,1197515569.08202
5750,BEN,1993,2.6039537,3.639479,3.0,,,,,,100.0,2274558082.76135
5751,MNG,2000,10.706735,5.9672467,5.6,7.6303082,,,63.19839599,44.17969,77.8,1136896123.61298
5752,GIN,2008,4.8552342,5.6533478,4.1,18.32184,,,57.53628959,15.87561,99.2,6964179983.17212
5753,WB_LI,2018,8.0186732,7.9514861,,16.914698,,,63.71209289,,,
5754,SEAR,2008,3.609985,12.103064,6.9,26.961824,,,67.06696466,43.7342,70.15,
5755,AND,1993,11.654942,5.5857606,8.2,,,,,,0.0,1007090269.86956
5756,JPN,2018,4.76216,10.169324,,41.541855,,,84.35134487,99.94947,0.0,5040880939324.86
5757,UZB,2002,13.097726,6.765759,5.3,9.7103004,58.2,,62.19230023,93.6957,16.1,9687788512.80184
5758,URY,2005,20.427397,11.671297,9.8,29.940302,,,75.64994667,93.61163,0.0,17362857683.8545
5759,ALB,2011,17.038259,8.8342369,7.9,21.368465,,,76.61868023,95.6985,31.4,12973755874.5365
5760,PSE,2019,36.713645,14.573534,,31.435919,,,75.83098235,98.15311,,17133500000.0
5761,SUR,1996,13.404359,8.1530921,7.4,,,,,,32.0,861372806.2082
5762,TUN,2005,18.816766,9.5462792,8.9,24.883541,3.3,,75.37276042,81.53565,2.6,32272186694.8043
5763,SUR,2016,25.159207,18.077368,,45.212807,,,73.09259708,87.16301,7.6,3317421648.09918
5764,AGO,2011,8.2899854,12.710598,5.1,19.218645,,,58.75334146,42.32667,55.1,111789747670.59
5765,PRT,1993,12.281182,5.9928987,6.4,,,,,,0.0,95009751901.2592
5766,OMN,2002,19.475934,12.006036,6.9,32.578163,,,72.45728033,89.91163,0.0,23065539661.8986
5767,TLS,2001,0.55002538,3.1121353,3.7,17.648134,46.0,,63.41630684,,98.9,477443500.0
5768,PRT,2004,16.098727,7.7611603,7.7,43.954815,0.5,,78.12094465,98.04709,0.0,189382122532.169
5769,CRI,2005,20.396499,10.225704,6.7,43.646454,3.1,,79.72199388,94.81155,9.2,20040642476.9817
5770,GMB,2021,14.257772,10.810394,,21.129618,,,64.21396887,47.53642,98.3,2014158842.14596
5771,AND,1990,11.120404,5.2391272,8.2,,,,,,0.0,1028989692.06787
5772,BEL,1996,13.471749,4.7376767,6.7,,,,,,0.0,279201433224.756
5773,IDN,2012,5.9302207,6.4178087,6.6,16.60008,11.6,,69.79466506,66.26971,48.5,917869913332.649
5774,SYR,2010,28.217763,14.027448,10.1,33.891369,,,73.76180647,91.10323,1.8,61390830874.7007
5775,MRT,2004,11.644959,5.6254141,5.4,57.595074,14.4,,65.40083987,22.97917,64.3,2362501023.24249
5776,CUB,2003,12.026456,10.135173,7.9,36.484745,,,77.44238196,83.12767,27.1,35901200000.0
5777,SEN,2004,5.7660278,5.9614107,4.3,20.163671,,,61.57202557,40.9633,62.5,10076816666.6196
5778,UKR,2009,21.163391,7.9454988,8.5,11.150635,0.1,,69.49300841,96.07522,5.7,121552153444.124
5779,BOL,2020,26.88413,14.69439,,22.341352,,,67.11714577,65.66706,12.5,36629843806.0781
5780,SVK,2003,16.43441,6.1457451,6.7,26.266479,,,73.78042489,99.66092,0.0,46616149116.7411
5781,NRU,2006,66.205972,23.499729,27.2,41.647903,,,,65.66138,0.0,29183626.7145836
5782,TCD,2019,5.8463652,8.1900172,,18.269413,,,59.37353739,12.29402,93.4,14905517742.8454
5783,GNB,2002,4.7637392,5.5101182,3.8,20.828394,53.9,,51.04081513,5.13883,98.8,466773711.235579
5784,TUV,1993,48.98487,13.572735,12.3,,,,,,98.1,10414399.9564792
5785,MEX,2006,25.384825,15.769203,8.7,23.787754,3.4,,75.33649525,82.18955,15.1,1020265057882.01
5786,GRC,1990,14.903133,6.6972531,7.2,,,,,,0.0,96529587274.2906
5787,URY,2013,25.761399,13.871823,10.9,31.424126,0.2,,76.7019772,96.03108,0.0,61337621933.7857
5788,LUX,2013,18.202345,7.1022727,6.7,18.905031,0.1,,81.87819611,97.62176,0.0,65203276466.9763
5789,HUN,2013,25.782961,12.101187,9.8,24.155121,0.2,11.0,75.59159743,97.99991,0.0,135646053778.582
5790,GRL,2000,17.9414,5.2090965,,,,,,,,1068025016.00862
5791,DNK,2004,11.600597,3.9434657,6.0,23.625937,0.2,,77.68985024,99.59724,0.0,251986155630.852
5792,ECU,2015,22.107267,9.1880202,,21.889982,3.4,,77.15293465,85.88137,5.6,97209558000.0
5793,FRA,1996,11.134759,5.7840921,6.5,,,,,,0.0,1598889216566.23
5794,NIC,2020,32.393011,11.997102,,38.003925,,,75.04233435,73.0211,43.2,12726422432.4868
5795,MKD,1996,15.604243,5.92013,6.6,,,,,,52.25,4642021256.30689
5796,VUT,1999,15.861881,6.5316252,8.1,,,,,,87.1,268006972.690296
5797,NLD,1998,10.572892,5.8715578,5.1,,,,,,0.0,438612530548.767
5798,YEM,1998,4.8432317,8.379101,4.6,,,,,,47.7,6322175565.94651
5799,AZE,2020,25.496423,12.960765,,23.595629,,,71.43112767,,1.6,42693000000.0
5800,BTN,2008,5.6338109,10.854334,8.1,10.955461,,,70.90903814,59.48189,41.4,1317517834.59916
5801,SGP,2013,8.5029058,10.671107,9.1,23.275658,,,82.36588027,100.0,0.0,307576360584.992
5802,HRV,2020,28.95216,13.150862,,26.583437,,,77.86469683,96.16159,0.0,57963370885.0798
5803,BDI,1991,0.93452446,4.3344989,1.3,,,,,,99.6,1167398478.3459
5804,SUR,2010,21.646167,15.211347,10.7,41.62352,,,72.79506364,83.1536,12.7,4368370997.92126
5805,URY,2020,31.547812,16.219956,,33.264458,,,77.79436073,98.05453,0.0,53559359261.826
5806,BRN,2013,24.081427,12.664428,8.9,29.736454,,,76.81966837,88.53111,0.0,18094148099.4922
5807,ISL,2015,19.376221,5.730927,,27.671957,,,82.12605142,98.78312,0.0,17517210519.0912
5808,VCT,1998,17.342438,7.5998679,6.6,,,,,,4.0,373618518.518519
5809,ECU,2019,24.994563,10.750338,,22.317492,,,77.75172721,90.00324,5.4,107595830000.0
5810,PRY,2015,27.1074,10.435426,,31.42181,1.9,,75.16683709,87.55615,35.1,36211447840.0971
5811,LAO,2018,6.5002814,7.4596465,,15.637836,,,68.05389772,76.88628,92.6,18141641089.7963
5812,MDA,1994,18.752581,5.4251481,5.9,,,,,,53.6,1702314267.59123
5813,CAN,2000,20.187825,7.6131091,6.2,25.649986,0.2,,79.08864173,99.86668,0.0,744773415931.587
5814,FIN,2011,19.163156,8.1485674,7.6,16.928831,0.0,,80.2843093,99.44804,0.0,275126915515.565
5815,CAN,1998,19.003156,7.6890923,6.0,,,,,,0.0,634000000000.0
5816,IDN,1994,1.8241761,4.0586475,4.1,,,,,,96.7,176892143931.505
5817,LBY,2013,32.495764,20.658629,13.1,40.961235,,,74.21873286,91.79766,,75351107029.0605
5818,GAB,1993,6.6033162,7.6357484,5.6,,,,,,49.6,4378645081.01769
5819,CAF,2007,4.6523627,13.275956,4.6,18.282791,,,47.39415912,19.12489,99.5,1699811294.94935
5820,CHN,1992,1.4667944,4.4543147,4.3,,,,,,66.8,428502354788.069
5821,TJK,2007,14.031886,8.0109604,5.5,28.185797,10.4,,68.67357175,92.3411,39.3,3719524540.86193
5822,BGR,2010,17.053254,10.291306,9.5,25.140888,2.0,,73.66597105,85.9314,,50689051382.4361
5823,ARM,2008,18.5978,9.9202178,10.6,23.989573,1.4,,72.48685716,90.08983,5.7,11662040713.8753
5824,CUB,1997,9.4270818,7.9339735,6.9,,,,,,49.3,25365908100.0
5825,FIN,2017,20.302574,9.759403,,12.444702,,,81.32143707,99.44798,0.0,253846138440.0
5826,SWE,1993,9.6004657,4.4717681,6.2,,,,,,0.0,212647043708.405
5827,GTM,2011,19.331646,13.998862,7.1,21.17177,,,71.55408827,65.71631,63.0,46876006272.2387
5828,SVK,1996,13.996239,5.7757653,6.2,,,,,,0.0,28197790874.5247
5829,DOM,2020,27.843887,15.799154,,36.075191,,,73.56757121,87.70039,7.7,78546672406.8291
5830,GUY,2006,17.724146,13.124333,6.7,28.356833,,,65.30397068,81.35544,0.0,2379817990.6918
5831,LBY,2010,30.945957,17.96838,11.7,39.427261,,,74.11333,91.45321,,75380825062.4216
5832,LKA,2008,4.3638051,12.863104,6.3,24.294758,,,73.1378661,83.23732,79.5,40713826215.0093
5833,TGO,2006,5.220966,4.4277381,4.0,13.862363,55.6,,57.51444622,11.61955,98.5,3320907721.74508
5834,LAO,2020,7.2205789,8.4159754,,15.719954,,,68.74340275,79.13544,91.2,18981805250.2424
5835,KNA,2007,34.944257,13.847415,11.7,35.212711,,,,91.02926,0.0,689285185.185185
5836,VCT,1993,14.304167,6.478031,5.6,,,,,,3.8,286307407.407407
5837,MMR,2011,5.0703499,7.8952082,6.0,21.497053,,,65.22860154,69.31998,88.9,59977326085.9908
5838,VUT,1994,14.822625,5.4403681,7.1,,,,,,89.0,233701301.490486
5839,PRY,2011,24.106807,9.2214376,6.4,28.988749,5.0,,74.93009617,83.26635,41.0,33756238766.5
5840,SLB,2002,16.167389,6.0496695,7.8,34.412567,,,63.47177399,20.819,91.4,346406738.885237
5841,WSM,1993,40.621346,9.6457362,10.1,,,,,,87.7,133122897.196262
5842,MHL,2004,39.080966,26.973441,16.7,36.803436,,,,86.35523,78.5,132900000.0
5843,CHE,2015,11.809126,5.5498485,,21.447742,0.0,,82.58994495,99.89544,0.0,694118186379.628
5844,ARM,2015,21.598479,11.19923,,25.107988,1.9,,74.27859114,92.9144,2.4,10553337518.414
5845,NAM,1994,7.371863,5.745846,3.1,,,,,,69.3,3666503529.62911
5846,PSE,2022,37.560838,14.720653,,29.701462,,,,99.44161,,19165500000.0
5847,TUV,2010,57.901436,16.139162,21.2,30.866999,3.3,,,82.94455,55.4,32105408.4771121
5848,FSM,2014,43.243462,29.206759,18.0,34.07679,,,65.26774587,82.27822,87.5,319271200.0
5849,AUS,2010,24.957116,6.9682576,7.1,26.243341,0.5,,81.91408232,99.99574,0.0,1148838233480.72
5850,AMR,2004,22.777785,9.0948001,7.3,29.937935,,,75.07444467,85.82566,10.87,
5851,SRB,1994,13.216379,6.9558218,6.4,,,,,,49.3,
5852,TON,2015,65.468103,20.979476,,30.584091,1.0,,72.46352791,93.45211,26.8,437525538.903019
5853,GEO,2015,29.487804,11.541231,,20.836672,3.8,,72.85013916,87.00375,20.6,15223796148.8396
5854,DNK,1993,8.6111099,3.5992265,5.8,,,,,,0.0,143111306004.102
5855,TGO,2005,4.8865508,4.3299187,3.9,13.81063,,,56.95869918,11.17731,98.9,3221910408.46516
5856,CAF,2012,5.8877803,14.264417,5.4,17.328238,,,49.82204247,17.11216,99.4,2510126512.22831
5857,CPV,2002,7.5064272,7.3989019,5.2,22.645483,,,72.18506527,41.53751,37.0,620507387.466174
5858,LUX,1991,12.884009,5.2748304,6.2,,,,,,0.0,13834219728.293
5859,NER,2017,4.7600351,5.1363152,,17.282616,,,60.22725166,13.81057,97.4,11185104251.6943
5860,CMR,1999,6.2887117,4.1183632,3.5,,,,,,90.8,11565826464.8921
5861,TJK,1999,10.149154,7.1664751,4.2,,,,,,66.95,1086612290.27171
5862,AND,1996,12.420604,6.4056806,8.3,,,,,,0.0,1224024139.21295
5863,AFR,2011,8.875761,6.7888446,4.8,19.233908,,,60.26246615,30.23237,84.43,
5864,NLD,2009,13.549688,7.062529,5.9,15.222819,0.2,,80.54360994,97.82848,0.0,878954223140.234
5865,VCT,2007,23.370531,10.5387,8.5,26.211351,,,73.25297188,77.9089,4.3,713596666.666667
5866,THA,2013,10.432356,10.105984,9.4,22.734941,0.0,23.0,76.54383011,96.40752,23.3,420333654592.547
5867,JOR,2008,34.695542,14.366341,11.1,27.397474,0.1,,75.81217115,98.1392,0.1,22658715989.3302
5868,WPR,2021,8.007361,12.345702,,27.247223,,,77.41814299,93.49182,15.34,
5869,BEN,1991,2.2278266,3.6488529,2.9,,,,,,100.0,1986437796.53053
5870,MLI,2013,7.897108,4.9133737,4.9,32.647549,,,59.37937448,34.51719,99.1,15769357572.5419
5871,LKA,1999,2.2368718,8.5930966,4.6,,,,,,84.4,15656327859.5696
5872,JPN,2010,3.6568131,8.6484842,9.9,35.811695,,,83.08330199,99.97304,0.0,5759071769013.11
5873,AUT,2005,13.27133,6.7650542,5.7,30.069572,0.2,,79.32619587,99.9947,0.0,313952317330.776
5874,BEL,1998,14.058261,4.858733,6.6,,,,,,0.0,258528339631.029
5875,MAR,2003,12.595075,11.490616,7.9,21.936064,,,70.88040999,71.04632,7.6,58029363354.2757
5876,BGR,2008,16.419187,9.6189201,9.2,24.066608,1.2,,73.24591413,85.91056,,54480684188.4442
5877,GTM,2021,26.092288,15.858017,,35.286919,,,68.69573697,69.07803,55.2,86455519686.8841
5878,CIV,2018,9.9803537,8.0406293,,20.216505,,,62.90790762,33.9428,67.7,58522477786.6889
5879,KHM,1994,0.66672629,3.1287644,3.4,,,,,,99.0,2791435272.26653
5880,MHL,2002,38.379529,26.212195,15.8,38.576504,,,,86.02958,87.4,131960000.0
5881,GNQ,1997,8.0214128,7.778991,3.6,,,,,,82.4,442337870.69437
5882,EST,1994,14.448297,5.1955231,7.7,,,,,,0.0,4123011419.74174
5883,KHM,2003,1.2001372,3.3177081,4.3,13.685083,,,61.89363505,17.09172,94.8,5046693484.31767
5884,WPR,2009,4.163988,7.4193753,7.7,23.027109,,,75.02841936,76.07592,40.9,
5885,LBR,2011,9.8425008,10.170239,5.1,22.242962,,,60.73430361,16.45018,99.6,2398000000.0
5886,DNK,2008,12.282629,3.9350521,6.0,20.73719,0.2,,78.63896492,99.59724,0.0,354979471960.142
5887,MUS,2009,15.803735,21.548253,12.8,28.055651,,,73.10056755,93.8117,2.6,9128843109.15588
5888,EGY,2021,43.637627,24.838413,,33.64373,,,69.10821615,97.52465,0.1,424671765455.704
5889,GRD,1991,12.00273,7.9465523,5.6,,,,,,14.2,300757888.888889
5890,PNG,1993,12.401439,13.647234,5.8,,,,,,95.1,4974550286.18152
5891,VUT,2001,16.292064,7.2851337,8.6,15.426914,,,64.97955845,55.50012,86.5,257926881.72043
5892,JPN,2001,2.6795356,8.3678,8.7,30.330166,,,81.84225924,99.99956,0.0,4374711694090.87
5893,KEN,1994,2.86883,3.373405,2.3,,,,,,99.5,7148148564.04239
5894,NRU,2017,68.722552,21.239346,,37.119164,,,,65.93204,0.0,108862278.516511
5895,IRN,1990,10.665608,5.2723352,4.7,,,,,,29.3,124813263926.226
5896,MNG,1994,8.5260868,5.4451101,5.1,,,,,,78.8,925817092.217484
5897,KNA,1991,20.623384,8.3702892,7.0,,,,,,0.0,220540740.740741
5898,AFR,2019,11.035548,7.9416759,,17.645485,,,64.16988115,34.80706,79.38,
5899,SVK,2022,26.824254,12.294708,,23.295132,,,,97.53636,0.0,115884262197.697
5900,MAR,2006,13.907145,12.364534,9.0,22.183969,3.1,,71.42901619,74.12863,5.3,75883823300.8545
5901,BHS,1995,23.569134,8.8840522,7.7,,,,,,0.0,3429000000.0
5902,AUS,1999,18.834095,4.9440134,6.6,,,,,,0.0,389652212056.649
5903,PER,2009,16.402382,5.7399027,6.1,28.241692,7.0,,78.11832326,70.63616,36.0,120822986521.479
5904,CHE,2009,11.790486,5.2305393,5.4,24.263037,0.0,,81.89043047,99.88111,0.0,554212916092.271
5905,SAU,2014,36.221495,16.25945,14.4,54.464809,,,77.22323995,95.28281,0.0,787153066666.667
5906,TLS,2009,0.93197543,3.4875162,3.9,20.22534,,,66.64368547,43.93725,96.1,726937800.0
5907,EMR,1990,10.064685,8.007466,5.7,,,,,,61.9,
5908,BLR,2009,20.586139,6.4092517,8.8,16.58876,0.0,,70.47736788,94.63535,1.5,50873167326.0414
5909,ERI,1993,0.79396321,4.6182521,1.9,,,,,,98.3,467872714.755603
5910,ASM,2000,68.449354,26.431394,,,,,,,,
5911,ARG,1992,13.710433,6.574484,7.9,,,,,,10.1,228778917308.17
5912,IRN,2022,24.266586,14.542022,,46.278023,,,,90.36473,4.1,394362621793.035
5913,DOM,2010,20.976385,10.30486,8.3,31.622175,2.5,,73.80111624,82.53122,12.9,53801053352.5005
5914,KGZ,2018,24.041782,9.9715881,,18.998024,,,73.2888512,97.66373,22.2,8271106235.41552
5915,GEO,1993,14.937687,8.6163945,7.7,,,,,,61.6,2701181331.30816
5916,COG,2010,7.1424797,9.0002559,5.1,18.771524,,,60.60462815,16.08231,83.1,13148396211.5955
5917,LKA,1997,1.9138187,8.1552543,4.3,,,,,,85.6,15091913883.7091
5918,BIH,2016,18.690492,15.58461,,18.831182,,,77.13183233,95.33615,58.4,17116926327.6247
5919,NIC,2010,26.217532,9.4972149,7.3,34.371506,,,77.06996179,66.9421,55.4,8758602232.98358
5920,HRV,1990,11.772845,5.9589949,6.2,,,,,,0.0,25650213279.6781
5921,BRN,2004,16.679776,9.9336773,7.3,27.215034,,,76.2980122,77.58139,0.0,8619178799.47025
5922,BGD,2006,1.4753393,11.502224,6.4,21.076241,,,68.09324389,34.08753,90.0,71795736172.1561
5923,SLV,2006,21.716665,8.9000627,7.9,32.565819,6.9,,73.70492095,82.22536,30.5,15999890000.0
5924,SOM,1991,3.2777146,5.0045535,3.0,,,,,,99.8,717974929.763158
5925,WB_LMI,2004,5.9566911,10.271563,6.2,23.993631,,,64.12115275,,,
5926,USA,2001,28.512329,8.9672118,7.3,29.646015,,,76.75000279,99.87244,0.0,10581929000000.0
5927,NLD,2005,12.811142,6.4886987,5.7,17.275612,0.0,,79.34144338,97.91633,0.0,688133699635.797
5928,TON,2021,70.802593,22.351655,,30.644751,,,72.72088222,95.04204,13.0,518228028.701685
5929,PSE,1999,26.55302,10.711592,,,,,,,,4271200000.0
5930,VNM,1998,0.27328541,3.9408077,3.5,,,,,,91.5,27209602050.0452
5931,HRV,2009,20.919473,9.0899065,8.8,17.88242,1.0,,76.44559714,96.96611,0.0,62321642125.1721
5932,URY,2022,33.343792,17.006056,,33.844395,,,,98.32483,0.0,70594110920.0358
5933,GAB,2009,14.20207,9.3322515,7.5,23.30242,,,61.22876669,42.96715,21.0,12113699068.2517
5934,TKM,1991,8.7807961,9.1409817,4.4,,,,,,3.2,3208098919.0146
5935,ETH,2010,1.2997326,4.8142985,3.5,11.436881,33.5,,63.25475143,5.88367,97.8,29933790334.3418
5936,GNQ,2018,15.894319,10.803921,,19.979118,,,61.42093734,,76.3,13097012133.6159
5937,TUR,2015,30.763829,13.625894,,42.823524,0.3,,76.68525905,96.42791,5.0,864313810469.009
5938,NGA,2007,7.2025634,5.7945509,3.8,20.479122,,,58.17779892,32.26769,98.9,278260846800.103
5939,GRC,1997,17.388847,8.1750117,7.5,,,,,,0.0,138766067640.085
5940,AFR,2006,7.605794,6.3657962,4.3,20.418482,,,56.4398241,27.77894,85.67,
5941,ECU,2021,26.566669,11.646011,,22.61541,,,73.95801182,91.74269,5.4,107179074000.0
5942,TJK,2013,17.762266,8.8970616,7.2,31.003916,,30.0,71.7590921,94.57241,25.1,8448411318.25417
5943,DMA,1995,14.327693,11.868759,6.8,,,,,,26.2,274522222.222222
5944,YEM,2003,6.1956841,8.7160029,5.4,21.973761,,,64.67397283,46.51754,43.4,11777532662.0499
5945,KOR,2004,2.7923038,8.2069173,7.4,31.76063,,,77.92814417,100.0,0.0,793175561887.027
5946,BFA,2004,2.100661,3.9091721,3.2,16.294016,,,54.3424593,13.13173,96.4,5451688537.60959
5947,KGZ,2003,14.338885,7.1291268,6.0,17.005495,28.1,,66.27050684,92.83443,41.5,1919008090.49641
5948,EGY,2016,40.381181,21.120639,,32.910789,,,70.7024138,96.24658,0.2,332441717791.411
5949,HND,2016,25.391144,9.4414048,,34.153072,16.0,,71.09197895,79.40648,53.3,21717604952.1835
5950,SLV,2014,26.418677,10.93284,8.8,35.786682,3.0,,73.8558025,85.19896,16.1,22593470000.0
5951,USA,1993,21.028614,8.0397792,6.2,,,,,,0.0,6858559000000.0
5952,TTO,2008,23.459008,20.499064,9.4,39.381348,,,72.03571655,92.06708,0.0,27871587349.5413
5953,TUR,2001,24.660148,8.2722083,8.3,39.135559,,,74.03517034,86.69598,9.6,201753123806.695
5954,NPL,2004,1.7393565,8.3115689,7.0,10.613303,,,67.69735163,24.41227,88.6,7273938314.71988
5955,BRB,2000,22.060293,15.817423,9.6,34.726124,,,74.60503157,88.85349,0.0,3059500000.0
5956,RUS,2002,19.285999,6.4093597,8.0,11.173899,0.7,,64.86108252,85.00045,0.0,345470494417.863
5957,BWA,1994,7.4639261,5.2738883,3.7,,,,,,67.2,4259259604.15623
5958,BFA,2006,2.4832958,4.1026846,3.4,16.410688,,,55.97968949,14.81591,95.7,6547419820.38113
5959,KGZ,2011,19.410248,7.9333887,7.6,17.793455,1.8,,69.54394591,95.66838,27.6,6197765984.28468
5960,KNA,2005,33.250821,12.862113,10.9,34.302261,,,,89.72114,0.0,547203703.703704
5961,LKA,2009,4.6771534,13.584262,6.6,25.128122,2.4,,72.41934945,84.06116,78.9,42066224093.0065
5962,DMA,1996,14.882739,12.41541,7.0,,,,,,25.2,292285185.185185
5963,HND,1993,10.378422,4.4528417,3.8,,,,,,81.1,4926728932.95069
5964,GRD,2017,26.975501,19.23148,,33.6152,,,72.61647079,91.49389,10.7,1125685185.18519
5965,NRU,2012,67.379338,22.007905,28.6,39.00428,,,,65.80902,0.0,100794924.670417
5966,LVA,2015,22.45945,9.8972864,,16.252256,0.7,,74.8108617,91.51934,0.0,26344565876.8902
5967,PRY,1997,15.609571,6.23728,4.4,,,,,,52.2,9965225678.05093
5968,COK,2003,56.36065,27.785459,21.7,52.676289,,,,82.41445,18.1,
5969,CYP,2017,22.156937,8.2218513,,41.330166,,,81.86957092,99.41781,0.0,22946570628.7576
5970,LBR,2022,17.013773,7.9578958,,14.583702,,,,22.52338,99.2,4001047000.0
5971,EMR,2006,18.116245,11.875919,8.7,32.157566,,,66.88891361,63.96411,37.01,
5972,LBY,2018,34.962755,23.959635,,43.576313,,,73.52909525,92.106,,76686029772.1483
5973,LSO,1991,7.8415804,4.29435,3.8,,,,,,93.8,704325366.718393
5974,AFG,2007,7.2339766,12.175497,6.9,24.961794,,,57.2548387,30.46653,84.7,9747886187.39393
5975,AMR,2002,21.499284,8.6065948,7.0,29.324448,,,74.50152763,84.94065,11.6,
5976,FIN,1999,15.953809,5.6862298,7.0,,,,,,0.0,135234241918.147
5977,SVN,2001,14.404476,7.3578581,7.4,19.452984,,,76.22393944,99.11168,0.0,20668868706.8115
5978,CAF,2010,5.3900171,13.832413,5.1,17.691751,,,49.20179696,17.90095,99.5,2142591540.40068
5979,SSD,1990,1.658872,4.2577449,,,,,,,98.9,
5980,BRB,1997,19.904996,14.057866,8.7,,,,,,0.0,2498384129.66738
5981,SDN,2010,10.667685,10.352211,,20.59153,,,66.94489813,28.23805,67.8,58962978034.4828
5982,FJI,2016,30.200362,20.493364,,16.917322,,,67.7499939,93.00551,57.9,4930213644.36653
5983,ALB,2020,22.040656,12.604593,,23.615814,,,76.53104591,99.29879,16.6,15241455556.3737
5984,JPN,2006,3.1930674,8.3367355,9.4,33.236546,,,82.59216336,99.98483,0.0,4601663122649.92
5985,YEM,2009,8.0693901,9.4205648,6.5,23.774137,,,67.58534902,49.35305,40.7,25130278212.5575
5986,PRI,2019,39.111775,28.405413,,40.423618,,,80.50288098,,0.0,105126400000.0
5987,NZL,2009,27.830112,8.1969887,8.1,20.563353,,,80.56243651,100.0,0.0,121663439315.385
5988,SLE,2020,6.7746565,8.930815,,13.141682,,,60.52060193,21.01671,99.2,6693888876.28565
5989,WB_UMI,1995,6.4266138,5.4860342,5.3,,,,,,,
5990,GRL,2011,22.924055,6.5279089,,,,,,,,2684461375.46585
5991,NIC,2013,28.132114,10.398805,7.9,35.457985,,53.0,77.25621199,69.8936,51.7,10982988249.2103
5992,TZA,2000,3.6795609,5.0953597,3.2,13.676475,86.0,,52.79227334,6.45456,99.4,13371767081.7428
5993,GMB,2013,9.8046318,8.0067292,5.7,21.49873,,95.0,63.42180565,46.48443,97.8,1375609453.43746
5994,AUT,2007,13.655677,6.9089226,5.8,28.808805,0.5,,80.0322621,99.9911,0.0,386760177589.497
5995,AGO,1995,4.0325325,8.9343347,3.0,,,,,,61.9,5538749259.94714
5996,CMR,1991,3.4313299,3.9676208,3.0,,,,,,95.7,11840192296.3893
5997,QAT,2002,27.749306,14.269109,11.8,46.116211,,,70.33186981,99.93655,0.0,19363736263.7363
5998,SYC,1990,13.239254,9.8882198,6.0,,,,,,0.0,392163560.868669
5999,NLD,2008,13.416216,6.9336176,5.8,15.743068,0.0,,80.25577925,97.84975,0.0,957901566041.406
6000,MNG,1998,9.8828368,5.775122,5.4,,,,,,78.3,1124440204.84738
6001,PRK,2017,8.4969163,11.935754,,25.043478,,,71.92237066,83.15841,90.1,
6002,CHE,2005,11.459497,5.0681204,5.2,26.215467,,,81.11493442,99.88104,0.0,418284865884.998
6003,MDA,2003,21.213433,6.3543715,7.1,15.121248,7.5,,66.19700504,72.6813,25.7,1980907434.76826
6004,SLV,1995,14.967676,5.6455068,6.0,,,,,,53.9,8921947100.0
6005,MRT,1990,4.7073942,4.4297464,3.7,,,,,,83.6,1506914407.82047
6006,PRY,2022,32.959187,13.122007,,35.961838,,,,94.57275,29.3,41952910858.088
6007,LSO,2001,11.176465,5.1040966,5.0,12.685145,,,47.97132353,10.41389,82.4,825706961.238689
6008,FJI,2001,22.617744,12.158575,10.6,23.604393,,,66.34541639,87.64521,71.6,1652462023.46215
6009,URY,2017,28.975448,15.138251,,32.437557,0.1,,77.33933717,97.19215,0.0,65005997963.4822
6010,CZE,1993,19.273399,6.5153517,7.8,,,,,,0.0,41155654032.1751
6011,SLE,2008,5.4331552,6.4296305,4.1,15.898013,,,53.55359388,11.45551,99.7,4157895298.19572
6012,CMR,2000,6.7655347,4.1943297,3.6,23.904467,,,52.95852821,38.29632,90.0,10566579294.9831
6013,BGD,2015,3.1981368,14.407484,,20.466705,,,73.19207211,48.68382,81.9,195146608978.131
6014,BIH,1999,13.580325,7.7994607,7.1,,,,,,45.7,4686256363.04707
6015,ITA,2001,13.824008,7.3103398,7.2,43.529148,,,79.67653939,99.88592,0.0,1172041488805.87
6016,AFG,2016,13.425334,16.220489,,29.664152,,,60.39366208,45.7336,71.1,18116572395.0772
6017,CRI,2018,28.736043,21.281725,,48.299599,,,80.28882351,97.66631,4.7,62420164991.5444
6018,MRT,2006,12.915064,5.8925979,5.6,55.652912,,,66.62015995,25.84268,62.0,3919577285.92703
6019,EUR,2001,17.046575,7.1006149,7.3,25.622288,,,72.67016514,93.09915,4.54,
6020,UZB,1996,9.9969737,6.0473729,4.5,,,,,,19.2,13948892215.5689
6021,JAM,2017,30.004475,19.968176,,36.107044,,,72.33086714,86.28739,8.95,14808985132.7722
6022,CYP,2006,20.315163,7.7042103,7.0,42.522213,0.0,,79.83910882,99.65755,0.0,20072754986.8272
6023,DOM,2017,25.695652,14.073506,,34.686485,,,73.41062894,86.1939,9.4,79070274743.1658
6024,PRK,1996,2.8455731,6.2602021,4.9,,,,,,99.2,
6025,AFG,1995,2.8668834,8.7033607,4.9,,,,,,97.4,
6026,KNA,1999,27.666408,10.366494,8.9,,,,,,0.0,406595484.373262
6027,NRU,2001,66.073298,24.216005,26.1,44.445435,,,,65.53836,0.0,22613287.5389074
6028,NZL,2020,32.727295,10.619225,,18.929564,,,82.5016081,100.0,0.0,213029554653.687
6029,BLR,1996,17.375302,5.1298127,7.4,,,,,,13.0,14756846153.8462
6030,KWT,2008,39.716357,15.976916,13.1,61.594604,,,78.26367194,100.0,0.0,147379737229.753
6031,STP,1991,3.4753162,5.495711,4.6,,,,,,99.9,107484142.71556
6032,PRY,2000,17.3309,6.7644984,4.8,23.503204,,,74.68296704,70.36997,52.0,8855705139.55857
6033,WPR,1996,2.174247,5.4304682,5.1,,,,,,56.97,
6034,ESP,2014,18.229154,7.9650991,9.4,28.794559,0.7,,82.58446278,99.90609,0.0,1380244561361.96
6035,STP,2011,11.467658,8.7545075,5.3,17.826881,,,69.19904607,34.48294,98.7,226455001.243083
6036,GMB,1990,1.5295096,4.7349408,2.6,,,,,,96.1,317083695.477797
6037,DJI,2015,8.1730947,6.5541439,,17.294334,,,63.87735947,61.41891,91.5,2424391785.43897
6038,BHR,2005,27.829951,11.338933,7.3,33.306358,,,71.32084892,99.95827,0.0,15968723404.2553
6039,RWA,2012,2.4400327,3.3124134,2.7,12.923505,,,65.68582887,61.70702,99.5,7654761044.99335
6040,IND,2011,3.8772564,15.062112,7.4,34.961033,21.2,,67.83941098,45.68459,63.05,1823051829894.55
6041,GBR,1995,15.337703,5.8232155,6.4,,,,,,0.0,1344240176739.78
6042,SEN,2012,7.6410905,6.295228,4.9,18.243824,,,66.29422396,49.62215,68.9,17660870411.5235
6043,TUN,1999,15.822682,8.581496,7.3,,,,,,11.0,22943202174.9668
6044,DJI,2017,8.9660421,6.834612,,17.118124,17.1,,64.73030842,64.02454,91.0,2762581334.22612
6045,ITA,1990,12.307202,5.8843471,6.2,,,,,,0.0,1183945130898.51
6046,CYP,1994,15.821841,6.1778214,5.8,,,,,,0.0,7425703928.57143
6047,EUR,2005,18.503261,7.6802261,7.7,25.377205,,,73.41416905,93.86984,3.67,
6048,MEX,2021,35.348773,14.43824,,27.710379,,,70.83258685,91.98713,14.95,1316569466735.28
6049,NER,2014,4.22494,5.1474713,4.1,18.157417,44.5,,59.45072248,12.36966,98.1,10862943543.5419
6050,TON,2008,59.340823,19.415241,18.6,30.968719,,,72.00245834,90.88395,45.5,344438844.333518
6051,COD,2007,3.5105556,6.5359659,3.5,17.049528,,,55.97784827,20.67881,97.6,16737071816.38
6052,TGO,1993,1.8524135,3.71227,2.9,,,,,,100.0,1741944426.20894
6053,ETH,2011,1.3832971,4.7903735,3.6,11.197886,,,64.25857509,6.19978,97.4,31952763089.33
6054,KEN,2000,4.2093467,3.676733,2.7,13.242547,,,54.09203911,28.05317,98.3,12705350097.8044
6055,CAN,2013,24.814345,8.0883548,7.1,32.566956,0.5,,81.55829938,99.26168,0.0,1846597421834.98
6056,PAN,2006,21.634881,6.6894494,7.1,41.212555,10.5,,76.72660117,68.52436,0.0,18659721500.0
6057,TUV,2004,54.927945,16.952579,18.1,35.18346,,,,81.91303,84.7,22798274.9795551
6058,POL,1992,14.292116,5.7439335,6.7,,,,,,0.0,94337050693.2727
6059,BRB,2007,27.261052,20.117322,11.6,37.756012,,,75.24398474,92.35439,0.0,4675767950.0
6060,BGR,1991,11.74337,6.8893328,7.0,,,,,,,7628738475.37666
6061,SWZ,2006,19.476637,7.2038271,5.7,22.956589,,,42.74148839,53.08088,67.1,3291330019.17287
6062,HND,1991,9.3658105,4.2882137,3.6,,,,,,84.1,4648668478.56753
6063,CHE,1997,10.157941,4.6658047,4.9,,,,,,0.0,294788198856.198
6064,TON,1993,49.457219,13.996446,11.9,,,,,,81.3,138489884.393064
6065,PAK,2017,17.46247,20.959266,,40.878185,,,66.3818317,61.92651,55.5,339205534861.1
6066,HND,2019,27.409381,10.172738,,35.445354,,,71.43843431,81.95255,51.65,24882225741.8119
6067,KEN,2003,5.0910905,3.7111871,2.9,12.472614,,,54.91168271,29.10331,97.0,14904517649.8476
6068,ROU,2005,15.100193,5.3639863,6.9,21.80164,,,72.09847343,74.56294,0.0,98454380120.0761
6069,ALB,2006,14.848724,7.1465157,7.0,20.683088,,,74.22366059,92.92141,45.6,9150528132.17633
6070,BLZ,2003,28.187996,8.8776454,7.6,33.790375,,,71.80038956,83.4139,18.1,1308900000.0
6071,BLZ,1997,23.02355,7.0894696,6.8,,,,,,23.9,873400000.0
6072,GNB,2008,6.7653313,6.1310377,4.6,19.7148,,,54.20231863,11.10501,98.85,952667544.037289
6073,KAZ,1997,13.205042,6.8405434,7.9,,,,,,18.9,22165932062.966
6074,MHL,1994,35.50505,21.536478,12.5,,,,,,98.0,108071000.0
6075,ARG,2008,23.303597,9.2293747,9.3,35.093502,2.6,,75.69496821,91.38971,1.2,361558037110.419
6076,ZMB,2010,6.230763,4.9995776,3.9,15.725038,64.4,,57.42656833,28.42178,83.9,20265559483.8548
6077,BEL,2020,19.493248,9.1832951,,27.122128,,,80.77564866,99.4862,0.0,529694473501.791
6078,ARM,1990,11.846705,6.2003598,6.8,,,,,,56.7,2256863448.77086
6079,MHL,1993,35.094419,20.91586,12.0,,,,,,98.4,99461000.0
6080,GNQ,2000,9.2485629,8.2592413,4.2,24.428555,,,54.03083545,54.79053,81.1,1045998496.43872
6081,BHS,2019,45.050207,19.381438,,37.253418,,,70.73776422,94.93058,0.0,13277000000.0
6082,JOR,2019,38.003919,14.858246,,28.11692,,,79.7854181,97.22149,0.2,44503006338.0282
6083,TJK,2021,23.108667,11.243118,,35.204403,,,71.814877,96.75723,14.2,8937805347.13963
6084,BRN,1992,8.9199871,7.1948394,5.4,,,,,,0.0,6327966444.87488
6085,TUV,1999,52.356726,15.932159,15.5,,,,,,93.9,14800503.2582747
6086,WSM,2017,59.089792,15.394287,,17.600212,,,69.98522366,96.12581,66.3,884844384.463214
6087,CAF,1999,2.8074918,11.056464,3.7,,,,,,99.4,999477510.686632
6088,CPV,2020,14.69861,7.870578,,30.202187,,,73.66739044,80.91815,19.0,1821565613.68613
6089,TJK,1995,8.7905176,6.7494474,4.0,,,,,,77.2,1231561860.39946
6090,CHN,2021,7.7894472,12.407518,,23.55422,,,77.61619672,94.38576,14.4,18201698719564.0
6091,PSE,2004,30.025515,12.000936,,40.005928,,,69.48491624,90.97987,,4603100000.0
6092,SUR,2002,16.887444,11.1018,8.5,36.904755,,,70.41647923,78.67248,21.7,1093574468.08511
6093,IND,2005,2.6276667,13.134204,6.7,27.698847,,,65.53031169,28.08954,71.7,820383763511.445
6094,SRB,2007,16.519682,9.3994401,7.7,47.405777,0.4,,73.57700553,96.00633,35.6,44888028946.0854
6095,PSE,2007,31.773213,12.645887,,38.446465,,,70.80594736,92.4247,,5815700000.0
6096,ESP,2004,19.366907,9.9931136,8.7,37.630699,0.7,,79.99552369,99.83451,0.0,1069829382514.67
6097,PSE,2002,28.697562,11.508498,,40.9454,,,68.63142308,90.44477,,3555800000.0
6098,VUT,2006,17.336547,10.014388,10.0,12.488978,,,65.37131308,54.80689,86.6,439358586.535588
6099,BMU,2006,22.534071,17.066331,,,,,,,,6144000000.0
6100,KEN,2015,9.236908,3.7078355,,9.8430195,36.8,,64.29968929,33.6914,87.4,70120446896.8359
6101,CHL,2002,22.071233,8.1967726,8.5,24.354204,,,77.34180988,93.32383,0.0,70264045939.2773
6102,SLV,1998,16.817278,6.3690461,6.6,,,,,,45.95,10936669900.0
6103,FSM,2015,43.693253,29.427931,,33.411999,,,65.32541233,86.36606,87.3,316489900.0
6104,ZWE,2021,13.710181,9.503343,,17.669556,,,58.48102238,34.60995,69.7,27240507841.6729
6105,GBR,2000,19.052671,6.0613208,6.8,37.496532,,,77.85839464,99.12999,0.0,1665534876683.31
6106,AFR,2017,10.415558,7.5866617,,17.955471,,,63.36220568,33.76324,81.25,
6107,MKD,1992,14.663097,5.4262709,6.1,,,,,,58.9,2436849341.97604
6108,YEM,2020,12.657233,12.833075,,28.252634,,,66.51267259,54.11664,48.7,
6109,SYR,2004,25.106508,12.66232,8.0,32.029163,1.7,,72.88238933,89.05672,1.1,25086950495.0495
6110,MUS,1996,10.956539,13.931993,9.2,,,,,,12.2,4481489761.54368
6111,TGO,2019,9.9421658,7.0380673,,14.391496,,,63.64852176,18.34951,90.3,6992700101.37188
6112,MNE,2001,11.683818,6.8539627,7.2,19.778103,,,73.45014953,,33.1,1159869245.92513
6113,MNG,2016,20.256303,9.7948469,,20.310534,0.6,,69.64443247,64.01069,54.4,11181350649.3573
6114,SSD,2005,3.7882753,5.6110788,,18.261955,,,55.89935062,,99.9,
6115,GRD,2012,23.911126,17.033869,9.1,31.546576,,,72.68392882,91.8256,8.0,799881481.481481
6116,SYR,2021,33.516914,18.27783,,37.509239,,,72.43803165,94.64183,8.9,14353205678.4991
6117,CMR,2018,13.435923,11.889451,,19.452766,,,61.3869156,42.1505,74.7,39955552189.795
6118,GRD,2022,30.252132,21.594526,,35.869469,,,,,14.9,1231732103.7037
6119,MLT,1996,24.490154,8.5110649,8.0,,,,,,0.0,3822489745.55641
6120,SWE,2017,14.862199,6.6824958,,12.037966,,,82.0845963,98.93238,0.0,536083940228.684
6121,URY,2015,27.330664,14.490271,,31.913832,0.1,,77.09925201,96.61332,0.0,57680327998.6689
6122,ITA,1995,12.530734,6.4604871,6.6,,,,,,0.0,1177369428265.78
6123,NRU,2020,69.380552,21.013272,,36.068481,,,,65.93204,0.0,124530027.301054
6124,NAM,2016,15.04788,7.9484999,,28.159615,,,62.05755741,34.15867,55.2,10722018732.0936
6125,NIU,2003,56.45541,26.158819,19.3,15.929818,,,,100.0,17.2,
6126,GUY,1995,11.471552,8.2335591,4.6,,,,,,0.0,621626785.915493
6127,SWE,2020,15.078206,7.1179792,,9.9127522,,,82.08200836,98.87954,0.0,545147614972.141
6128,KIR,2013,43.488798,19.386922,21.5,35.842014,,45.0,61.57296264,41.78765,95.3,201730860.757856
6129,SAU,2001,27.41352,19.533794,9.4,57.65419,,,70.80307838,95.17647,0.0,184137600000.0
6130,DNK,2010,12.456207,3.872956,6.0,19.293724,0.0,,79.16903741,99.59723,0.0,322345594075.47
6131,GEO,2007,23.430188,11.397459,11.4,17.581324,11.8,,72.55257679,88.25455,41.6,10172931088.5655
6132,BWA,1996,8.2455069,5.4262012,4.0,,,,,,63.3,4847757217.75815
6133,ARM,2021,24.076238,13.379079,,26.340012,,,72.98458202,93.95625,1.4,13878908628.9378
6134,HTI,1990,3.2574113,7.4628867,3.1,,,,,,98.4,3096289800.0
6135,NRU,1999,66.23863,24.626347,25.6,,,,,,0.0,27328612.6080962
6136,SLV,2007,22.312175,9.2344843,8.0,32.95554,4.5,,74.16542856,82.58306,28.8,17011750000.0
6137,ERI,2008,2.1194724,5.754406,2.9,12.643335,,,59.61833756,10.83377,92.7,1380188800.0
6138,FJI,1990,18.863031,8.9923531,7.5,,,,,,73.1,1337017559.49728
6139,IND,1996,1.2987586,10.384484,5.3,,,,,,82.5,392896866204.516
6140,CHN,2008,3.498153,7.1653724,7.6,20.74757,14.8,,73.99659977,71.97963,46.8,4667346414521.95
6141,BHR,2002,25.866434,11.146867,7.2,32.374619,,,70.59694491,99.94362,0.0,9593510638.29787
6142,THA,2017,12.430901,11.900023,,25.311142,0.0,,77.22944399,97.79091,18.9,456356813536.764
6143,CAN,2020,25.88014,9.1563962,,36.105785,,,81.29950989,98.67301,0.0,1655684730000.19
6144,USA,2019,40.463263,14.438638,,33.252308,,,78.73923827,99.68444,0.0,21539982000000.0
6145,TUR,2004,26.311284,9.084145,9.3,40.089493,2.2,,75.833599,89.03291,7.8,408865430220.331
6146,SYR,2009,27.718115,13.667352,9.7,33.576084,,,73.73835464,90.76525,1.5,54111735628.7065
6147,ERI,2004,1.6501499,5.5843454,2.7,13.389309,,,57.68987112,9.64745,94.7,1109054005.43971
6148,YEM,2005,6.7910805,8.8658758,5.8,22.528765,9.8,,65.75114077,47.62679,42.0,16731566717.1888
6149,BOL,2000,13.000478,7.5036854,5.0,22.340689,28.6,,66.09385895,34.88119,36.9,8397855484.76908
6150,OMN,2007,22.481348,12.345673,7.8,34.673058,,,73.4022288,93.90021,0.0,48300390117.0351
6151,SEN,2001,4.8516985,5.753082,4.2,20.732693,48.3,,59.28989485,37.8255,64.1,6507824829.26254
6152,GTM,2009,18.033086,13.088913,6.9,18.797523,,,70.84468993,65.01363,63.3,37126148264.6383
6153,ZWE,2007,8.5413061,8.5635535,4.4,18.835474,,,47.34902637,43.00932,68.7,5291950526.09918
6154,DOM,1991,8.9285329,4.3023199,4.1,,,,,,40.2,9824483339.94518
6155,AND,2004,15.02184,8.0566011,8.5,34.323097,,,,100.0,0.0,2900245324.49221
6156,CZE,2022,25.979522,11.564759,,23.366205,,,,99.13636,0.0,301831228325.556
6157,NER,1995,1.3258631,4.0333312,2.5,,,,,,99.3,2302537562.24406
6158,HND,1994,10.917172,4.5426887,4.0,,,,,,79.6,4642280682.14252
6159,AZE,1997,14.446627,7.5805679,6.3,,,,,,40.1,3962362387.47922
6160,SEN,1991,2.3594042,4.7453579,3.5,,,,,,80.9,7255210469.51743
6161,ATG,2007,23.596478,14.193109,9.1,32.420811,,,74.95910853,,0.0,1487381481.48148
6162,CAN,2010,24.273723,7.8680165,6.9,31.101074,0.2,,81.14359407,99.51262,0.0,1617343367486.26
6163,HUN,2014,26.386806,12.476499,10.0,24.690128,0.7,,75.777258,97.99768,0.0,141128696412.321
6164,ITA,2006,15.07539,8.2090132,7.7,43.037548,0.7,,81.06442613,99.8858,0.0,1958563654385.64
6165,EUR,2008,19.429077,8.1651278,8.0,25.192871,,,74.81612483,94.5369,3.21,
6166,PRI,2021,40.45555,29.334521,,41.179081,,,79.90294803,,0.0,106426600000.0
6167,GRD,2006,20.373203,14.037733,7.7,29.322615,,,70.91199156,91.43593,6.8,698700666.666667
6168,PLW,1998,36.081764,17.515738,16.1,,,,,,0.0,149079600.0
6169,CHN,2006,3.0843275,6.755694,7.0,20.427116,,,73.28900157,68.03235,50.9,2791498472804.33
6170,PSE,2005,30.640072,12.228464,,39.504566,,,70.5600974,91.46209,,5125700000.0
6171,ISR,2011,21.875264,10.057925,7.0,30.57118,,,81.64888794,99.99566,0.0,268094998225.028
6172,ECU,1996,11.806499,4.7652483,4.5,,,,,,16.6,25226393196.5983
6173,TGO,1991,1.5799554,3.64145,2.7,,,,,,100.0,2262767860.10937
6174,MAR,2007,14.345661,12.715201,9.3,22.271643,,,71.60883866,75.07866,4.7,86947913286.728
6175,KIR,1997,36.411184,16.647387,12.2,,,,,,99.5,80205806.8250976
6176,MUS,2002,13.459791,17.022085,10.7,26.841131,,,71.67923755,90.89882,5.6,4906494249.38255
6177,LBY,2006,28.79478,15.408836,10.1,37.335537,,,74.61102298,90.99396,,60094231606.642
6178,LBN,1994,16.591887,9.5382139,7.1,,,,,,,9599127050.17558
6179,PNG,2015,17.747366,17.865492,,13.376806,,,66.00102041,18.88129,91.0,21723437010.0982
6180,BHR,1991,17.89864,8.1774309,5.9,,,,,,0.0,5248911170.21277
6181,GRL,1992,14.164327,3.788637,,,,,,,,1037916162.54976
6182,KAZ,2017,17.1986,9.3420967,,25.364422,0.0,,72.96750185,97.8737,6.2,166805788827.233
6183,HUN,1997,16.303177,8.0874778,7.8,,,,,,0.0,47398564799.2496
6184,MDV,2017,13.922167,8.0889329,,24.354189,,,78.16955603,96.13976,0.9,4816426256.52914
6185,SYR,1997,20.886439,10.999535,6.5,,,,,,2.2,14505233463.035
6186,SWZ,2014,24.401437,8.0636866,6.6,20.596228,,,50.93411451,60.0182,55.5,4286015248.24891
6187,COG,1994,3.6630914,6.9056377,3.8,,,,,,94.8,1769365437.78801
6188,BMU,2010,25.12759,19.281137,,,,,,,,6634526000.0
6189,JAM,2000,16.991891,8.653336,7.2,27.944717,,,72.25330071,82.72092,26.0,9005064474.93003
6190,UZB,2011,20.150897,8.8088691,7.5,17.555574,,,67.18064136,94.97018,14.7,60178909297.208
6191,ERI,2017,3.5628684,6.5885581,,11.742214,,,63.17091217,,89.0,
6192,SAU,2020,39.571047,15.958162,,52.232914,,,76.05844679,95.33176,0.0,767951200000.0
6193,GUY,2012,21.393058,16.461225,8.2,30.577602,,,66.17236525,84.8881,0.0,4063088535.76331
6194,JOR,2011,35.932809,15.034656,12.0,27.6716,,,76.9077149,97.88854,0.1,29524149154.9296
6195,TUV,2014,59.920871,14.875031,23.1,28.347832,,,,83.2764,36.4,38760982.6540096
6196,PRY,2002,18.487991,7.1320124,5.1,24.384306,13.2,,75.11313392,72.97979,51.8,7196260656.84556
6197,ISL,1992,10.698956,3.828302,6.9,,,,,,0.0,7080981738.05606
6198,AFG,2022,19.222592,20.485863,,33.356445,,,,55.95194,62.9,14497243872.1337
6199,VNM,2014,1.0106123,5.8877286,4.9,24.203201,2.7,,72.95094965,77.16825,25.5,233451469642.519
6200,DOM,1992,9.4169803,4.4189721,4.2,,,,,,36.7,11605382504.0
6201,BLR,1997,17.589882,5.2044883,7.5,,,,,,11.2,14130585516.1787
6202,FSM,1998,36.827007,18.812041,11.3,,,,,,88.9,218873100.0
6203,ARM,2007,18.166919,9.7909808,10.3,23.863926,2.8,,72.53070418,89.69207,6.6,9206301269.79164
6204,VNM,2015,1.1069048,6.3444227,,24.92943,,,73.03125783,79.08527,20.3,239258328381.741
6205,SEN,2003,5.4664839,5.891015,4.3,20.360506,,,60.79093407,39.86966,62.7,8768721563.18211
6206,SVN,2007,15.562038,8.8767357,8.2,19.045063,0.0,,78.21314391,99.05831,0.0,47880266542.577
6207,SSD,2010,4.8434179,5.7659701,,17.232698,,,58.75152485,,100.0,14602072410.9506
6208,LVA,1992,15.409867,5.663858,7.8,,,,,,0.0,
6209,SWE,2019,14.998071,6.953533,,10.580098,,,82.71414637,98.89729,0.0,532169294165.94
6210,BWA,2017,16.349374,6.5137468,,23.3964,,,64.01180659,77.26922,36.5,16105155856.7708
6211,MMR,2006,4.2146888,6.7814417,5.1,21.504938,,,62.15642058,66.75695,95.4,14502553709.8303
6212,PRT,1997,13.464764,6.5670483,6.8,,,,,,0.0,117016535162.95
6213,GNB,2022,11.470508,9.4756007,,17.639141,,,,27.84382,99.1,1839048747.87671
6214,COL,2012,18.152933,9.9401131,7.6,30.469576,6.2,,76.94484313,86.06892,13.5,370691143018.039
6215,LBN,2013,26.605794,15.843396,12.2,49.283142,,,78.16479469,91.32469,,46880103080.597
6216,MNE,2016,15.949565,11.444194,,21.390078,,,77.06052079,96.09908,38.4,4376930578.32395
6217,PAK,2022,23.006499,26.378596,,45.65192,,,,70.52881,47.0,374890295666.694
6218,GNQ,2013,14.195099,9.8516539,7.4,21.023378,,44.0,60.96850359,66.04694,76.4,21948834283.7856
6219,PHL,1990,1.7317258,4.2329665,3.5,,,,,,77.9,50508286641.5746
6220,USA,2008,34.538856,10.842351,8.3,31.535694,,,78.0493345,99.87051,0.0,14769862000000.0
6221,TGO,2009,6.2025774,4.8057724,4.3,13.961718,,,58.50878639,13.00826,97.2,4721890900.22635
6222,MWI,2005,2.9830687,4.9650755,3.6,10.98296,,,49.35021214,11.64302,97.8,5320409651.47544
6223,LSO,2002,11.599529,5.1389772,5.1,12.309022,61.3,,47.82881329,12.76716,81.0,775777238.55814
6224,LTU,2005,21.251887,9.293668,8.5,23.206093,1.7,,71.1036825,86.77068,0.0,26105207115.3129
6225,ZMB,2020,10.036817,8.5174218,,14.235781,,,61.83164861,36.18325,89.1,18137764930.651
6226,PAK,2000,5.7935167,10.039413,7.1,26.372969,,,61.40857442,30.90579,76.6,99484802344.5277
6227,ARE,2006,28.73655,20.311344,7.6,52.375637,,,80.09096187,99.1379,0.0,222116541865.214
6228,ZAF,2021,30.562758,12.534171,,45.067154,,,61.49918805,76.89099,11.3,420886877628.703
6229,NOR,1990,8.093214,5.0749563,5.7,,,,,,0.0,119791843059.572
6230,DMA,2003,19.106475,16.531345,8.4,21.01487,,,,67.80962,17.1,373318518.518519
6231,BEL,1991,12.289307,4.3265864,6.7,,,,,,0.0,210510999409.333
6232,SUR,2009,21.065439,14.667973,10.4,41.030155,,,72.61759185,82.50342,13.6,3875409836.06557
6233,SDN,2004,8.2644291,10.900185,,22.024424,,,63.6815858,20.65446,85.0,26646007250.7319
6234,GIN,2000,2.7231736,5.0153516,3.3,19.597063,,,54.19541328,9.16231,99.3,4367458866.71537
6235,BFA,2005,2.2885222,3.9949559,3.3,16.356169,,,55.19811279,13.9806,96.1,6146353173.34929
6236,CAN,2011,24.479665,7.9344019,7.0,31.596643,,,81.40188658,99.42938,0.0,1793326630174.52
6237,TCD,2001,2.3857541,5.2586921,3.3,23.268583,,,51.59248612,9.77511,97.4,1710843377.00119
6238,MEX,2013,30.013812,17.387155,10.2,25.568264,,15.0,75.92944746,86.97323,15.3,1327436290439.27
6239,THA,1996,4.6699058,5.8949254,5.3,,,,,,46.7,183035237429.281
6240,DNK,2021,13.171834,3.4817524,,12.614944,,,81.18400442,99.59723,0.0,408378204639.999
6241,FSM,2018,45.109484,29.889739,,31.540207,,,65.82693994,90.4539,87.1,392000000.0
6242,DEU,2000,17.839091,8.7994635,6.5,20.326468,0.0,,78.10603024,99.21811,0.0,1966980701145.1
6243,WB_HI,2010,21.681081,9.6209593,8.3,31.581343,,,79.83143411,,,
6244,MLI,1994,2.0726295,4.1499514,3.1,,,,,,99.6,2081846497.74648
6245,BIH,2002,14.378285,8.4396444,7.9,15.58532,,,76.09726725,95.09814,48.4,6728220886.64546
6246,LVA,2022,24.272498,12.882964,,14.488977,,,,,0.0,38014713595.7686
6247,SSD,1993,1.9361831,4.6017084,,,,,,,99.0,
6248,TJK,2022,23.793146,11.677536,,35.74255,,,,96.74833,13.1,10713525200.3998
6249,TZA,2001,3.9268818,5.1780246,3.3,13.013909,,,53.52029055,7.66547,99.4,13563990022.3641
6250,CHN,2012,4.4872195,8.1821203,8.8,21.457853,6.5,,75.48068539,79.46467,36.9,8673664713189.24
6251,VNM,2016,1.2110491,6.8633154,,25.669622,2.0,,73.21381033,80.99152,15.6,257096001177.982
6252,GLOBAL,2017,13.793765,12.289809,,29.078617,,,72.67542225,75.23832,33.275223288,
6253,MYS,2010,14.947923,13.552973,9.1,40.986374,,,74.02631776,94.73658,3.5,255017638455.59
6254,BEN,2004,5.8816113,4.1202348,4.1,16.888824,,,58.86876901,10.34007,98.1,6190270380.49856
6255,MDA,2018,23.017997,10.097245,,11.487573,,,72.90339608,82.29693,2.5,11252353420.8798
6256,TGO,2010,6.5160416,4.9645752,4.4,13.975677,,,59.15723761,13.49142,96.6,4746389531.6959
6257,VEN,2002,19.959219,8.1208318,7.4,36.811867,18.2,,74.25516144,87.48974,2.7,92893587733.6549
6258,UGA,1991,1.1417439,2.9680982,1.4,,,,,,99.0,3321729159.62277
6259,LBN,1999,19.497016,11.054366,7.6,,,,,,,17391056369.2265
6260,ARE,2005,28.21312,19.873488,8.2,51.419193,,,79.38497277,99.14157,0.0,180617467964.602
6261,GRD,2019,28.254652,20.11461,,34.495796,,,72.72978901,,12.1,1213485185.18519
6262,ISR,2017,22.131889,9.6413434,,28.14819,,,82.38134543,99.95453,0.0,358451839052.991
6263,GRC,2012,24.608271,10.863304,8.9,32.541534,1.5,,80.23315335,98.74088,0.0,238841140018.233
6264,SUR,2012,22.802134,16.263315,11.3,42.811573,,,73.34638856,84.46708,10.8,4980000000.0
6265,ERI,2020,4.2718671,7.0977934,,11.740759,,,63.82002522,,88.3,
6266,VCT,2006,22.72287,10.128146,8.3,25.987873,,,72.92616303,76.27974,4.1,643501148.148148
6267,PER,2015,20.822753,9.7271852,,30.826775,3.6,,80.33747677,74.33255,24.2,189802976285.619
6268,ARG,2018,31.494874,10.825585,,37.365471,,,76.88825006,,0.1,524819892360.176
6269,BLR,2006,19.991523,6.0090072,8.4,17.311663,0.1,,69.30529977,93.30008,2.5,36961894281.3444
6270,TKL,2017,67.389536,33.601418,,,,,,,69.35,
6271,LVA,2021,23.997033,12.417397,,14.708121,,,73.20251724,92.43718,0.0,38183326784.9335
6272,BDI,2011,2.8351024,5.4021936,2.4,15.226409,,,60.40539714,45.92771,99.8,2235820809.32006
6273,ITA,2007,15.304503,8.3913058,7.7,42.92202,0.7,,81.17657713,99.88578,0.0,2222524108127.65
6274,SYC,1995,16.013046,11.667437,6.6,,,,,,0.0,540733047.733048
6275,MEX,1999,20.881492,12.229907,7.3,,,,,,18.1,631249359702.389
6276,KNA,2003,31.453079,11.978332,10.2,33.378147,,,,88.41303,0.0,469869869.86987
6277,AND,2019,17.555156,9.2915915,,28.132069,,,,100.0,0.0,3155149347.80639
6278,SEN,1999,4.2465571,5.6074947,4.0,,,,,,66.6,6592834932.80876
6279,DJI,1993,2.626577,4.7193103,4.9,,,,,,96.8,466048469.22986
6280,LKA,2006,3.7858251,11.554722,5.9,22.679312,3.8,,73.35813965,81.59981,80.1,28279802405.9138
6281,TKL,1995,56.772768,24.729188,,,,,,,68.1,
6282,PLW,2019,40.442875,19.318886,,26.762999,,,,98.29177,0.0,281941600.0
6283,RUS,2004,19.996108,6.6316776,8.1,11.68549,0.7,,65.14346957,85.42409,0.0,591016690732.385
6284,BRA,2005,14.651813,6.8472601,6.4,33.316772,8.6,,73.14791265,77.56479,8.2,891633839894.183
6285,BEL,2000,14.683233,4.9850944,6.6,47.111137,,,77.67190502,99.48463,0.0,236792460312.471
6286,KWT,2011,40.551677,17.452464,13.8,62.219013,,,81.44805413,100.0,0.0,154039231299.128
6287,COK,2005,57.676429,28.947848,22.8,49.414291,,,,82.81783,17.5,
6288,BRA,1990,8.6446963,5.0370835,4.7,,,,,,23.9,384959818181.817
6289,OMN,2004,20.729916,12.093711,7.4,33.465508,,,73.14911872,91.47156,0.0,28378933680.104
6290,SGP,2020,12.439954,13.167264,,23.120434,,,83.99653626,100.0,0.0,349165858544.568
6291,WB_LI,1995,2.7459173,5.6783102,3.1,,,,,,,
6292,TUN,1994,13.514698,7.5614952,6.3,,,,,,29.3,15633174304.0905
6293,IND,2017,5.5232517,17.817798,,42.774834,,,70.06082604,63.83039,44.7,2651474262755.45
6294,GUY,2008,18.921818,14.257441,7.1,29.064146,,,65.75519494,82.52063,0.0,3025187433.33637
6295,SOM,1993,3.6261223,5.2152839,3.2,,,,,,99.8,1260132955.78746
6296,CHN,1997,1.8959463,5.2170597,5.0,,,,,,62.5,967753570434.667
6297,EGY,2011,36.693981,16.888413,14.6,32.150654,,,70.08390953,94.679,0.6,235989672977.625
6298,LUX,2016,18.20253,7.2081387,,17.064108,,,82.55544194,97.60554,0.0,62216885435.9488
6299,HRV,2013,23.665647,10.383207,9.7,20.747843,0.7,8.0,77.85314853,96.23222,0.0,59852401272.3204
6300,ETH,1993,0.41767862,4.0701985,2.4,,,,,,99.2,9051043870.12197
6301,CAF,1996,2.27743,10.127106,3.4,,,,,,99.4,1007791127.09913
6302,SUR,1994,12.356137,7.3971592,7.1,,,,,,35.4,605492537.313433
6303,MWI,2004,2.7919883,5.007793,3.5,11.832375,73.4,,48.06087588,9.35854,97.9,5058726350.48896
6304,SWZ,1999,14.828892,6.446401,5.0,,,,,,76.3,1547888495.98428
6305,COD,2006,3.3349253,6.4802445,3.4,17.270504,,,55.48457469,21.08914,97.7,14451901696.3878
6306,DOM,1998,12.872615,5.5296134,5.5,,,,,,19.3,21672215546.7642
6307,SLV,2017,28.098318,11.273313,,37.056679,1.9,,73.71813956,86.19786,11.4,24979190000.0
6308,GAB,2003,11.160871,8.7213717,6.9,24.871414,,,58.21558345,36.88093,30.7,6511903365.47554
6309,FRA,2002,12.094671,6.3859925,7.0,37.654327,,,79.14448316,98.66149,0.0,1492427756382.43
6310,RUS,2012,22.269078,7.9176992,9.0,14.157142,0.0,,70.1880117,87.12346,0.0,2208293553878.42
6311,MKD,2009,20.83403,8.4482819,7.7,23.111271,9.6,,74.58841867,91.58757,33.1,9401736825.42688
6312,TUR,2016,31.171954,14.145006,,43.071804,0.2,,76.66589183,97.0136,5.0,869682881593.041
6313,SSD,2002,3.2102566,5.4138195,,18.968319,,,53.71928707,,99.7,
6314,ZAF,2022,30.819711,12.55274,,44.802898,,,,77.63425,10.8,406920004594.074
6315,TON,1994,50.103182,14.37407,12.5,,,,,,80.1,195990986.21421
6316,COL,1995,9.5959201,4.7098834,5.0,,,,,,28.0,92495970511.3951
6317,UKR,2013,21.992561,8.6821087,8.9,11.575211,0.0,,71.55330688,96.91479,5.0,190498811460.028
6318,SWZ,2018,27.042037,8.9020468,,19.75296,,,54.73682091,63.61382,51.6,4644696656.36967
6319,JPN,1992,2.0029373,8.0013536,7.3,,,,,,0.0,3980702922117.66
6320,SLB,2014,19.699067,6.1863735,10.8,22.913021,,,64.95591891,30.83106,91.7,1335571420.72676
6321,JOR,1998,28.526324,11.246604,8.6,,,,,,0.3,7912270803.94922
6322,KNA,2022,45.644391,21.955957,,41.694901,,,,,0.0,980188888.888889
6323,CRI,2003,19.152421,9.0122238,6.3,42.905937,4.4,,78.7075014,94.38308,9.9,17271760506.9483
6324,PYF,2004,39.73158,14.137161,,,,,,,,5564109981.9138
6325,KAZ,1991,12.063424,5.7538643,6.9,,,,,,27.3,24923076923.0769
6326,BLZ,2012,35.172138,12.404049,9.3,37.457569,,,74.18063851,86.25785,16.5,1909400000.0
6327,SEN,2000,4.5461249,5.6832243,4.1,20.913012,,,58.6097114,36.84036,65.2,6013185003.97525
6328,PAN,1991,11.603268,4.2079367,4.7,,,,,,0.0,7074675500.0
6329,IDN,2006,3.9175209,4.8024241,5.8,15.70155,27.4,,68.40129097,53.02108,80.0,364570515618.357
6330,ITA,1996,12.686768,6.543649,6.7,,,,,,0.0,1314776508972.27
6331,SUR,2013,23.379138,16.750062,11.6,43.404797,,11.0,73.14787483,85.13042,9.9,5145757575.75758
6332,ZAF,2010,28.13094,12.170455,9.0,48.380554,16.5,,57.09683041,68.18402,22.5,417363822801.713
6333,DMA,2006,20.9259,18.251723,9.2,22.230627,,,,71.57666,14.4,416674074.074074
6334,DEU,2005,19.603375,9.6393041,6.8,18.557144,0.0,,79.20819712,99.22118,0.0,2893393187361.87
6335,CHN,2002,2.4549317,6.0287498,6.0,19.983002,31.7,,71.4546616,59.71909,57.2,1489821682050.54
6336,SYR,2007,26.694229,13.029149,9.0,32.951897,,,73.62412875,90.0856,1.3,40465318382.0585
6337,KOR,2012,4.1018803,10.186857,9.0,42.579754,0.2,,81.13219539,99.94088,0.0,1278046536287.01
6338,PAK,2012,12.738256,16.222927,9.4,36.037735,,,64.82124843,53.11896,62.0,250106966104.704
6339,ZWE,2015,11.118134,8.9462012,,17.803003,,,57.4934476,38.12065,70.1,19963058858.4528
6340,COK,2014,63.792557,31.686974,26.8,35.592594,,,,84.63306,21.1,
6341,BRA,2018,24.303406,11.669416,,38.551556,,,75.31944699,88.49054,3.8,1916933898010.99
6342,NZL,2011,28.837189,8.5963912,8.3,20.284067,,,80.74980096,100.0,0.0,168484908960.078
6343,LBN,1991,15.039036,8.6294763,7.0,,,,,,,4690415092.53663
6344,WB_HI,2014,23.029827,10.409732,8.9,31.864771,,,80.53130986,,,
6345,SEAR,2012,4.580201,13.376836,7.4,30.559959,,,69.06374791,53.8059,61.2,
6346,ARE,2008,30.670044,20.479503,6.6,54.608231,,,80.7993244,99.13086,0.0,315474615738.598
6347,BGR,2005,15.417768,8.8070787,8.6,22.511282,,,72.47648279,85.87875,,29868657858.0082
6348,JPN,2016,4.4355944,9.6990936,,40.012707,,,84.15707196,99.95537,0.0,5003677627544.24
6349,ESP,2015,17.88632,7.7155933,,27.857409,1.0,,82.32940416,99.91247,0.0,1206164777553.12
6350,LSO,2007,13.791543,5.1180776,5.6,10.645067,,,43.88764108,24.00108,73.4,1682131784.51365
6351,SYC,2022,29.361686,14.323448,,20.439074,,,,100.0,0.0,2018346588.73752
6352,NLD,2000,11.275697,5.9585154,5.3,19.71909,,,78.01203729,98.05648,0.0,417649282153.726
6353,STP,2000,6.6317871,6.3408166,5.0,17.623775,29.8,,63.12867264,20.62246,99.7,76198394.8202671
6354,HND,1992,9.8615795,4.367464,3.7,,,,,,82.7,4943700431.07368
6355,AMR,1993,15.658323,7.0484422,5.8,,,,,,16.88,
6356,TUR,2009,28.462803,10.916167,11.2,41.398914,0.9,,76.34599074,92.61661,6.1,649289324627.732
6357,CAN,1999,19.604638,7.6533444,6.1,,,,,,0.0,678412196271.118
6358,AND,2012,16.665833,8.6524323,8.9,30.928501,,,,100.0,0.0,3188652765.36184
6359,AUS,2004,22.010027,5.7502273,7.0,26.611784,0.7,,80.75565777,99.99275,0.0,614659980082.515
6360,SVN,1993,12.256065,6.3295692,6.5,,,,,,0.0,14449298371.7879
6361,MMR,2013,5.4171197,8.523275,6.4,21.492615,,93.0,66.44771624,70.29232,84.4,60269732854.827
6362,BLR,2000,18.362422,5.4436889,7.8,18.799881,7.1,,68.79296699,92.06886,7.3,12736780455.1539
6363,ASM,1998,67.705721,24.33968,,,,,,,,
6364,BGD,2011,2.3114517,13.202038,7.3,20.722216,,,71.08337441,42.26834,86.6,128607482310.357
6365,YEM,2021,13.146658,13.200061,,28.716446,,,65.76206783,54.5956,49.9,
6366,WPR,1993,1.888998,5.0279416,4.7,,,,,,59.3,
6367,EST,2002,17.669702,6.1399546,8.2,12.699292,,,71.18420468,99.68935,0.0,7370119619.4782
6368,NLD,2011,13.727564,7.3091947,6.0,14.183105,0.0,,80.95610777,97.79029,0.0,913140741332.687
6369,AUS,2017,27.881697,8.6034454,,25.702333,,,82.67971308,99.99923,0.0,1325582658156.54
6370,PRY,1991,12.532322,5.1919609,3.5,,,,,,56.3,6984367762.90371
6371,EMR,2020,27.249333,19.275889,,39.391029,,,68.92815031,77.83477,27.68,
6372,DNK,2014,12.62534,3.6936689,6.1,16.54537,0.2,,80.51401409,99.59723,0.0,352832602064.452
6373,IRL,2022,28.34655,9.965802,,21.922478,,,,89.25487,0.0,548570250341.987
6374,ITA,1991,12.282195,5.9648339,6.3,,,,,,0.0,1249092439519.28
6375,SVN,2003,14.866386,7.8024499,7.6,19.341888,,,76.34395429,99.11168,0.0,29360575031.8177
6376,TKM,2004,13.453919,13.94413,6.3,15.902257,,,65.61545494,93.19504,0.3,6838351088.46688
6377,TKM,2001,12.139481,13.159952,5.7,16.814619,,,65.9484733,93.02538,0.6,3534772732.39746
6378,PLW,2001,36.883712,19.216757,17.2,35.192993,,,,92.57327,0.0,159453500.0
6379,PHL,2007,4.6435848,4.8665259,5.1,21.584991,,,69.58190674,67.85679,59.9,155980408673.403
6380,NOR,1995,9.7172767,5.7066005,6.0,,,,,,0.0,152029612324.788
6381,SWE,2013,14.665705,6.2676728,6.8,15.472878,0.7,,81.64075183,99.0007,0.0,584128116410.29
6382,LBY,1992,19.150436,9.9594146,7.4,,,,,,,33887047909.2746
6383,MOZ,2007,4.675464,5.396726,4.0,7.7552757,,,52.58518387,17.62137,97.4,10811456005.9405
6384,RWA,1992,0.61653713,2.7690029,1.2,,,,,,99.8,2029026961.55894
6385,POL,2002,17.504528,6.2253248,7.4,23.394123,0.1,,74.45428635,88.93536,0.0,199694463255.567
6386,NRU,2018,68.965131,21.117857,,36.758015,,,,65.93204,0.0,130937589.753517
6387,DJI,2016,8.5586466,6.6880681,,17.196779,,,64.3388502,62.72079,91.3,2604955228.70117
6388,EUR,1992,14.129929,5.8530521,6.6,,,,,,7.33,
6389,SLB,2017,20.710392,5.8507215,,20.634958,,,65.4106128,33.52835,91.5,1469789119.08756
6390,BEN,2009,7.4407659,4.9203463,4.6,17.101988,,,60.99409615,12.82674,95.8,9738626517.00319
6391,DZA,1998,12.596855,9.3318373,6.0,,,,,,4.8,48187781984.4881
6392,AFG,1998,3.6294751,9.343002,5.3,,,,,,95.6,
6393,CHL,2007,25.673744,9.8410763,9.5,27.194977,,,78.48498969,95.70034,0.0,172491076033.863
6394,NLD,2013,13.837747,7.588502,6.1,13.17318,0.0,,81.11693502,97.75889,0.0,883951539006.669
6395,BLZ,2008,32.226276,10.792128,8.3,35.860149,,,73.53821496,84.99991,16.7,1738900000.0
6396,HND,2012,22.652227,8.3765969,6.8,32.448509,19.6,,68.99495317,75.87036,56.0,18528554397.5695
6397,FJI,2008,25.912365,16.755491,13.7,19.88658,3.5,,67.02758771,90.63914,69.0,3523185919.55826
6398,AUT,2009,13.929869,7.0148647,5.8,27.507118,0.5,,80.12103248,99.98757,0.0,399290118782.429
6399,COD,2017,5.3360537,7.0579685,,15.210867,,,60.84101636,17.04284,95.9,38019264794.8263
6400,LKA,2002,2.8171657,9.5814005,5.1,19.686136,8.3,,73.3381305,78.36539,82.2,16536535647.0834
6401,MDV,1993,4.2416669,4.6311915,5.1,,,,,,97.5,322417837.161971
6402,ESP,2003,19.138311,10.037781,8.6,38.379021,0.7,,79.41351479,99.82743,0.0,907963217057.645
6403,PRI,1994,20.603555,12.313601,,,,,,,0.0,39690630000.0
6404,GRC,2022,27.981499,12.460894,,35.195946,,,,99.00058,0.0,218880566444.349
6405,SLB,2011,18.777035,6.4883389,9.8,25.471384,,,64.51306313,27.8486,91.9,1063895360.69907
6406,CAN,1997,18.385452,7.7100232,5.9,,,,,,0.0,654986999855.554
6407,EGY,1991,20.181894,8.6524762,8.2,,,,,,58.75,37387836490.5284
6408,NER,2002,2.31218,4.655797,3.2,21.948832,,,51.88652859,6.51516,99.1,2782192878.67204
6409,ATG,1997,16.659181,9.7057074,6.4,,,,,,0.0,734422222.222222
6410,EUR,2018,21.672131,10.240433,,24.768808,,,77.74803442,96.47405,2.61,
6411,NAM,2022,16.965204,9.2579499,,25.378115,,,,35.84054,52.3,12569449123.3661
6412,MDA,1999,19.9709,5.9323318,6.4,,,,,,40.4,1170782957.37443
6413,CMR,2011,11.490428,7.2383203,4.4,21.313334,,,57.25716759,40.44004,80.0,30630910495.217
6414,WB_LI,1992,2.3370126,5.2508984,2.8,,,,,,,
6415,GNQ,2021,17.193399,11.617994,,19.596758,,,61.60542301,,77.2,12215878032.7166
6416,DJI,1997,3.2422505,5.1870625,5.3,,,,,,96.4,502675542.001227
6417,TKM,2012,17.196278,14.665605,9.1,13.868967,,,69.3130409,96.22862,0.1,35164210526.3158
6418,WB_UMI,2013,11.353166,9.3516022,9.2,24.162605,,29.64638,74.28341937,,,
6419,BEN,2020,10.400742,9.206298,,17.694992,,,64.40363479,19.27072,94.3,15686741893.5187
6420,BMU,2011,25.760049,20.040227,,,,,,,,6312691000.0
6421,GMB,1997,2.9049529,5.3466972,3.5,,,,,,96.4,803633342.473706
6422,GHA,1996,4.5594655,3.8041584,3.2,,,,,,95.8,6932991739.37767
6423,TLS,1993,0.33474416,3.0186687,2.5,,,,,,99.7,216914400.0
6424,TZA,2020,11.353909,5.1461682,,4.7305727,,,67.40275668,30.2468,93.1,66068737786.0639
6425,PHL,2015,6.4980425,7.2672963,,33.451313,7.8,,69.51615532,76.64502,54.9,306445871242.322
6426,LBY,2005,28.13887,14.934564,9.8,36.784779,,,74.01467345,90.87914,,47334691241.4924
6427,SLB,2015,20.026182,6.0687322,,22.122259,,,65.15166823,31.84077,91.6,1307909887.55212
6428,BOL,1994,10.104679,6.1874993,4.4,,,,,,42.8,5981222858.82727
6429,NZL,1994,16.294119,6.1337415,6.5,,,,,,0.0,55314732279.1379
6430,NPL,2017,4.9701408,12.004034,,8.6483221,,,70.84484004,65.59537,66.6,28971588940.364
6431,RWA,1998,0.90544382,2.8560275,1.7,,,,,,99.9,1989343546.17594
6432,FJI,2013,28.530374,19.353609,16.0,17.87425,1.4,40.0,67.62910016,92.20237,63.0,4189967998.51424
6433,FRA,2014,11.317118,5.7095304,8.0,28.956526,0.0,,82.2489409,98.65238,0.0,2861236112552.42
6434,GRD,2007,20.967241,14.505664,7.9,29.681189,,,71.03136798,91.70551,6.8,758683592.592593
6435,LCA,2005,20.984478,11.336537,8.7,23.625303,,,74.35093561,84.63843,7.8,1135555555.55556
6436,SWE,1999,11.77192,5.0619096,6.5,,,,,,0.0,274320415375.678
6437,PYF,2011,42.580912,15.426728,,,,,,,,6203940036.91982
6438,ISL,1994,11.539915,4.0232133,6.9,,,,,,0.0,6389460342.78656
6439,NPL,2007,2.24705,9.0588093,7.7,10.058407,,,68.80504578,32.92903,83.2,10325618017.379
6440,TKL,1996,57.340699,25.375983,,,,,,,68.3,
6441,EST,2017,21.55232,9.9853672,,15.150918,,,78.2161445,99.06799,0.0,27469461919.1189
6442,AND,2007,15.848802,8.1849299,8.6,33.103691,,,,100.0,0.0,3957625367.21959
6443,CZE,1997,19.043587,6.5628536,7.8,,,,,,0.0,62539765163.1302
6444,BLR,1993,16.894352,4.9251989,7.2,,,,,,19.1,16275073526.9819
6445,FIN,2000,16.283663,5.8146074,7.1,27.448967,,,77.59494705,99.4482,0.0,125967821110.589
6446,ASM,2001,68.780094,27.450034,,,,,,,,
6447,ESP,2017,17.205395,7.1865126,,26.033848,,,82.67579627,99.91984,0.0,1321754088818.83
6448,MYS,2017,18.909831,19.376293,,40.32481,,,74.40097684,95.69194,9.1,319109094160.343
6449,COM,2007,8.5190341,4.0645741,4.7,11.437176,,,64.77430676,33.43745,98.0,795673152.867077
6450,CAN,1995,17.113799,7.6962642,5.7,,,,,,0.0,605961090061.207
6451,KNA,1995,23.946325,9.1304898,7.8,,,,,,0.0,313485185.185185
6452,KAZ,1996,13.017519,6.6656977,7.7,,,,,,20.3,21035357936.8796
6453,WB_UMI,2001,7.6519802,6.464453,6.3,21.647259,,,70.02443002,,,
6454,CUB,1996,9.0458587,7.5829826,6.8,,,,,,53.9,25017368700.0
6455,KIR,1991,31.798351,12.197161,9.1,,,,,,99.8,41247791.6364169
6456,GNB,2020,10.580682,8.7892681,,17.732971,,,58.37604595,26.34822,99.0,1683619351.72486
6457,ISL,1998,13.398567,4.3228798,6.9,,,,,,0.0,8503746467.99599
6458,ARE,2017,31.996262,20.337692,,62.484783,,,80.92702059,99.10363,0.0,390516804029.952
6459,SLB,2003,16.449793,6.1608344,8.0,33.345131,,,63.54307905,21.01688,91.6,417668983.408349
6460,GTM,2006,16.174215,11.625211,6.5,15.620598,11.1,,69.85634314,63.88754,62.6,29744246827.1839
6461,CHL,2012,29.605725,11.725625,10.8,30.47069,,,79.58354937,98.027,0.0,267024782486.855
6462,PNG,1992,12.181109,13.545121,5.6,,,,,,95.2,4377980510.05598
6463,KNA,2018,42.905155,19.714007,,39.954475,,,,,0.0,1076548148.14815
6464,NER,1994,1.2263717,3.9235905,2.4,,,,,,99.3,1938058175.21399
6465,WB_HI,1993,13.408272,6.9962434,6.4,,,,,,,
6466,DOM,2007,18.978578,8.8195279,7.7,30.359745,4.3,,72.98138698,80.84694,13.1,43965458508.5056
6467,ZMB,2003,4.3503165,4.1983519,3.4,17.274126,,,47.10240747,22.47368,85.0,4901869764.05957
6468,FJI,2012,27.999824,18.937826,15.5,18.238495,,,67.51183712,91.91244,64.3,3972028104.47328
6469,CUB,2020,20.579633,14.332907,,58.604259,,,77.63538969,91.1532,5.3,107351800000.0
6470,BEL,2007,16.796839,5.7900373,6.4,40.080521,0.2,,79.56569667,99.48578,0.0,470922156309.453
6471,STP,1999,6.179145,6.2676884,5.0,,,,,,99.7,77302211.9248351
6472,KWT,2019,41.09782,25.560993,,63.10038,,,82.50221054,100.0,0.0,140856394870.02
6473,FSM,2004,39.031672,23.061858,13.9,41.449661,,,64.15853132,41.3998,89.1,240236000.0
6474,PRY,1996,15.056233,6.0567956,4.2,,,,,,52.6,9788391780.52421
6475,BEL,2018,19.012664,8.4275015,,28.928074,,,81.2494226,99.48619,0.0,542638913427.921
6476,ECU,2020,25.768694,11.187116,,22.459026,,,72.71138213,90.87413,5.4,95865473000.0
6477,MRT,2001,9.7345427,5.2816372,5.0,60.25346,,,63.48748709,19.15246,68.7,1746063557.61355
6478,PRT,2015,19.526117,10.161512,,48.75428,0.5,,80.89189476,99.31157,0.0,199038523119.639
6479,MNE,2000,11.407671,6.688568,7.0,19.736403,,,73.43360465,,33.15,984293043.811565
6480,MUS,1999,12.231398,15.329453,9.9,,,,,,8.3,4402193195.46945
6481,ISL,2007,17.415759,4.9135741,7.1,30.268511,0.0,,81.14698057,98.7886,0.0,21652505596.7528
6482,NIC,2007,24.300019,8.5270651,6.8,33.313389,,,76.42101694,63.97781,58.9,7423375014.75729
6483,WB_UMI,2000,7.4189566,6.2985606,6.1,21.506065,,,69.79700261,,,
6484,DNK,1994,8.8730082,3.6643367,5.8,,,,,,0.0,156017919221.457
6485,ERI,2018,3.7831381,6.7442536,,11.725351,,,63.47224104,,88.8,
6486,SDN,2011,11.076662,10.187841,,20.370766,,,67.06889355,29.57155,64.2,55018567210.5263
6487,NER,2008,3.3558626,5.011357,3.7,20.238129,,,57.32288169,9.48813,98.8,7297600226.00536
6488,SWZ,2016,25.685927,8.4640391,,20.136442,,,53.13250876,61.80777,53.0,3724180911.37828
6489,NIC,1990,13.125442,4.7456469,4.6,,,,,,80.9,1009455483.87097
6490,TGO,2001,3.6076989,4.0270109,3.6,13.564235,,,56.11218609,9.88565,99.6,2093498674.49678
6491,FRA,1995,10.972312,5.6286711,6.4,,,,,,0.0,1595219345511.89
6492,GRL,2008,21.825701,6.3219436,,,,,,,,2499092314.41875
6493,BFA,2015,4.4052966,6.3908495,,16.52017,,,60.94298433,20.66274,91.0,11832159315.6298
6494,PNG,2003,14.561008,15.598844,8.0,17.599291,,,63.55882521,18.11591,94.3,3536411824.2958
6495,ALB,1991,11.011185,4.5322783,4.4,,,,,,81.9,1099559027.77778
6496,ATG,2008,24.25209,14.711581,9.5,32.784645,,,75.05552794,,0.0,1557640740.74074
6497,GHA,2005,8.1647702,4.2144515,4.0,18.162159,24.5,,60.06629663,10.00244,90.0,10744568381.4456
6498,CHL,2021,37.929446,15.496324,,37.403999,,,79.02404788,100.0,0.0,315325547162.072
6499,SDN,2021,16.313416,8.6092032,,19.131882,,,67.58515204,,34.3,34229513774.9936
6500,ETH,1992,0.39567593,3.9547171,2.3,,,,,,99.3,10754799036.5745
6501,DZA,1990,9.8724872,7.5395003,4.7,,,,,,14.2,62048507531.3357
6502,NIC,1997,17.62346,5.7617094,5.3,,,,,,69.9,4389973489.86032
6503,HRV,2011,22.28428,9.7101182,9.3,19.277945,0.7,,77.21146034,96.59705,0.0,62903737379.7834
6504,ERI,2005,1.7618705,5.6321308,2.7,13.188953,,,58.13577563,9.96154,94.3,1098424685.66169
6505,UZB,2020,28.244019,15.525065,,28.90605,,,71.36099727,96.06212,19.3,66443265418.3086
6506,PAN,2003,19.378716,6.0645796,6.6,38.377453,11.2,,76.1866534,65.25135,0.0,13603456000.0
6507,GRD,1996,14.44229,9.7984523,6.1,,,,,,10.0,366911444.444444
6508,HRV,2014,24.372014,10.724173,9.9,21.514585,1.0,,78.05645984,96.05182,0.0,59612144078.4133
6509,PAN,2001,17.939971,5.6965914,6.3,36.577625,15.5,,76.07140858,63.09664,0.0,12252906300.0
6510,PYF,2005,40.105116,14.371192,,,,,,,,5705052134.54253
6511,JPN,1996,2.2619452,8.4550455,7.9,,,,,,0.0,4923391533851.63
6512,ECU,2016,22.804977,9.5577814,,21.979996,3.6,,77.17996695,86.98391,5.6,97671433000.0
6513,MLT,1997,24.908191,8.7688625,8.1,,,,,,0.0,3787070703.92488
6514,HTI,2015,8.9494608,17.495631,,25.833532,,,62.5149437,32.50173,96.1,14849629308.6025
6515,IRQ,2001,26.826864,11.73931,8.8,41.358597,,,69.81029867,71.07587,30.4,36176430128.8057
6516,COD,2003,2.8145228,6.2992655,3.1,17.952299,,,53.6935484,22.39297,98.4,8937567059.87754
6517,JAM,2018,30.746952,20.746464,,36.601795,,,72.51790169,86.49974,8.5,15730792876.2656
6518,CAN,1993,15.835662,7.5657889,5.5,,,,,,0.0,579053561739.4
6519,MKD,2012,22.195771,9.5351838,8.1,23.614922,6.8,,74.93753664,93.48175,29.3,9745261300.57788
6520,PRK,2005,4.6418488,7.4847728,5.4,21.642927,,,69.62778426,75.22675,97.0,
6521,NLD,2006,13.045542,6.6379845,5.7,16.770449,0.0,,79.71293798,97.89216,0.0,737593995289.411
6522,IRL,2020,27.639639,9.0653986,,23.319649,,,81.69720975,89.29065,0.0,436555518400.451
6523,UGA,1997,1.6188098,3.2325439,1.7,,,,,,99.1,6269333313.17108
6524,BWA,2002,10.883116,5.7184879,4.6,28.205582,29.8,,46.95490275,54.63514,51.8,5438863982.88692
6525,IRN,2001,15.329196,6.6213854,6.0,29.946445,,,73.7597003,78.97315,8.0,126878750295.583
6526,BIH,2013,17.644963,13.79642,9.2,17.914097,,59.0,77.21186094,95.27204,57.3,18179108530.5261
6527,MLT,2004,28.02726,10.648967,9.1,52.944519,,,78.90071191,99.96497,0.0,6104141501.07928
6528,GNB,2007,6.4506747,5.9961319,4.4,19.917892,,,53.47365795,9.94309,98.9,753162998.015113
6529,GHA,2021,12.601374,8.3623596,,20.894526,,,66.10178519,27.37524,70.1,79514204730.3979
6530,PER,1992,9.3302302,2.8178327,4.8,,,,,,88.8,35966302303.263
6531,PSE,2020,36.995775,14.632399,,30.845905,,,75.1341365,98.62574,,15531700000.0
6532,MEX,2015,31.363147,16.885696,,26.098576,,,75.93967708,88.27034,15.3,1213294467779.98
6533,TON,2007,58.548403,19.064081,18.2,31.090626,,,72.00901963,90.3103,47.8,298519623.342085
6534,SRB,1996,13.517869,7.2152309,6.5,,,,,,46.7,23277430167.5978
6535,EMR,1999,14.157164,9.9633992,7.2,,,,,,46.25,
6536,PRI,2005,29.698083,19.114558,,35.250301,,,77.60317033,,0.0,83914521300.0
6537,LBR,2018,13.692392,8.9567207,,16.831877,,,63.09159913,20.19209,99.5,3422754800.0
6538,PNG,2012,16.811723,17.616712,10.9,14.097426,,,65.16940213,18.71988,91.8,21295168665.7247
6539,CAF,2000,3.0087249,11.347186,3.8,19.775635,,,44.23425766,20.59397,99.4,916777282.691659
6540,SOM,2007,7.6265894,6.4113684,4.3,19.728426,,,49.97697257,24.56039,99.3,5430713728.89074
6541,WB_HI,2011,22.03396,9.7993672,8.5,31.651878,,,80.00535625,,,
6542,PSE,2012,34.17764,13.580957,,35.59536,,,73.09729954,94.82218,,12208400000.0
6543,CUB,2015,17.842628,13.628548,,52.175964,,,77.92972815,88.68107,7.4,87132800000.0
6544,NGA,2020,11.436427,8.3503082,,18.160633,,,62.83540426,44.35115,81.1,432198898467.795
6545,BRA,1997,11.05715,5.9099637,5.4,,,,,,13.6,883206179730.462
6546,MOZ,1995,2.2179995,4.7063593,2.9,,,,,,98.2,3061646173.73938
6547,THA,2018,12.980361,12.436559,,25.993717,,,77.14916132,98.12522,18.0,506754208404.485
6548,MDG,2003,1.3564352,5.519231,3.1,15.663136,,,59.72543671,5.18344,98.9,6372498889.66585
6549,AFG,2019,16.21054,18.178259,,31.4998,,,61.22381311,51.00348,66.7,18799444490.1128
6550,IND,2003,2.2740884,12.421069,6.4,25.445387,,,64.58440423,22.36877,73.8,607700687237.318
6551,JPN,2000,2.5870517,8.410123,8.5,29.797188,,,81.5301793,100.0,0.0,4968359075956.59
6552,PNG,1994,12.617403,13.752374,6.0,,,,,,95.1,5502786069.65174
6553,GBR,1994,14.615628,5.7724971,6.3,,,,,,0.0,1140489745944.29
6554,SEAR,1997,1.708841,9.0061791,5.2,,,,,,83.73,
6555,KIR,2004,40.240705,20.032099,16.6,40.45686,,,60.91263256,35.97978,98.8,104085892.133271
6556,SGP,2011,7.6752648,10.355051,8.9,23.44232,,,81.96030215,100.0,0.0,279356499090.458
6557,GTM,2020,25.386339,15.767673,,33.756371,,,70.95988885,68.53131,56.3,77719464220.73
6558,TUN,2013,22.501312,12.415911,11.8,28.692453,,,76.61373105,89.99605,0.3,48685446413.953
6559,SLB,2018,21.063668,5.7563469,,19.936804,,,65.55013712,34.22833,91.5,1615478393.28614
6560,KOR,2017,5.3994641,12.014645,,50.134651,,,83.09217588,99.87883,0.0,1623074183501.9
6561,RWA,2008,1.8457051,3.1484198,2.3,15.182334,,,62.1374836,56.23812,99.8,5179854064.57033
6562,BHS,2008,36.421496,14.906532,11.2,37.634937,,,72.97662842,91.77985,0.0,10526000000.0
6563,GBR,2014,25.158972,9.0600386,7.7,25.390699,0.2,,80.93676029,99.1137,0.0,3064708247921.43
6564,GNB,2021,11.016091,9.1168478,,17.679169,,,58.62801846,27.73389,99.05,1878659686.58993
6565,ARE,2014,31.890005,20.542465,8.0,60.131256,,,80.64754288,99.11194,0.0,414105366752.893
6566,THA,2005,7.2476201,7.8369975,7.2,18.273075,,,72.83579766,93.83782,33.0,189318408468.595
6567,TCD,2002,2.585935,5.3410187,3.4,23.005796,,,51.79475115,9.85771,97.6,1997005708.81576
6568,BDI,2013,3.1079454,5.5438351,2.5,14.881977,71.8,,61.79608792,45.91062,99.8,2451606632.29246
6569,MYS,2019,20.145483,21.638992,,40.14637,,,74.68410362,95.88023,11.4,365177721021.516
6570,COD,1991,1.3277928,5.1654585,2.3,,,,,,99.7,9625436872.51075
6571,PLW,2011,39.016557,21.593235,21.9,30.055582,,,,96.00932,0.0,198873900.0
6572,GHA,2019,11.976149,7.47912,,20.401337,,,65.97133363,24.99607,73.1,68352629246.1555
6573,PRK,1997,3.0021839,6.37808,4.9,,,,,,99.1,
6574,PNG,1990,11.718754,13.299783,5.2,,,,,,95.4,3219729083.06487
6575,DEU,2007,20.079425,9.9920981,6.9,17.789455,0.0,,79.79113261,99.22237,0.0,3484056680854.91
6576,NIU,1992,50.204444,18.833923,12.7,,,,,,50.8,
6577,MDV,2005,8.183372,5.1798265,7.2,24.930481,,,72.865727,81.68923,29.0,1163362437.5
6578,EST,2003,18.136863,6.2971942,8.2,12.904975,2.5,,71.87885357,99.65066,0.0,9876595528.45528
6579,PAN,2017,31.317961,8.5476778,,52.578648,2.5,,78.33177954,81.0103,0.0,64327688800.0
6580,GRC,2001,19.459888,8.8965863,7.8,29.057711,,,78.82217341,97.7086,0.0,132050474720.03
6581,MEX,2007,26.009366,16.244651,8.9,24.027262,,,75.52454869,82.89768,15.0,1102355554880.44
6582,MOZ,2001,3.2332219,5.2442186,3.5,7.6581507,,,51.31528926,11.22601,98.0,5650154067.10346
6583,STP,2013,12.163359,9.55204,5.5,17.755711,,71.0,69.94836441,37.14938,98.3,267041747.584354
6584,JOR,1994,25.739953,9.7808763,7.9,,,,,,0.5,6236295978.24531
6585,SEAR,2002,2.430036,10.214099,6.0,22.073053,,,64.96527953,29.2429,78.37,
6586,BLZ,1995,21.384397,6.6418506,6.4,,,,,,26.8,819050000.0
6587,MAR,2014,17.66246,15.532902,12.4,23.102024,,,73.12038211,81.67878,2.3,119130841411.664
6588,VNM,2021,1.8565485,10.41736,,29.519304,,,73.7965773,90.33926,2.8,366474752771.009
6589,HTI,1994,3.9915413,8.4740683,3.6,,,,,,98.1,2167569046.11837
6590,PRK,1993,2.4270909,5.8993958,4.7,,,,,,99.4,
6591,CAF,2003,3.6769081,12.226208,4.1,19.106365,64.8,,45.20505974,20.45361,99.5,1142315522.53864
6592,ISL,2008,17.747553,4.9571775,7.1,29.952341,0.0,,81.29367071,98.78708,0.0,18074622987.0185
6593,NPL,1996,0.84093129,6.8727352,5.0,,,,,,98.5,4521580381.47139
6594,WB_LI,2001,3.828112,6.3485026,3.6,18.740141,,,54.40413809,,,
6595,PLW,2002,37.140709,19.766216,17.7,34.620255,,,,92.84392,0.0,162665500.0
6596,NGA,2002,5.421441,5.4248076,3.4,21.323626,,,54.96389545,28.68635,99.3,95054059302.6995
6597,TLS,2014,1.302671,4.0126,3.9,22.373053,30.7,,67.48250838,49.67681,92.2,1447535200.0
6598,IND,2020,6.5311827,19.963895,,46.771053,,,70.1869093,72.5751,33.5,2674851578587.27
6599,UGA,2011,3.9289642,3.1059489,2.6,7.6444364,,,60.87012607,18.74505,99.1,27871725241.4723
6600,LCA,2004,20.231065,10.942052,8.2,23.808607,,,73.99518133,84.83125,9.0,1066666666.66667
6601,COK,1994,50.439948,20.248783,16.3,,,,,,26.15,
6602,FJI,2009,26.437858,17.395666,14.1,19.449017,,,67.25290005,90.9745,68.2,2870624635.68032
6603,UKR,2019,23.04863,10.37607,,12.314057,,,73.00449182,97.7416,4.9,153883047509.577
6604,TZA,1991,2.1205885,3.8843494,2.4,,,,,,99.8,7197768158.58347
6605,CPV,2016,12.825206,7.7534333,,28.308662,,,74.86326568,72.49693,23.4,1849789985.99572
6606,NPL,1992,0.59166565,6.4058088,4.3,,,,,,99.6,3401211581.29176
6607,EUR,2009,19.694577,8.3289981,8.2,25.122934,,,75.31619825,94.75262,3.1,
6608,AND,1995,12.137224,6.1298251,8.3,,,,,,0.0,1178745282.8678
6609,KWT,2014,40.924022,20.351589,14.7,62.693722,,,81.88077916,100.0,0.0,162650450784.686
6610,SDN,2005,8.6640894,10.911363,,21.778093,,,64.87410418,21.85176,82.7,35182711987.974
6611,LBN,2017,28.094995,18.318954,,53.595779,,,79.03043282,96.5614,,53027680685.9038
6612,SEN,2015,8.2468085,6.2612265,,17.558624,,,67.3624183,52.81938,71.5,17774766696.1759
6613,MHL,2019,44.636723,27.59057,,25.894844,,,,81.32845,34.4,232900000.0
6614,TTO,2004,21.8913,17.329384,7.7,37.84914,,,71.34856579,91.0531,0.0,13280291989.5755
6615,EGY,2009,35.182986,15.306889,13.6,31.867207,,,69.78931749,94.05248,1.2,189147005444.646
6616,LBR,2007,8.031261,10.153519,4.5,25.875914,68.6,,59.31134066,14.50851,99.6,1373000000.0
6617,CRI,2002,18.526317,8.4883191,6.2,42.530689,4.5,,78.85732142,94.15829,10.3,16578820687.2881
6618,SYR,2012,29.210988,14.939785,11.0,34.529015,,,64.99959827,91.63466,2.3,43190318032.5627
6619,LKA,2007,4.0666886,12.184216,6.1,23.477922,,,73.81640208,82.41688,79.8,32350238760.4239
6620,ASM,1999,68.08995,25.389552,,,,,,,,
6621,TON,2006,57.802027,18.694897,17.7,31.240644,,,72.01750935,89.73704,50.2,292232703.306768
6622,KOR,2018,5.7317417,12.449375,,51.711666,,,83.15048365,99.86642,0.0,1725373496825.43
6623,NOR,2015,17.229509,6.8418436,,34.222179,0.2,,81.99495023,98.05673,0.0,388159512245.53
6624,LBN,1993,16.060805,9.226504,7.0,,,,,,,7941744492.23595
6625,GIN,2015,6.7562588,6.6333212,,17.115421,,,59.19807943,23.04295,99.2,8794201742.84609
6626,PAN,1992,12.147362,4.3237742,4.8,,,,,,0.0,8042337700.0
6627,GEO,1991,14.062706,7.9963975,7.5,,,,,,64.4,6324503311.25828
6628,LAO,2013,4.9735684,5.7576768,5.5,15.603315,,,65.9670211,64.20895,95.2,11983252626.5452
6629,AFG,2020,17.189516,18.906741,,32.113674,,,60.49099642,52.649,65.4,19955929052.1496
6630,BFA,2021,6.3450709,9.8540522,,16.85297,,,62.29728841,24.04112,85.4,19697516284.3787
6631,SLE,1998,3.1239919,5.4795165,3.4,,,,,,100.0,672368187.114756
6632,ESP,2005,19.541073,9.9007852,8.7,36.854778,0.7,,80.00981734,99.84161,0.0,1154667551775.88
6633,BHS,2011,38.969439,16.260511,11.9,37.574688,,,72.74543627,93.36958,0.0,10070450000.0
6634,BDI,2010,2.7064873,5.3605467,2.3,15.418589,,,59.59915923,45.93007,99.8,2032135192.01248
6635,GEO,2000,18.661681,10.571241,8.9,15.347383,19.4,,71.06803049,90.0389,54.0,3057475335.18846
6636,HTI,2003,6.251128,11.667255,4.8,22.555767,,,57.92054551,20.04967,97.0,5071947798.27263
6637,UKR,2005,20.032546,7.3413998,8.1,10.727416,0.3,,67.10598289,95.20603,6.7,89238865118.5263
6638,PRI,2004,28.931984,18.396062,,34.879639,,,77.47011967,,0.0,80322313000.0
6639,BHS,1999,27.618137,10.570181,8.8,,,,,,0.0,7683870000.0
6640,STP,2022,16.455282,14.364474,,18.151239,,,,47.84265,95.8,540809499.189348
6641,PRY,2006,20.849682,7.9387292,5.6,26.287674,7.9,,74.82171264,77.66138,48.8,13429430050.261
6642,SGP,1995,4.3025218,10.697136,7.7,,,,,,0.0,87812540788.4293
6643,YEM,2004,6.4916395,8.786948,5.6,22.247263,,,65.2063964,47.16636,42.45,13867634371.4773
6644,CZE,2009,20.885679,8.2319096,9.0,23.282637,0.0,,77.27519564,99.12831,0.0,206971882704.716
6645,DJI,2009,6.221012,6.0752202,5.9,18.244944,,,61.71487892,53.63931,94.0,1049110684.72493
6646,GRL,2010,22.581175,6.4775184,,,,,,,,2503167187.49305
6647,MDG,2012,2.3211032,5.9555825,3.7,14.03514,77.6,,62.96002316,9.57498,99.0,11578975061.9479
6648,PRY,1992,13.005516,5.3552914,3.7,,,,,,55.2,7157424031.06045
6649,GRC,2007,22.62429,10.099999,8.3,31.114105,0.5,,79.45113677,98.29207,0.0,314226996944.108
6650,NER,2001,2.1433324,4.5822036,3.1,22.202818,,,50.89945855,6.0261,99.1,2448714703.96617
6651,TUR,2022,33.300826,17.652123,,44.388168,,,,99.24875,4.7,907118434653.505
6652,DOM,1993,9.9332288,4.5542464,4.4,,,,,,33.4,13081042400.0
6653,USA,2012,36.934921,11.923071,8.8,32.227585,,,78.77111574,99.8259,0.0,16253970000000.0
6654,FSM,2009,41.051078,27.225751,16.2,37.602661,,,64.68062183,61.83901,88.4,280284600.0
6655,MLT,2020,31.798294,12.800899,,42.02417,,,82.01477782,99.96447,0.0,16409900599.1964
6656,IRQ,2000,26.088861,11.511726,8.6,40.815212,,,69.48152045,70.50477,35.6,48364250943.9051
6657,SAU,2010,33.777982,16.831,12.3,55.578011,,,74.89591575,95.2505,0.0,528207466666.667
6658,COK,1992,48.949412,18.987915,15.1,,,,,,27.8,
6659,MLT,2013,30.467466,12.63096,10.0,47.011459,0.0,,81.20455704,99.96464,0.0,10796782633.5257
6660,ZAF,2014,29.023245,12.315888,9.8,47.151661,18.9,,62.78312708,71.45943,17.0,381198869776.106
6661,LVA,2010,21.128373,8.3688438,8.9,17.777258,1.7,,72.87994756,90.07176,0.0,23468324572.3343
6662,IDN,1996,2.0393549,4.0779959,4.4,,,,,,95.9,227369679374.973
6663,LBY,2014,32.999763,21.343599,13.7,41.485741,,,72.6011445,91.91247,,57372355592.022
6664,CAF,2020,8.4498078,15.667266,,16.549841,,,53.07817181,14.11863,99.2,2326720900.38047
6665,LBY,2016,34.031776,22.806793,,42.556492,,,72.63664308,92.10429,,49912073701.298
6666,MLT,2011,30.136564,12.248397,9.8,48.468754,0.2,,80.71689503,99.96469,0.0,9789361705.08927
6667,MMR,2014,5.6017354,8.9005813,6.6,21.505579,,,67.0395851,70.77458,81.7,65531374199.6663
6668,SGP,2012,8.0744609,10.482655,9.0,23.352024,,,82.21523479,100.0,0.0,295092888076.589
6669,ISL,2014,19.154127,5.6063738,7.1,27.984083,0.0,,82.09822512,98.78355,0.0,17867662177.8911
6670,CHL,2006,24.946864,9.5033929,9.3,26.59963,2.4,,78.48262712,95.22913,0.0,153843518170.864
6671,BIH,2022,21.193913,19.679707,,21.074688,,,,,60.7,24534663636.1778
6672,PLW,2009,38.654071,21.768659,21.1,30.990902,,,,95.34782,0.0,189998000.0
6673,KEN,2020,11.4121,4.0863037,,9.1283913,,,66.79345007,35.70382,76.95,100657505750.545
6674,MDG,2008,1.8536963,5.7899058,3.4,14.667747,,,62.01528236,7.58477,99.0,10725137723.6549
6675,ALB,1999,12.471165,5.6040525,5.5,,,,,,65.7,3283941510.49964
6676,ZAF,2017,29.641983,12.384184,,46.213257,,,64.74836762,73.8356,14.2,381448814653.456
6677,BHR,2013,32.150361,14.209662,8.3,35.703533,,,75.02710867,99.99734,0.0,33823324468.0851
6678,MDG,1995,0.81355255,4.731787,2.6,,,,,,98.6,3838100903.74974
6679,BGD,2010,2.1226531,12.882747,7.1,20.800005,19.6,,70.06425679,40.64187,87.4,115275540051.262
6680,TCD,2013,4.6458583,6.7958958,4.5,19.702194,,,57.01481483,11.06572,96.5,17865316886.3315
6681,TLS,2006,0.76549505,3.2416321,3.8,19.138992,,,65.99128891,40.39526,97.6,453792400.0
6682,SEN,2011,7.4558847,6.2980242,4.9,18.502525,38.0,,65.97224307,48.55015,67.9,17814283639.3119
6683,CPV,1995,4.7822047,6.5435775,4.2,,,,,,39.5,487148993.533109
6684,THA,2010,9.1482021,9.0895347,8.6,20.982809,0.1,,75.29127601,95.39078,26.9,341104766329.17
6685,DNK,2006,11.995433,3.962047,6.0,22.184631,0.2,,78.19096238,99.59724,0.0,283386151543.687
6686,MHL,1999,37.343049,24.677327,14.5,,,,,,94.5,113352100.0
6687,ATG,2006,22.933181,13.672708,8.8,32.056858,,,75.54507792,,0.0,1303674074.07407
6688,PAK,2013,13.577782,17.062972,9.6,36.958393,6.1,58.0,65.10777782,54.90051,60.8,258657231672.412
6689,PNG,2020,19.635858,18.420713,,12.62931,,,66.27049986,19.22383,90.2,23848447849.6081
6690,VUT,2018,19.965616,17.427732,,8.1764174,,,67.04714117,48.87404,84.5,914727908.137793
6691,KOR,2010,3.7247948,9.6306853,8.4,39.762314,0.5,,80.53713356,99.9657,0.0,1143672241149.72
6692,SUR,2003,17.475568,11.659914,8.7,37.475304,,,70.50252643,78.99357,20.4,1274190311.41869
6693,KIR,2005,40.664646,20.23035,17.2,39.940948,,,61.01859221,36.74003,98.6,113895437.324786
6694,ECU,2017,23.518725,9.9355876,,22.081255,3.2,,77.31252311,88.08773,5.5,104467486000.0
6695,OMN,2015,26.511091,14.662704,,37.382935,,,73.77326508,99.31901,0.0,78710793237.9714
6696,COL,2022,23.615474,12.502851,,34.429096,,,,94.73098,8.5,345632492851.448
6697,ALB,2000,12.762256,5.7817075,5.7,20.314325,,,73.68285742,89.48867,63.4,3584570164.85195
6698,CIV,2012,8.1740722,6.4704612,4.8,21.667362,,,58.54983117,29.10965,79.1,36302302877.2977
6699,NIC,2000,19.700073,6.4419292,5.7,30.939335,,,76.18011127,57.07291,66.1,5109587049.97449
6700,LTU,1994,19.700396,6.9280311,8.2,,,,,,0.0,
6701,NIC,2021,33.008492,12.224625,,38.375839,,,75.02796138,,42.3,14209020361.8508
6702,PRK,2003,4.1607112,7.1382456,5.2,21.218699,,,69.38323785,75.20582,97.9,
6703,MEX,2019,33.996403,15.300725,,27.160063,,,75.8344286,90.77656,15.0,1304106203902.45
6704,LKA,2016,7.393799,19.893104,,31.372837,0.8,,76.7665914,89.92305,72.6,88000211171.5956
6705,LKA,2004,3.2722555,10.461398,5.5,21.142132,,,69.11941478,79.97583,81.1,20662525941.2985
6706,KOR,2000,2.3268601,7.591112,7.0,26.99888,,,75.85981554,100.0,0.0,576179387819.613
6707,WPR,2012,4.89129,8.1749313,8.5,23.910089,,,75.95105819,80.76469,34.26,
6708,WB_UMI,2012,10.956123,9.0177484,8.9,23.900677,,,73.925872,,,
6709,IRN,2012,19.941032,9.9464916,9.4,38.334763,,,77.0924022,86.40189,2.9,644019315003.54
6710,TLS,2013,1.2150239,3.8732029,3.9,21.898159,,93.0,67.45652515,48.54625,93.2,1395727400.0
6711,BDI,2007,2.3339599,5.3353868,2.1,16.053137,,,56.45412415,45.91453,99.8,1356199387.42308
6712,SDN,1999,6.3988931,10.141236,,,,,,,94.5,10682028339.6898
6713,CMR,1995,4.6486657,3.9615046,3.2,,,,,,93.6,10864772470.9043
6714,TCD,1991,1.0315707,4.567704,2.5,,,,,,95.2,1877137981.75712
6715,NGA,1999,4.3944847,5.3221747,3.2,,,,,,99.4,59145077039.1437
6716,KNA,1998,26.713711,10.00532,8.6,,,,,,0.0,383257331.40548
6717,POL,2006,19.371687,7.0323333,7.9,25.771597,0.0,,75.11534037,91.58674,0.0,345897630736.173
6718,BDI,2006,2.2129226,5.3251978,2.0,16.278543,77.7,,54.95514765,45.90239,99.8,1273375078.44844
6719,RWA,2014,2.8061675,3.4784414,2.8,11.940874,,,66.67115526,64.43966,99.2,8238966119.55292
6720,WB_LMI,2005,6.2158849,10.557093,6.4,24.695919,,,64.51534212,,,
6721,DZA,2021,23.295239,17.461106,,28.730616,,,75.97765182,85.7843,0.3,186231205262.082
6722,PER,1998,11.351102,2.9950961,5.2,,,,,,67.2,55501467877.381
6723,PYF,1993,35.426185,10.828051,,,,,,,,3544608548.41734
6724,ARE,2004,27.728507,19.347985,8.5,50.377232,,,78.88949949,99.1453,0.0,147824370319.946
6725,GEO,1999,18.059538,10.352415,8.7,,,,,,55.25,2800025882.71672
6726,BGD,2012,2.5124423,13.505219,7.5,20.648369,,,72.09310158,43.88689,85.5,133310747603.483
6727,TJK,1997,9.4301626,7.0134245,4.1,,,,,,72.4,921518032.909326
6728,JPN,2019,4.9390111,10.417376,,42.324581,,,84.46675304,99.94653,0.0,5117993853016.51
6729,ZAF,2004,25.309387,11.635605,7.7,49.296124,,,52.24650084,63.05867,34.9,255806908594.573
6730,CUB,2004,12.485951,10.482521,8.0,37.745747,,,77.44558258,83.30088,24.1,38203000000.0
6731,CUB,2008,14.366469,11.796717,8.7,42.932232,,,77.87743841,85.25232,15.4,56302129629.6296
6732,WB_HI,2022,25.880381,12.615749,,32.69136,,,,,,
6733,SSD,1994,2.0398047,4.7163054,,,,,,,99.1,
6734,ISR,2022,22.490714,9.3882978,,26.558695,,,,99.92452,0.0,525181008025.57
6735,SLB,2022,22.602381,5.5032592,,17.460873,,,,,91.4,1566360686.10632
6736,ETH,1997,0.53090625,4.4874243,2.6,,,,,,99.2,8803539988.33248
6737,COM,1992,3.5327498,3.5453994,3.1,,,,,,99.9,457388651.500941
6738,PRY,2005,20.249392,7.7219054,5.5,25.793457,6.1,,74.85137666,76.51007,49.8,10737500188.1123
6739,BWA,2022,18.290879,7.087227,,22.275454,,,,80.55082,34.0,20321150598.0672
6740,PLW,2005,37.83938,21.115047,19.2,32.954979,,,,93.90362,0.0,191048400.0
6741,BEL,2017,18.787187,8.0786578,,29.863253,,,81.1512532,99.48618,0.0,500908767351.53
6742,NAM,2003,11.110135,6.7585424,4.1,36.080563,31.5,,51.39447349,29.24864,64.2,4926439383.51425
6743,MNG,2019,22.158191,11.805452,,23.740688,,,70.7501793,67.79234,49.7,14206359017.5143
6744,SYR,1991,17.596009,9.4589084,5.5,,,,,,5.1,12981833333.3333
6745,PRK,2014,7.3338293,10.245072,6.2,24.035292,,,71.13791927,80.93018,92.0,
6746,MLT,2015,30.79243,12.854657,,45.547749,0.0,,81.67976101,99.96459,0.0,11340795032.9304
6747,ARG,2005,21.344173,8.7583549,8.9,34.630672,3.9,,75.25530861,89.99973,2.0,198737095012.282
6748,LUX,1990,12.594619,5.1140305,6.1,,,,,,0.0,12778792853.6939
6749,NZL,2008,27.263945,7.9946414,8.0,20.684135,,,80.3067588,100.0,0.0,133437126590.286
6750,NOR,1994,9.3415238,5.5859759,5.9,,,,,,0.0,127131319428.701
6751,LBY,1995,20.924667,11.059235,7.8,,,,,,,25541379186.6458
6752,TUV,2005,55.400389,16.954425,18.6,34.413425,,,,82.32221,81.6,22909979.8163078
6753,SGP,2010,7.2993159,10.261727,8.8,23.540663,,,81.76163848,100.0,0.0,239807980591.24
6754,MEX,2020,34.667337,14.871238,,27.432745,,,70.94625179,91.38534,15.0,1121064767401.51
6755,IRL,1995,16.030404,4.7812406,5.5,,,,,,0.0,69139823232.3232
6756,HTI,2022,10.68923,21.259961,,28.299654,,,,37.47588,95.6,20253551920.5516
6757,CHN,2019,6.8968594,11.254458,,23.026972,,,77.31273653,91.28814,18.4,14560167101283.4
6758,ARM,2009,19.032504,10.056257,10.8,24.126469,1.9,,72.73278531,90.48803,4.8,8647937081.2562
6759,LBN,2014,26.997644,16.316856,12.6,50.375259,,,78.22558226,92.63387,,48095213746.6003
6760,AFG,2009,8.3469242,12.949967,7.4,25.900749,,,58.52946588,33.79896,81.7,12416152732.0567
6761,GRC,2020,27.232116,12.012863,,34.62463,,,80.6317386,98.99375,0.0,191362985554.861
6762,MDG,2005,1.5431084,5.6557909,3.2,15.237227,72.0,,60.67184175,6.12117,98.9,5859269752.61332
6763,LSO,1997,9.6139543,4.8617851,4.5,,,,,,88.2,998004258.715675
6764,MNG,2017,20.895976,10.411418,,21.423185,,,70.09899409,65.25597,52.8,11480847740.736
6765,PNG,2017,18.45503,18.045302,,13.015157,,,66.39410121,19.00846,90.7,22742699138.356
6766,BEN,2016,9.1181844,7.2359897,,17.251057,,,63.0021663,16.77249,94.8,11821065853.3838
6767,ATG,2011,26.168439,16.393204,10.6,33.878334,,,75.62067241,97.36778,0.0,1287359259.25926
6768,CMR,2021,14.498155,14.522357,,18.948074,,,61.76934896,42.90563,71.6,45011937346.8384
6769,EST,2009,20.302601,7.482104,8.8,14.001905,0.5,,75.04425699,99.32204,0.0,19633984440.1223
6770,DJI,2002,4.3084856,5.6016088,5.6,19.785824,20.6,,59.49469647,47.09451,95.8,591122039.601398
6771,KGZ,1992,9.5405467,6.0856156,4.8,,,,,,58.8,2315346942.855
6772,IRL,1990,13.166203,4.6689071,5.0,,,,,,0.0,49305632408.4929
6773,MMR,2001,3.3686951,6.1951388,4.3,21.444317,,,59.77708716,64.01388,98.0,6477790688.22844
6774,ECU,1993,10.638336,4.408114,4.2,,,,,,21.8,18938717358.6793
6775,RUS,2021,23.983781,10.334086,,17.65947,,,70.017337,89.18008,0.0,1829186719575.1
6776,PRY,1995,14.518616,5.8763463,4.1,,,,,,53.0,9062131475.02318
6777,URY,1999,16.996616,10.316242,9.2,,,,,,0.0,23983945190.6202
6778,EMR,1997,13.116959,9.5093004,6.8,,,,,,49.91,
6779,ATG,2020,31.896877,21.177574,,37.305454,,,77.61326031,97.40142,0.0,1411637037.03704
6780,JAM,2001,17.796536,9.0900607,7.4,28.410679,,,72.14321688,82.82578,24.1,9194727831.07318
6781,LBY,2021,36.27075,25.517541,,45.066658,,,72.17844009,92.106,,35217995647.2862
6782,KOR,2007,3.2234769,8.8411368,7.8,35.660069,,,79.37954426,100.0,0.0,1172614086539.86
6783,PLW,2022,41.141659,18.664236,,25.959799,,,,99.01851,0.0,255591100.0
6784,PRT,2019,20.743756,11.194866,,50.396805,,,81.36750616,99.64512,0.0,240115970063.019
6785,DMA,1990,11.889074,9.8138899,6.0,,,,,,32.7,201429629.62963
6786,SSD,1999,2.7002379,5.1930331,,,,,,,99.5,
6787,BWA,2016,16.004775,6.4311057,,23.672503,,,62.99012308,76.01731,36.9,15082637184.0496
6788,ESP,2011,19.167995,8.6541682,9.1,31.635073,1.2,,81.81256597,99.88466,0.0,1487568659241.25
6789,COL,1994,9.1826268,4.5361858,4.9,,,,,,29.8,81705497616.5703
6790,MWI,2008,3.5961822,4.6940152,3.8,8.6998386,,,54.26093144,18.44887,97.7,7743617352.21427
6791,TKM,1997,10.596906,11.708827,5.0,,,,,,1.2,2450350625.10407
6792,FJI,1991,19.177246,9.1600709,7.7,,,,,,72.95,1383883249.591
6793,COM,1991,3.3414979,3.4571189,3.0,,,,,,99.9,424108769.502231
6794,TKM,2017,19.360942,14.081337,,12.858716,,,68.97743987,98.19458,0.1,37926285714.2857
6795,UZB,1993,8.8925861,5.7609435,4.3,,,,,,21.8,13099920055.9608
6796,MEX,2003,23.521231,14.230081,8.1,23.075485,,,74.62788874,80.01051,15.7,765549967888.647
6797,NER,2006,3.0195432,4.9092203,3.5,20.860155,,,55.74288168,8.49859,98.9,4756361252.37923
6798,TON,2009,60.167843,19.750659,19.1,30.869808,1.1,,70.18279546,91.4569,43.1,312415028.446113
6799,USA,2022,41.986719,15.812118,,33.736992,,,,99.63161,0.0,26006893000000.0
6800,ARM,2014,21.177164,10.940582,12.3,24.924711,2.3,,74.19757704,92.5001,2.6,11609513246.7958
6801,CPV,2022,15.772428,7.8806996,,31.234873,,,,83.0453,17.0,2247003344.34242
6802,ZMB,2014,7.5150371,6.0207047,4.2,14.980349,,,59.98021269,31.65122,85.5,27141023558.0829
6803,HRV,2002,16.391273,7.4901924,7.6,13.615474,,,75.01293534,98.27854,0.0,26757722428.6781
6804,EMR,1996,12.62576,9.2831053,6.6,,,,,,51.88,
6805,GAB,1995,7.3557951,7.8740768,5.9,,,,,,45.0,4958845648.04778
6806,THA,1990,3.4071028,4.6744812,4.3,,,,,,57.7,85343190719.0107
6807,CUB,2014,17.324024,13.439897,10.2,50.860889,,,78.1433227,88.19083,8.2,80656100000.0
6808,STP,1996,4.9746294,6.0155634,5.0,,,,,,99.8,135188165.74708
6809,GRL,1994,15.001883,4.1879732,,,,,,,,1005887539.32049
6810,EUR,2014,20.785978,9.2562191,8.9,24.816517,,,76.88838577,95.78874,2.7,
6811,SDN,2002,7.4827164,10.720982,,22.535879,,,63.22443726,20.6232,89.6,18137128388.3606
6812,BLZ,2020,40.848327,15.59131,,40.678947,,,74.69437572,88.21428,16.8,2042850000.0
6813,WB_LI,2016,7.3672727,7.6425217,,16.968697,,,62.96122947,,,
6814,PYF,2003,39.361686,13.892773,,,,,,,,4927780606.7707
6815,GAB,1991,5.9209194,7.3894806,5.3,,,,,,53.8,5402919784.57004
6816,TUR,1990,18.332148,5.7233982,5.9,,,,,,22.55,150655500191.644
6817,AFR,2018,10.718369,7.7574693,,17.791935,,,63.77580177,34.22714,80.39,
6818,STP,1995,4.6293136,5.9215244,5.0,,,,,,99.8,103695236.781001
6819,GHA,2006,8.5483856,4.3025348,4.1,18.364243,,,60.34619824,10.96385,89.2,20885037596.6963
6820,JAM,1991,11.036038,5.9182286,5.3,,,,,,47.0,4106207649.05547
6821,AMR,1996,17.520384,7.5285077,6.2,,,,,,14.85,
6822,BHS,2022,47.25754,20.610099,,37.167393,,,,,0.0,13896800000.0
6823,SOM,2003,6.2095843,6.2303949,4.0,20.593231,,,49.50039991,22.13137,99.5,2836724351.5616
6824,CAF,1995,2.1261722,9.794879,3.3,,,,,,99.4,1115389673.69197
6825,ALB,2016,19.649351,10.691635,,22.460785,,,77.87870915,98.1079,22.0,11988668784.6628
6826,FIN,2010,18.98731,7.9330571,7.6,17.788904,0.0,,79.86591036,99.44808,0.0,249429613683.334
6827,UKR,2003,19.381897,7.0847973,8.0,10.520816,0.6,,67.52472284,94.76325,7.5,52010355753.0461
6828,MYS,2022,22.095373,25.423917,,39.900253,,,,95.99614,14.7,407605841348.235
6829,KNA,2019,43.586189,20.256908,,40.389572,,,,,0.0,1107855555.55556
6830,ECU,2011,19.46319,7.837718,6.6,21.635578,4.7,,75.58177801,81.48383,6.2,78986648000.0
6831,FSM,2020,46.089104,30.289274,,30.385441,,,65.67162273,90.4539,86.7,372902690.041619
6832,BIH,2017,19.06873,16.211517,,19.168495,,,77.24910311,95.36024,58.7,18326373366.1105
6833,TCD,2008,3.8357977,5.9868366,4.0,21.331375,,,54.40322043,10.36152,97.6,13385593990.3378
6834,BEL,2009,17.270274,6.1146203,6.4,38.003193,0.0,,79.82665275,99.4861,0.0,485014525992.461
6835,CZE,2001,19.286588,6.8925925,8.1,24.011877,,,75.30051991,99.11313,0.0,68135304463.9641
6836,GIN,1997,2.1128749,4.8046589,3.1,,,,,,99.4,5516916163.0949
6837,HTI,2006,6.9859378,13.001822,5.3,23.335518,,,59.24644609,23.05187,96.6,7638739122.67242
6838,IDN,2005,3.6488336,4.6400573,5.7,15.577923,21.1,,68.2347183,50.84598,83.7,285868619196.085
6839,AND,2009,16.25946,8.510109,8.7,32.263737,,,,100.0,0.0,3688976340.7549
6840,BMU,1992,13.402387,9.3377762,,,,,,,,1679900000.0
6841,GNB,2004,5.4448463,5.6698155,4.1,20.479149,,,51.76786398,6.54982,98.8,582169841.298304
6842,SEAR,1991,1.115865,8.067777,4.3,,,,,,88.89,
6843,WB_UMI,2010,10.211769,8.429762,8.4,23.408342,,,73.03544767,,,
6844,IDN,1995,1.927535,4.0656425,4.3,,,,,,96.4,202132028723.115
6845,KAZ,2020,17.872906,10.122656,,27.058878,,,71.3205391,97.86712,5.8,171082365861.423
6846,GNQ,1996,7.6431431,7.6139554,3.4,,,,,,82.8,232463022.802961
6847,HTI,2019,9.8911174,19.53724,,27.173,,,63.66018845,36.93853,95.8,15016090929.5125
6848,GEO,1995,15.888478,9.239623,8.0,,,,,,59.4,2693732611.81599
6849,MHL,1990,33.715326,19.101332,10.6,,,,,,98.9,78476000.0
6850,COM,2002,6.4584613,4.1101057,4.1,10.17221,,,63.12089097,31.05183,99.2,425964681.044378
6851,KWT,2018,41.046366,24.642313,,63.055092,,,82.93662831,100.0,0.0,138646316321.596
6852,GTM,2005,15.573642,11.157051,6.4,14.664459,,,69.30530428,63.49275,62.3,26783389293.922
6853,URY,1992,13.252139,8.7323867,8.8,,,,,,0.0,12878148790.7348
6854,LBR,2002,5.7251114,9.4513625,4.0,30.36198,,,53.66640831,12.65739,99.5,927000000.0
6855,NIU,2022,66.576672,28.929824,,7.3570952,,,,97.42536,1.5,
6856,ERI,2021,4.5424946,7.2905615,,11.772535,,,63.57308435,,88.0,
6857,GIN,2018,7.809855,7.2824016,,16.831627,,,60.65900972,26.43154,99.1,11857030366.7891
6858,PAN,2004,20.115945,6.2626854,6.8,39.304798,10.1,,76.4816701,66.33694,0.0,15100203400.0
6859,BTN,2002,3.8738515,9.8155037,7.1,12.0359,,,67.84566543,49.15474,65.9,559345263.708309
6860,CUB,2010,15.332413,12.398698,9.2,45.579033,,,77.83366676,86.23159,12.35,59562962962.963
6861,VCT,2017,29.796115,14.565673,,28.793884,,,73.09125438,89.67217,6.7,844040740.740741
6862,MKD,1995,15.3412,5.8245607,6.5,,,,,,53.9,4707041315.24202
6863,NRU,2009,66.694438,22.709098,27.9,40.250309,,,,65.7352,0.0,44024969.9491252
6864,EGY,2017,41.080096,21.934848,,33.064156,,,71.25138812,96.56299,0.1,248362771739.13
6865,CRI,1994,13.537048,5.6834847,4.8,,,,,,13.8,10489903725.0032
6866,PLW,2010,38.840416,21.712022,21.5,30.518702,,,,95.68347,0.0,188174300.0
6867,AMR,1995,16.8823,7.3722914,6.1,,,,,,15.5,
6868,JOR,2015,37.154844,14.429058,,27.945339,,,78.50941007,97.56282,0.1,38587017887.3239
6869,PHL,2000,3.3073116,4.175882,4.4,13.767855,14.5,,69.97452897,64.23493,62.6,83669788376.9213
6870,KHM,1998,0.8568842,3.3022821,3.8,,,,,,97.6,3120425502.66241
6871,KWT,2016,40.925047,22.551312,,62.89959,,,82.54800559,100.0,0.0,109406674087.947
6872,GEO,2019,32.458889,11.785911,,22.62146,,,73.85275108,86.53208,12.1,17638337116.9126
6873,SWZ,2008,20.769376,7.3476374,5.9,22.34453,,,44.27535626,54.7678,64.1,3294084314.15058
6874,SYC,2014,25.832227,15.955471,10.1,20.887972,,,73.23814592,98.81747,0.0,1387577870.08161
6875,RWA,1996,0.79612387,2.8020348,1.4,,,,,,99.9,1382334879.40812
6876,ERI,1991,0.70886528,4.3581262,1.7,,,,,,98.5,
6877,NAM,2007,12.626123,7.1232498,4.6,33.653545,,,56.83641554,30.97873,61.3,8839536475.99963
6878,SLB,2007,17.614134,6.5308854,8.9,29.251503,,,63.76837921,23.99434,91.7,695295347.621537
6879,ERI,2011,2.5147974,5.89003,3.1,12.191774,,,60.90743675,11.37354,91.5,2065001626.01626
6880,WB_LMI,1995,4.0266778,8.3306789,5.0,,,,,,,
6881,NIU,2010,60.181028,29.350957,23.9,11.381362,,,,99.08402,6.0,
6882,BGR,1996,12.6671,7.312189,7.5,,,,,,,12294964837.6235
6883,MDV,1998,5.5882033,4.7884639,5.9,,,,,,87.0,540096397.621071
6884,EMR,2017,25.223345,17.631996,,37.964832,,,69.50810208,75.41384,29.21,
6885,GRL,2018,25.416666,7.0098974,,,,,,,,3055782146.15957
6886,MMR,1998,2.9138584,5.9968516,3.9,,,,,,98.8,6459461639.30243
6887,EMR,2016,24.527539,17.028235,,37.464325,,,69.2312657,74.5054,29.64,
6888,FSM,2022,47.100437,30.668095,,29.312151,,,,,86.7,415956896.458884
6889,KEN,1995,3.0507471,3.4426302,2.4,,,,,,99.4,9046320255.40507
6890,BRA,2019,25.232354,12.206113,,39.008446,,,75.47815778,89.2988,3.7,1873288205059.69
6891,KIR,2012,43.17975,19.664402,21.0,36.337936,,,61.47703351,41.31816,95.9,207001545.867109
6892,ALB,2021,22.687043,13.158968,,23.940998,,,76.39089034,99.29903,15.5,18032009220.4405
6893,CHN,2011,4.2217463,7.8987822,8.4,21.274679,7.9,,75.03511843,77.65125,39.7,7671757207851.29
6894,CZE,2012,21.837513,8.8676758,9.4,23.186752,0.0,,77.96926876,99.13387,0.0,210363223087.728
6895,USA,2015,38.44766,12.865439,,32.652073,,,78.61058161,99.76232,0.0,18295019000000.0
6896,BGD,2018,4.0220205,15.237622,,20.352579,,,73.67380343,53.37426,78.0,321362752441.78
6897,LKA,2014,6.5056309,17.813458,7.9,29.509041,,,76.17612763,88.23107,74.6,82528535713.926
6898,SYC,2013,25.472069,16.063541,9.8,21.002544,1.1,,73.28849847,98.57488,0.0,1333160407.38516
6899,PHL,2008,4.8545882,5.0609011,5.2,22.917484,,,69.54674107,68.90063,60.0,181624626327.361
6900,GNB,1999,3.8112983,5.3241912,3.5,,,,,,98.6,579365780.135134
6901,SSD,2015,6.1038628,6.2258657,,16.514561,,,59.27637583,10.894,100.0,11997800760.2242
6902,SRB,1997,13.704628,7.3576607,6.6,,,,,,45.8,27153408994.8074
6903,TUN,2014,22.977675,12.919338,12.2,29.200363,,,76.6974822,91.05903,0.2,50271812920.612
6904,WB_UMI,2004,8.3832614,7.030715,6.9,22.113268,,,70.37973198,,,
6905,AUS,2003,21.421805,5.5693254,6.9,26.632198,1.0,,80.56634063,99.99225,0.0,467739079790.332
6906,ALB,2002,13.401754,6.1612204,6.1,20.392864,2.0,,75.48885772,90.60551,57.7,4515003116.68036
6907,JPN,2017,4.5944721,9.9279016,,40.770931,,,84.25809871,99.95242,0.0,4930837369151.42
6908,NPL,2002,1.4569627,7.8674391,6.4,11.021979,,,66.45258988,19.07652,92.0,6050875806.66403
6909,EGY,1990,19.440414,8.4714435,8.0,,,,,,61.3,42978914311.3504
6910,MLT,2009,29.714024,11.834136,9.7,49.863323,0.5,,80.24911661,99.96475,0.0,8734745632.03365
6911,MMR,2007,4.3899324,6.9633931,5.2,21.513739,,,62.77565744,67.30018,94.5,20182477480.5512
6912,COM,1995,4.1876439,3.8141798,3.4,,,,,,99.8,398461797.009413
6913,TKL,2018,67.906702,32.896507,,,,,,,70.2,
6914,JPN,2012,3.8877066,8.9092605,10.0,37.142864,,,83.32740995,99.96715,0.0,6272362996105.03
6915,TUV,2012,58.894593,15.52636,22.2,29.561277,,,,83.12863,44.7,39345579.4723758
6916,FSM,2002,38.312513,21.465716,12.9,43.061058,,,62.91664429,33.22411,89.2,242517200.0
6917,CHL,2004,23.510888,8.842048,8.9,25.453114,,,77.54890712,94.28066,0.0,99075985773.6682
6918,VNM,1995,0.23958043,3.9974973,3.3,,,,,,96.4,20736164458.9505
6919,NIU,2005,57.576507,27.322632,20.6,14.482199,,,,99.50206,13.3,
6920,MYS,2000,9.2855766,9.964934,7.1,41.087479,,,73.01343106,93.10424,2.1,93789736842.1053
6921,AND,2020,17.7233,9.450382,,27.805143,,,,100.0,0.0,2891001149.3611
6922,NIC,2005,23.01697,7.9032578,6.5,32.626209,8.3,,75.7199093,61.99456,60.8,6321324279.14826
6923,VUT,1990,13.982101,5.3187639,6.3,,,,,,90.8,168879207.244148
6924,PYF,2013,43.481007,15.768711,,,,,,,,6031827122.60663
6925,CPV,1994,4.472455,6.383232,4.1,,,,,,39.7,406580652.330537
6926,BWA,2012,14.725295,6.1408114,5.7,24.933893,,,59.74879487,70.14986,39.5,13907464500.1489
6927,PNG,1998,13.471699,14.325042,6.8,,,,,,94.7,3789443014.61662
6928,IDN,2000,2.5978271,4.188595,5.0,15.183696,39.3,,67.20520958,40.21726,93.3,165021012077.81
6929,JOR,2000,29.978976,12.00354,9.0,26.214767,,,72.72227433,98.73739,0.2,8460789844.8519
